2025-06-15 14:41:05,420 [INFO] Activator:176 - 


2025-06-15 14:41:05,426 [INFO] Activator:177 - !SESSION log4j initialized
2025-06-15 14:41:10,896 [INFO] LogOutputStream:77 - [STDOUT_REDIRECT] 
2025-06-15 14:41:32,200 [ERROR] LogOutputStream:75 - [STDERR_REDIRECT] SLF4J: Failed to load class "org.slf4j.impl.StaticLoggerBinder".
2025-06-15 14:41:32,200 [ERROR] LogOutputStream:75 - [STDERR_REDIRECT] SLF4J: Defaulting to no-operation (NOP) logger implementation
2025-06-15 14:41:32,202 [ERROR] LogOutputStream:75 - [STDERR_REDIRECT] SLF4J: See http://www.slf4j.org/codes.html#StaticLoggerBinder for further details.
2025-06-15 14:51:12,184 [INFO] ApplicationProperties:184 - Using Application install path: C:\ST\STM32CubeIDE_1.12.1\STM32CubeIDE\plugins\com.st.stm32cube.common.mx_6.8.1.202304191431
2025-06-15 14:51:12,209 [INFO] DbMcusXml:78 - Set database path to: C:\ST\STM32CubeIDE_1.12.1\STM32CubeIDE\plugins\com.st.stm32cube.common.mx_6.8.1.202304191431\\db\/mcu/
2025-06-15 14:51:12,209 [INFO] ApiDb:274 - Set plugin database path to: C:\ST\STM32CubeIDE_1.12.1\STM32CubeIDE\plugins\com.st.stm32cube.common.mx_6.8.1.202304191431\\db\/plugins/boardmanager/
2025-06-15 14:51:12,211 [WARN] ApiDb:259 - Overriding images path with different value:  => C:\ST\STM32CubeIDE_1.12.1\STM32CubeIDE\plugins\com.st.stm32cube.common.mx_6.8.1.202304191431\\db\/plugins/mcufinder/images/
2025-06-15 14:51:12,227 [INFO] ApiDb:250 - Set database path to: C:\Users\LEGION\.stmcufinder\plugins\mcufinder//mcu/
2025-06-15 14:51:12,229 [INFO] DbMcusAds:125 - Set database path to: C:\Users\LEGION\.stmcufinder\plugins\mcufinder//mcu/
2025-06-15 14:51:12,472 [INFO] CrossReferenceDbSqlite:203 - Set database path to: C:\Users\LEGION\.stmcufinder\plugins\mcufinder//mcu/cs/
2025-06-15 14:51:12,585 [INFO] RulesReader:64 - Compatibility file has been processed (293 Rules)
2025-06-15 14:51:12,684 [INFO] DbMcusXml:78 - Set database path to: C:\ST\STM32CubeIDE_1.12.1\STM32CubeIDE\plugins\com.st.stm32cube.common.mx_6.8.1.202304191431\\db\/mcu/
2025-06-15 14:51:12,684 [INFO] ApiDb:274 - Set plugin database path to: C:\ST\STM32CubeIDE_1.12.1\STM32CubeIDE\plugins\com.st.stm32cube.common.mx_6.8.1.202304191431\\db\/plugins/boardmanager/
2025-06-15 14:51:12,684 [INFO] ApiDb:261 - Set plugin images path to: C:\ST\STM32CubeIDE_1.12.1\STM32CubeIDE\plugins\com.st.stm32cube.common.mx_6.8.1.202304191431\\db\/plugins/mcufinder/images/
2025-06-15 14:51:12,685 [WARN] DbFile:41 - Overriding database path with different value: C:\Users\LEGION\.stmcufinder\plugins\mcufinder/ => C:\Users\LEGION\.stmcufinder\plugins\mcufinder
2025-06-15 14:51:12,685 [INFO] ApiDb:250 - Set database path to: C:\Users\LEGION\.stmcufinder\plugins\mcufinder//mcu/
2025-06-15 14:51:12,685 [WARN] DbFile:41 - Overriding database path with different value: C:\Users\LEGION\.stmcufinder\plugins\mcufinder/ => C:\Users\LEGION\.stmcufinder\plugins\mcufinder
2025-06-15 14:51:12,685 [INFO] DbMcusAds:125 - Set database path to: C:\Users\LEGION\.stmcufinder\plugins\mcufinder//mcu/
2025-06-15 14:51:12,685 [WARN] DbFile:41 - Overriding database path with different value: C:\Users\LEGION\.stmcufinder\plugins\mcufinder/ => C:\Users\LEGION\.stmcufinder\plugins\mcufinder
2025-06-15 14:51:12,685 [WARN] DbFile:41 - Overriding database path with different value: C:\Users\LEGION\.stmcufinder\plugins\mcufinder/ => C:\Users\LEGION\.stmcufinder\plugins\mcufinder
2025-06-15 14:51:12,685 [INFO] CrossReferenceDbSqlite:203 - Set database path to: C:\Users\LEGION\.stmcufinder\plugins\mcufinder//mcu/cs/
2025-06-15 14:51:12,770 [INFO] MainPanel:253 - HeapMemory: 652214272
2025-06-15 14:51:12,892 [INFO] DbMcusXml:78 - Set database path to: C:\ST\STM32CubeIDE_1.12.1\STM32CubeIDE\plugins\com.st.stm32cube.common.mx_6.8.1.202304191431\\db\/mcu/
2025-06-15 14:51:12,893 [INFO] ApiDb:274 - Set plugin database path to: C:\ST\STM32CubeIDE_1.12.1\STM32CubeIDE\plugins\com.st.stm32cube.common.mx_6.8.1.202304191431\\db\/plugins/boardmanager/
2025-06-15 14:51:12,893 [INFO] ApiDb:261 - Set plugin images path to: C:\ST\STM32CubeIDE_1.12.1\STM32CubeIDE\plugins\com.st.stm32cube.common.mx_6.8.1.202304191431\\db\/plugins/mcufinder/images/
2025-06-15 14:51:12,893 [WARN] DbFile:41 - Overriding database path with different value: C:\Users\LEGION\.stmcufinder\plugins\mcufinder/ => C:\Users\LEGION\.stmcufinder\plugins\mcufinder
2025-06-15 14:51:12,894 [INFO] ApiDb:250 - Set database path to: C:\Users\LEGION\.stmcufinder\plugins\mcufinder//mcu/
2025-06-15 14:51:12,894 [WARN] DbFile:41 - Overriding database path with different value: C:\Users\LEGION\.stmcufinder\plugins\mcufinder/ => C:\Users\LEGION\.stmcufinder\plugins\mcufinder
2025-06-15 14:51:12,894 [INFO] DbMcusAds:125 - Set database path to: C:\Users\LEGION\.stmcufinder\plugins\mcufinder//mcu/
2025-06-15 14:51:12,894 [WARN] DbFile:41 - Overriding database path with different value: C:\Users\LEGION\.stmcufinder\plugins\mcufinder/ => C:\Users\LEGION\.stmcufinder\plugins\mcufinder
2025-06-15 14:51:12,894 [WARN] DbFile:41 - Overriding database path with different value: C:\Users\LEGION\.stmcufinder\plugins\mcufinder/ => C:\Users\LEGION\.stmcufinder\plugins\mcufinder
2025-06-15 14:51:12,894 [INFO] CrossReferenceDbSqlite:203 - Set database path to: C:\Users\LEGION\.stmcufinder\plugins\mcufinder//mcu/cs/
2025-06-15 14:51:12,923 [INFO] ApplicationProperties:184 - Using Application install path: C:\ST\STM32CubeIDE_1.12.1\STM32CubeIDE\plugins\com.st.stm32cube.common.mx_6.8.1.202304191431
2025-06-15 14:51:12,925 [INFO] PluginManage:196 - Search for loadable plugins [exclusion list=, ]
2025-06-15 14:51:12,928 [INFO] PluginManage:310 - Check plugin analytics
2025-06-15 14:51:13,104 [INFO] AnalyticsPlugin:253 - Accepted Software Licenses: STM32CubeMX.6.11.1
2025-06-15 14:51:13,104 [INFO] AnalyticsPlugin:255 - Accepted CMSIS Pack Licenses: 
2025-06-15 14:51:13,105 [INFO] AnalyticsPlugin:257 - Accepted Firmware Licenses: FW.F4.1.27.0,FW.G0.1.6.0,FW.F4.1.28.0
2025-06-15 14:51:13,113 [INFO] PluginManage:359 - Loaded plugin analytics (category:tool,tabindex:-1)
2025-06-15 14:51:13,113 [INFO] PluginManage:310 - Check plugin cadmodel
2025-06-15 14:51:13,120 [INFO] CADModel:105 - Init CAD model plugin
2025-06-15 14:51:13,120 [INFO] PluginManage:359 - Loaded plugin cadmodel (category:power,tabindex:5)
2025-06-15 14:51:13,120 [INFO] PluginManage:310 - Check plugin clock
2025-06-15 14:51:13,133 [INFO] PluginManage:359 - Loaded plugin clock (category:base,tabindex:2)
2025-06-15 14:51:13,133 [INFO] PluginManage:310 - Check plugin ddr
2025-06-15 14:51:13,137 [INFO] PluginManage:359 - Loaded plugin ddr (category:tool,tabindex:6)
2025-06-15 14:51:13,137 [INFO] PluginManage:310 - Check plugin filemanager
2025-06-15 14:51:13,285 [INFO] PluginManage:359 - Loaded plugin filemanager (category:base,tabindex:10)
2025-06-15 14:51:13,285 [INFO] PluginManage:310 - Check plugin ipmanager
2025-06-15 14:51:13,295 [INFO] PluginManage:359 - Loaded plugin ipmanager (category:base,tabindex:5)
2025-06-15 14:51:13,295 [INFO] PluginManage:310 - Check plugin lpbam
2025-06-15 14:51:13,305 [INFO] PluginManage:359 - Loaded plugin lpbam (category:base,tabindex:0)
2025-06-15 14:51:13,306 [INFO] PluginManage:310 - Check plugin pinoutandconfiguration
2025-06-15 14:51:13,319 [INFO] PluginManage:359 - Loaded plugin pinoutandconfiguration (category:base,tabindex:1)
2025-06-15 14:51:13,319 [INFO] PluginManage:310 - Check plugin pinoutconfig
2025-06-15 14:51:13,424 [WARN] SupportedApi:132 - Cannot load RTOS API schema: s4s-elt-must-match.1: The content of 'definitions' must match (annotation?, (simpleType | complexType)?, (unique | key | keyref)*)). A problem was found starting at: attribute.
2025-06-15 14:51:13,580 [INFO] PluginManage:359 - Loaded plugin pinoutconfig (category:base,tabindex:0)
2025-06-15 14:51:13,581 [INFO] PluginManage:310 - Check plugin power
2025-06-15 14:51:13,596 [INFO] PluginManage:359 - Loaded plugin power (category:power,tabindex:4)
2025-06-15 14:51:13,596 [INFO] PluginManage:310 - Check plugin projectmanager
2025-06-15 14:51:13,622 [INFO] PluginManage:359 - Loaded plugin projectmanager (category:projectmanager,tabindex:3)
2025-06-15 14:51:13,623 [INFO] PluginManage:310 - Check plugin thirdparty
2025-06-15 14:51:13,768 [INFO] PluginManage:359 - Loaded plugin thirdparty (category:base,tabindex:-1)
2025-06-15 14:51:13,768 [WARN] IntegrityCheckThread:84 - waiting for thirdparty lock release [integrity check]
2025-06-15 14:51:13,769 [INFO] PluginManage:310 - Check plugin tools
2025-06-15 14:51:13,769 [INFO] IntegrityCheckThread:86 - entering critical section [integrity check]
2025-06-15 14:51:13,771 [INFO] ThirdPartyUpdaterWithRetryManager:70 - Updater plugin not ready yet. [1/15]
2025-06-15 14:51:13,772 [INFO] PluginManage:359 - Loaded plugin tools (category:base,tabindex:7)
2025-06-15 14:51:13,773 [INFO] PluginManage:310 - Check plugin tutovideos
2025-06-15 14:51:14,003 [INFO] PluginManage:359 - Loaded plugin tutovideos (category:base,tabindex:-1)
2025-06-15 14:51:14,003 [INFO] PluginManage:310 - Check plugin updater
2025-06-15 14:51:14,022 [INFO] PluginManage:359 - Loaded plugin updater (category:base,tabindex:12)
2025-06-15 14:51:14,023 [INFO] PluginManage:283 - PluginManage : Loaded plugins [15]
2025-06-15 14:51:14,302 [INFO] PinOutPanel:1499 - setPackage(No Configuration,No Configuration)
2025-06-15 14:51:14,400 [INFO] CADModel:165 - CPN selected for project level
2025-06-15 14:51:14,400 [INFO] CADModel:114 - Register for checkConnection events
2025-06-15 14:51:14,424 [INFO] IPUIPlugin:80 - create IPUIPlugin
2025-06-15 14:51:14,425 [INFO] PluginManager:220 - loadIPPluginJar : add adc
2025-06-15 14:51:14,429 [INFO] IPUIPlugin:80 - create IPUIPlugin
2025-06-15 14:51:14,429 [INFO] PluginManager:220 - loadIPPluginJar : add aes
2025-06-15 14:51:14,433 [INFO] IPUIPlugin:80 - create IPUIPlugin
2025-06-15 14:51:14,433 [INFO] PluginManager:220 - loadIPPluginJar : add can
2025-06-15 14:51:14,436 [INFO] IPUIPlugin:80 - create IPUIPlugin
2025-06-15 14:51:14,436 [INFO] PluginManager:220 - loadIPPluginJar : add comp
2025-06-15 14:51:14,439 [INFO] IPUIPlugin:80 - create IPUIPlugin
2025-06-15 14:51:14,439 [INFO] PluginManager:220 - loadIPPluginJar : add cryp
2025-06-15 14:51:14,442 [INFO] IPUIPlugin:80 - create IPUIPlugin
2025-06-15 14:51:14,442 [INFO] PluginManager:220 - loadIPPluginJar : add dfsdm
2025-06-15 14:51:14,449 [INFO] IPUIPlugin:80 - create IPUIPlugin
2025-06-15 14:51:14,450 [INFO] PluginManager:220 - loadIPPluginJar : add dma
2025-06-15 14:51:14,453 [INFO] IPUIPlugin:80 - create IPUIPlugin
2025-06-15 14:51:14,453 [INFO] PluginManager:220 - loadIPPluginJar : add dma3
2025-06-15 14:51:14,455 [INFO] IPUIPlugin:80 - create IPUIPlugin
2025-06-15 14:51:14,455 [INFO] PluginManager:220 - loadIPPluginJar : add fatfs
2025-06-15 14:51:14,461 [INFO] IPUIPlugin:80 - create IPUIPlugin
2025-06-15 14:51:14,461 [INFO] PluginManager:220 - loadIPPluginJar : add fmc
2025-06-15 14:51:14,468 [INFO] IPUIPlugin:80 - create IPUIPlugin
2025-06-15 14:51:14,468 [INFO] PluginManager:220 - loadIPPluginJar : add freertos
2025-06-15 14:51:14,470 [INFO] IPUIPlugin:80 - create IPUIPlugin
2025-06-15 14:51:14,470 [INFO] PluginManager:220 - loadIPPluginJar : add genericplugin
2025-06-15 14:51:14,473 [INFO] IPUIPlugin:80 - create IPUIPlugin
2025-06-15 14:51:14,474 [INFO] PluginManager:220 - loadIPPluginJar : add gfxmmu
2025-06-15 14:51:14,481 [INFO] IPUIPlugin:80 - create IPUIPlugin
2025-06-15 14:51:14,481 [INFO] PluginManager:220 - loadIPPluginJar : add gic
2025-06-15 14:51:14,487 [INFO] IPUIPlugin:80 - create IPUIPlugin
2025-06-15 14:51:14,488 [INFO] PluginManager:220 - loadIPPluginJar : add gpio
2025-06-15 14:51:14,492 [INFO] IPUIPlugin:80 - create IPUIPlugin
2025-06-15 14:51:14,493 [INFO] PluginManager:220 - loadIPPluginJar : add gtzc
2025-06-15 14:51:14,496 [INFO] IPUIPlugin:80 - create IPUIPlugin
2025-06-15 14:51:14,497 [INFO] PluginManager:220 - loadIPPluginJar : add hash
2025-06-15 14:51:14,500 [INFO] IPUIPlugin:80 - create IPUIPlugin
2025-06-15 14:51:14,501 [INFO] PluginManager:220 - loadIPPluginJar : add i2c
2025-06-15 14:51:14,504 [INFO] IPUIPlugin:80 - create IPUIPlugin
2025-06-15 14:51:14,504 [INFO] PluginManager:220 - loadIPPluginJar : add i2s
2025-06-15 14:51:14,507 [INFO] IPUIPlugin:80 - create IPUIPlugin
2025-06-15 14:51:14,508 [INFO] PluginManager:220 - loadIPPluginJar : add i3c
2025-06-15 14:51:14,515 [INFO] IPUIPlugin:80 - create IPUIPlugin
2025-06-15 14:51:14,515 [INFO] PluginManager:220 - loadIPPluginJar : add ipddr
2025-06-15 14:51:14,529 [INFO] IPUIPlugin:80 - create IPUIPlugin
2025-06-15 14:51:14,529 [INFO] PluginManager:220 - loadIPPluginJar : add linkedlist
2025-06-15 14:51:14,534 [INFO] IPUIPlugin:80 - create IPUIPlugin
2025-06-15 14:51:14,535 [INFO] PluginManager:220 - loadIPPluginJar : add lorawan
2025-06-15 14:51:14,538 [INFO] IPUIPlugin:80 - create IPUIPlugin
2025-06-15 14:51:14,538 [INFO] PluginManager:220 - loadIPPluginJar : add ltdc
2025-06-15 14:51:14,548 [INFO] IPUIPlugin:80 - create IPUIPlugin
2025-06-15 14:51:14,549 [INFO] PluginManager:220 - loadIPPluginJar : add mdma
2025-06-15 14:51:14,554 [INFO] IPUIPlugin:80 - create IPUIPlugin
2025-06-15 14:51:14,554 [INFO] PluginManager:220 - loadIPPluginJar : add nvic
2025-06-15 14:51:14,558 [INFO] IPUIPlugin:80 - create IPUIPlugin
2025-06-15 14:51:14,559 [INFO] PluginManager:220 - loadIPPluginJar : add opamp
2025-06-15 14:51:14,563 [INFO] IPUIPlugin:80 - create IPUIPlugin
2025-06-15 14:51:14,563 [INFO] PluginManager:220 - loadIPPluginJar : add openamp
2025-06-15 14:51:14,568 [INFO] IPUIPlugin:80 - create IPUIPlugin
2025-06-15 14:51:14,568 [INFO] PluginManager:220 - loadIPPluginJar : add pdm2pcm
2025-06-15 14:51:14,578 [INFO] IPUIPlugin:80 - create IPUIPlugin
2025-06-15 14:51:14,581 [INFO] PluginManager:220 - loadIPPluginJar : add plateformsettings
2025-06-15 14:51:14,584 [INFO] IPUIPlugin:80 - create IPUIPlugin
2025-06-15 14:51:14,584 [INFO] PluginManager:220 - loadIPPluginJar : add quadspi
2025-06-15 14:51:14,593 [INFO] IPUIPlugin:80 - create IPUIPlugin
2025-06-15 14:51:14,593 [INFO] PluginManager:220 - loadIPPluginJar : add resmgrutility
2025-06-15 14:51:14,598 [INFO] IPUIPlugin:80 - create IPUIPlugin
2025-06-15 14:51:14,598 [INFO] PluginManager:220 - loadIPPluginJar : add sai
2025-06-15 14:51:14,603 [INFO] IPUIPlugin:80 - create IPUIPlugin
2025-06-15 14:51:14,603 [INFO] PluginManager:220 - loadIPPluginJar : add spi
2025-06-15 14:51:14,609 [INFO] IPUIPlugin:80 - create IPUIPlugin
2025-06-15 14:51:14,609 [INFO] PluginManager:220 - loadIPPluginJar : add stm32_wpan
2025-06-15 14:51:14,612 [INFO] IPUIPlugin:80 - create IPUIPlugin
2025-06-15 14:51:14,612 [INFO] PluginManager:220 - loadIPPluginJar : add tim
2025-06-15 14:51:14,616 [INFO] IPUIPlugin:80 - create IPUIPlugin
2025-06-15 14:51:14,616 [INFO] PluginManager:220 - loadIPPluginJar : add touchsensing
2025-06-15 14:51:14,619 [INFO] IPUIPlugin:80 - create IPUIPlugin
2025-06-15 14:51:14,619 [INFO] PluginManager:220 - loadIPPluginJar : add tracer_emb
2025-06-15 14:51:14,621 [INFO] IPUIPlugin:80 - create IPUIPlugin
2025-06-15 14:51:14,622 [INFO] PluginManager:220 - loadIPPluginJar : add ts
2025-06-15 14:51:14,624 [INFO] IPUIPlugin:80 - create IPUIPlugin
2025-06-15 14:51:14,624 [INFO] PluginManager:220 - loadIPPluginJar : add tsc
2025-06-15 14:51:14,626 [INFO] IPUIPlugin:80 - create IPUIPlugin
2025-06-15 14:51:14,626 [INFO] PluginManager:220 - loadIPPluginJar : add ucpd
2025-06-15 14:51:14,630 [INFO] IPUIPlugin:80 - create IPUIPlugin
2025-06-15 14:51:14,630 [INFO] PluginManager:220 - loadIPPluginJar : add usart
2025-06-15 14:51:14,634 [INFO] IPUIPlugin:80 - create IPUIPlugin
2025-06-15 14:51:14,634 [INFO] PluginManager:220 - loadIPPluginJar : add usbx
2025-06-15 14:51:14,796 [INFO] CADModel:165 - CPN selected for project level
2025-06-15 14:51:14,797 [INFO] CADModel:114 - Register for checkConnection events
2025-06-15 14:51:14,797 [FATAL] Updater:308 - Updater called before beeing initialized
2025-06-15 14:51:14,797 [ERROR] CADModel:125 - Updater not yet initialized, retry later 
2025-06-15 14:51:14,976 [INFO] CADModel:165 - CPN selected for project level
2025-06-15 14:51:14,976 [INFO] CADModel:114 - Register for checkConnection events
2025-06-15 14:51:14,976 [FATAL] Updater:308 - Updater called before beeing initialized
2025-06-15 14:51:14,976 [ERROR] CADModel:125 - Updater not yet initialized, retry later 
2025-06-15 14:51:14,980 [FATAL] Updater:308 - Updater called before beeing initialized
2025-06-15 14:51:15,096 [FATAL] Updater:308 - Updater called before beeing initialized
2025-06-15 14:51:15,103 [INFO] DbMcusAds:53 - JSON generation date=Wed May 07 16:07:55 ICT 2025 (1746608875484)
2025-06-15 14:51:15,103 [FATAL] Updater:308 - Updater called before beeing initialized
2025-06-15 14:51:15,141 [WARN] DetailPanel:346 - Failed to get advertising image, set to default
2025-06-15 14:51:15,264 [FATAL] Updater:308 - Updater called before beeing initialized
2025-06-15 14:51:15,267 [FATAL] Updater:308 - Updater called before beeing initialized
2025-06-15 14:51:15,267 [FATAL] Updater:308 - Updater called before beeing initialized
2025-06-15 14:51:15,267 [WARN] DetailPanel:346 - Failed to get advertising image, set to default
2025-06-15 14:51:15,268 [FATAL] Updater:308 - Updater called before beeing initialized
2025-06-15 14:51:15,320 [ERROR] Updater:1120 - MainUpdater not yet initialized. External WinMGr cannot be set.
2025-06-15 14:51:15,322 [INFO] Updater:1056 - Updater Version found : 6.8.1
2025-06-15 14:51:15,342 [INFO] ApplicationProperties:184 - Using Application install path: C:\ST\STM32CubeIDE_1.12.1\STM32CubeIDE\plugins\com.st.stm32cube.common.mx_6.8.1.202304191431
2025-06-15 14:51:15,466 [INFO] MainUpdater:2854 - connection check result : 10
2025-06-15 14:51:15,467 [INFO] MainUpdater:283 - Updater Check For Update Now.
2025-06-15 14:51:15,467 [INFO] MicroXplorer:498 - Change Database Version : DB.6.0.81
2025-06-15 14:51:15,636 [INFO] CheckServerUpdateThread:120 - End of CheckServer Thread
2025-06-15 14:51:15,680 [INFO] MainUpdater:2854 - connection check result : 10
2025-06-15 14:51:15,973 [INFO] ApiDb:581 - Connected to CubeFinder SQLite database (C:\Users\LEGION\.stmcufinder\plugins\mcufinder\mcu\cube-finder-db.db)
2025-06-15 14:51:16,079 [INFO] ApiDb:668 - CubeFinder database Data Model version=2.1
2025-06-15 14:51:16,079 [INFO] ApiDb:669 - CubeFinder database Configuration version=3.0.39
2025-06-15 14:51:16,079 [INFO] ApiDb:670 - CubeFinder database generation date=2025-05-20 (1747743314)
2025-06-15 14:51:16,079 [INFO] ApiDb:671 - CubeFinder database FW Pack versions=[FP-ATR-ASTRA1_V2.0.0, FP-SNS-FLIGHT1_V5.1.0, FP-SNS-MOTENV1_V5.0.0, FP-SNS-MOTENVWB1_V1.4.0, FP-SNS-SMARTAG2_V1.2.0, FP-SNS-STBOX1_V2.0.0, STM32Cube_FW_C0_V1.4.0, STM32Cube_FW_F4_V1.28.2, STM32Cube_FW_F7_V1.17.3, STM32Cube_FW_G0_V1.6.2, STM32Cube_FW_G4_V1.6.1, STM32Cube_FW_H5_V1.5.0, STM32Cube_FW_H7RS_V1.2.0, STM32Cube_FW_H7_V1.12.1, STM32Cube_FW_L0_V1.12.2, STM32Cube_FW_L4_V1.18.1, STM32Cube_FW_L5_V1.5.1, STM32Cube_FW_N6_V1.1.1, STM32Cube_FW_U0_V1.2.0, STM32Cube_FW_U3_V1.1.0, STM32Cube_FW_U5_V1.7.0, STM32Cube_FW_WB0_V1.2.0, STM32Cube_FW_WBA_V1.6.0, STM32Cube_FW_WB_V1.22.0, STM32Cube_FW_WL3_V1.1.0, STM32Cube_FW_WL_V1.3.1, X-CUBE-ALGOBUILD_V1.4.0, X-CUBE-ALS_V1.0.2, X-CUBE-AZRTOS-F4_V1.1.0, X-CUBE-AZRTOS-F7_V1.1.0, X-CUBE-AZRTOS-G0_V1.1.0, X-CUBE-AZRTOS-G4_V2.0.0, X-CUBE-AZRTOS-H7RS_V1.1.0, X-CUBE-AZRTOS-H7_V3.3.0, X-CUBE-AZRTOS-L4_V2.0.0, X-CUBE-AZRTOS-L5_V2.0.0, X-CUBE-AZRTOS-WB_V2.0.0, X-CUBE-AZRTOS-WL_V2.0.0, X-CUBE-BLE1_V7.1.0, X-CUBE-BLE2_V3.3.0, X-CUBE-BLEMGR_V4.0.0, X-CUBE-EEPRMA1_V5.1.0, X-CUBE-FREERTOS_V1.3.1, X-CUBE-GNSS1_V6.0.0, X-CUBE-MEMS1_V11.2.0, X-CUBE-NFC4_V3.0.0, X-CUBE-NFC7_V2.0.0, X-CUBE-SFXS2LP1_V4.0.0, X-CUBE-SUBG2_V5.0.0, X-CUBE-TOF1_V3.4.3]
2025-06-15 14:51:16,202 [INFO] DbBoardsSqlite:226 - include board P-NUCLEO-WB55-NUCLEO as a kit item of type 'Nucleo-64'
2025-06-15 14:51:16,203 [INFO] DbBoardsSqlite:226 - include board P-NUCLEO-WB55-USBDONGLE as a kit item of type 'Nucleo USB Dongle'
2025-06-15 14:51:16,204 [INFO] DbBoardsSqlite:226 - include board STEVAL-IDP005V1 as a kit item of type 'Evaluation Board'
2025-06-15 14:51:16,204 [INFO] DbBoardsSqlite:226 - include board STEVAL-IDP005V2 as a kit item of type 'Evaluation Board'
2025-06-15 14:51:16,749 [INFO] ApiDb:240 - Found 297 in-development CPN: [B-G473E-ZEST1S, B-WB1M-WPAN1, B-WL5M-SUBG1, NUCLEO-C031C6, NUCLEO-H503RB, NUCLEO-H563ZI, NUCLEO-U545RE-Q, NUCLEO-U5A5ZJ-Q, NUCLEO-WBA52CG, STEVAL-PROTEUS1, STEVAL-STWINBX1, STM320518-EVAL, STM32C0116-DK, STM32C011D6Y3TR, STM32C011D6Y6TR, STM32C011F4P3, STM32C011F4P6, STM32C011F4U3, STM32C011F4U6TR, STM32C011F6P3, STM32C011F6P6, STM32C011F6U3, STM32C011F6U6TR, STM32C011J4M3, STM32C011J4M6, STM32C011J6M3, STM32C011J6M6, STM32C0316-DK, STM32C031C4T3, STM32C031C4T6, STM32C031C4U3, STM32C031C4U6, STM32C031C6T3, STM32C031C6T6, STM32C031C6U3, STM32C031C6U6, STM32C031F4P3, STM32C031F4P6, STM32C031F6P3, STM32C031F6P6, STM32C031G4U3, STM32C031G4U6, STM32C031G6U3, STM32C031G6U6, STM32C031K4T3, STM32C031K4T6, STM32C031K4U3, STM32C031K4U6, STM32C031K6T3, STM32C031K6T6, STM32C031K6U3, STM32C031K6U6, STM32G071K8TXN, STM32G071K8UXN, STM32G081GBU6N, STM32G081KBT6N, STM32G081KBUXN, STM32G0B1CCT6N, STM32G0B1KCT6, STM32G0B1NEY6TR, STM32G0B1RCT6N, STM32G0C1CCT6, STM32G0C1CCT6N, STM32G0C1CCU6N, STM32G0C1CET6N, STM32G0C1CEU6N, STM32G0C1KCT6, STM32G0C1NEY6TR, STM32G0C1RCI6N, STM32G0C1RCT6N, STM32G0C1REI6N, STM32G0C1RET6N, STM32G0C1VCI6, STM32G0C1VEI6, STM32G471CCT6, STM32G471CCU6, STM32G471CET3, STM32G471CET6, STM32G471CEU3, STM32G471CEU6, STM32G471MCT6, STM32G471MET3, STM32G471MET6, STM32G471MEY6TR, STM32G471QCT6, STM32G471QET3, STM32G471RCT6, STM32G471RET3, STM32G471RET6, STM32G471VCH6, STM32G471VCI6, STM32G471VCT6, STM32G471VEH3, STM32G471VEH6, STM32G471VEI3, STM32G471VEI6, STM32G471VET3, STM32G471VET6, STM32G474CCT6, STM32H503CBT6, STM32H503CBU6, STM32H503EBY6TR, STM32H503KBU6, STM32H503RBT6, STM32H562AGI6, STM32H562AII6, STM32H562IGK6, STM32H562IGT6, STM32H562IIK6, STM32H562IIT6, STM32H562RGT6, STM32H562RGV6, STM32H562RIT6, STM32H562RIV6, STM32H562VGT6, STM32H562VIT6, STM32H562ZGT6, STM32H562ZIT6, STM32H563AGI6, STM32H563AII3Q, STM32H563AII6, STM32H563IGK6, STM32H563IGT6, STM32H563IIK3Q, STM32H563IIK6, STM32H563IIT3Q, STM32H563IIT6, STM32H563MIY3QTR, STM32H563RGT6, STM32H563RGV6, STM32H563RIT6, STM32H563RIV6, STM32H563VGT6, STM32H563VIT3Q, STM32H563VIT6, STM32H563ZGT6, STM32H563ZIT3Q, STM32H563ZIT6, STM32H573AII3Q, STM32H573AII6, STM32H573I-DK, STM32H573IIK3Q, STM32H573IIK6, STM32H573IIT3Q, STM32H573IIT6, STM32H573MIY3QTR, STM32H573RIT6, STM32H573RIV6, STM32H573VIT3Q, STM32H573VIT6, STM32H573ZIT3Q, STM32H573ZIT6, STM32L4R5QGI6STR, STM32MP131AAE3, STM32MP131AAF3, STM32MP131AAG3, STM32MP131CAE3, STM32MP131CAF3, STM32MP131CAG3, STM32MP131DAE7, STM32MP131DAF7, STM32MP131DAG7, STM32MP131FAE7, STM32MP131FAF7, STM32MP131FAG7, STM32MP133AAE3, STM32MP133AAF3, STM32MP133AAG3, STM32MP133CAE3, STM32MP133CAF3, STM32MP133CAG3, STM32MP133DAE7, STM32MP133DAF7, STM32MP133DAG7, STM32MP133FAE7, STM32MP133FAF7, STM32MP133FAG7, STM32MP135AAE3, STM32MP135AAF3, STM32MP135AAG3, STM32MP135CAE3, STM32MP135CAF3, STM32MP135CAG3, STM32MP135DAE7, STM32MP135DAF7, STM32MP135DAG7, STM32MP135F-DK, STM32MP135FAE7, STM32MP135FAF7, STM32MP135FAF7T, STM32MP135FAF7U, STM32MP135FAG7, STM32U535CBT6, STM32U535CBT6Q, STM32U535CBU6, STM32U535CBU6Q, STM32U535CCT6, STM32U535CCT6Q, STM32U535CCU6, STM32U535CCU6Q, STM32U535CET6, STM32U535CET6Q, STM32U535CEU6, STM32U535CEU6Q, STM32U535JEY6QTR, STM32U535NCY6QTR, STM32U535NEY6QTR, STM32U535RBI6, STM32U535RBI6Q, STM32U535RBT6, STM32U535RBT6Q, STM32U535RCI6, STM32U535RCI6Q, STM32U535RCT6, STM32U535RCT6Q, STM32U535REI6, STM32U535REI6Q, STM32U535RET6, STM32U535RET6Q, STM32U535VCI6, STM32U535VCI6Q, STM32U535VCT6, STM32U535VCT6Q, STM32U535VEI6, STM32U535VEI6Q, STM32U535VET6, STM32U535VET6Q, STM32U545CET6, STM32U545CET6Q, STM32U545CEU6, STM32U545CEU6Q, STM32U545JEY6QTR, STM32U545NEY6QTR, STM32U545REI6, STM32U545REI6Q, STM32U545RET6, STM32U545RET6Q, STM32U545VEI6, STM32U545VEI6Q, STM32U545VET6, STM32U545VET6Q, STM32U595AIH6, STM32U595AIH6Q, STM32U595AJH6, STM32U595AJH6Q, STM32U595QII6, STM32U595QII6Q, STM32U595QJI6, STM32U595QJI6Q, STM32U595RIT6, STM32U595RIT6Q, STM32U595RJT6, STM32U595RJT6Q, STM32U595VIT6, STM32U595VIT6Q, STM32U595VJT6, STM32U595VJT6Q, STM32U595ZIT6, STM32U595ZIT6Q, STM32U595ZIY6QTR, STM32U595ZJT6, STM32U595ZJT6Q, STM32U595ZJY6QTR, STM32U599BJY6QTR, STM32U599NIH6Q, STM32U599NJH6Q, STM32U599VIT6Q, STM32U599VJT6, STM32U599VJT6Q, STM32U599ZIT6Q, STM32U599ZIY6QTR, STM32U599ZJT6Q, STM32U599ZJY6QTR, STM32U5A5AJH6, STM32U5A5AJH6Q, STM32U5A5QJI6, STM32U5A5QJI6Q, STM32U5A5RJT6, STM32U5A5RJT6Q, STM32U5A5VJT6, STM32U5A5VJT6Q, STM32U5A5ZJT6, STM32U5A5ZJT6Q, STM32U5A5ZJY6QTR, STM32U5A9BJY6QTR, STM32U5A9J-DK, STM32U5A9NJH6Q, STM32U5A9VJT6Q, STM32U5A9ZJT6Q, STM32U5A9ZJY6QTR, STM32WB1MMCH6, STM32WBA52CEU6, STM32WBA52CEU6T, STM32WBA52CGU6, STM32WBA52CGU6T, STM32WL5MOCH6, STM32WL5MOCH6TR]
2025-06-15 14:51:16,797 [INFO] BoardInfo:880 - No configuration file found for board B-WBA5M-WPAN
2025-06-15 14:51:16,798 [INFO] DbBoards:157 - Board is not supported: B-WBA5M-WPAN
2025-06-15 14:51:16,802 [INFO] BoardInfo:880 - No configuration file found for board NUCLEO-C051C8
2025-06-15 14:51:16,802 [INFO] DbBoards:157 - Board is not supported: NUCLEO-C051C8
2025-06-15 14:51:16,804 [INFO] BoardInfo:880 - No configuration file found for board NUCLEO-C071RB
2025-06-15 14:51:16,804 [INFO] DbBoards:157 - Board is not supported: NUCLEO-C071RB
2025-06-15 14:51:16,805 [INFO] BoardInfo:880 - No configuration file found for board NUCLEO-C092RC
2025-06-15 14:51:16,805 [INFO] DbBoards:157 - Board is not supported: NUCLEO-C092RC
2025-06-15 14:51:16,854 [INFO] BoardInfo:880 - No configuration file found for board NUCLEO-H533RE
2025-06-15 14:51:16,854 [INFO] DbBoards:157 - Board is not supported: NUCLEO-H533RE
2025-06-15 14:51:16,865 [INFO] BoardInfo:880 - No configuration file found for board NUCLEO-H7S3L8
2025-06-15 14:51:16,865 [INFO] DbBoards:157 - Board is not supported: NUCLEO-H7S3L8
2025-06-15 14:51:16,889 [INFO] BoardInfo:880 - No configuration file found for board NUCLEO-N657X0-Q
2025-06-15 14:51:16,889 [INFO] DbBoards:157 - Board is not supported: NUCLEO-N657X0-Q
2025-06-15 14:51:16,890 [INFO] BoardInfo:880 - No configuration file found for board NUCLEO-U031R8
2025-06-15 14:51:16,890 [INFO] DbBoards:157 - Board is not supported: NUCLEO-U031R8
2025-06-15 14:51:16,891 [INFO] BoardInfo:880 - No configuration file found for board NUCLEO-U083RC
2025-06-15 14:51:16,892 [INFO] DbBoards:157 - Board is not supported: NUCLEO-U083RC
2025-06-15 14:51:16,893 [INFO] BoardInfo:880 - No configuration file found for board NUCLEO-U385RG-Q
2025-06-15 14:51:16,893 [INFO] DbBoards:157 - Board is not supported: NUCLEO-U385RG-Q
2025-06-15 14:51:16,898 [INFO] BoardInfo:880 - No configuration file found for board NUCLEO-WB05KZ
2025-06-15 14:51:16,898 [INFO] DbBoards:157 - Board is not supported: NUCLEO-WB05KZ
2025-06-15 14:51:16,900 [INFO] BoardInfo:880 - No configuration file found for board NUCLEO-WB07CC
2025-06-15 14:51:16,900 [INFO] DbBoards:157 - Board is not supported: NUCLEO-WB07CC
2025-06-15 14:51:16,901 [INFO] BoardInfo:880 - No configuration file found for board NUCLEO-WB09KE
2025-06-15 14:51:16,901 [INFO] DbBoards:157 - Board is not supported: NUCLEO-WB09KE
2025-06-15 14:51:16,911 [INFO] BoardInfo:880 - No configuration file found for board NUCLEO-WBA55CG
2025-06-15 14:51:16,911 [INFO] DbBoards:157 - Board is not supported: NUCLEO-WBA55CG
2025-06-15 14:51:16,912 [INFO] BoardInfo:880 - No configuration file found for board NUCLEO-WBA65RI
2025-06-15 14:51:16,912 [INFO] DbBoards:157 - Board is not supported: NUCLEO-WBA65RI
2025-06-15 14:51:16,913 [INFO] BoardInfo:880 - No configuration file found for board NUCLEO-WL33CC1
2025-06-15 14:51:16,913 [INFO] DbBoards:157 - Board is not supported: NUCLEO-WL33CC1
2025-06-15 14:51:16,915 [INFO] BoardInfo:880 - No configuration file found for board NUCLEO-WL33CC2
2025-06-15 14:51:16,915 [INFO] DbBoards:157 - Board is not supported: NUCLEO-WL33CC2
2025-06-15 14:51:16,921 [INFO] BoardInfo:880 - No configuration file found for board P-NUCLEO-WB55
2025-06-15 14:51:16,921 [INFO] DbBoards:157 - Kit is not supported: P-NUCLEO-WB55
2025-06-15 14:51:16,926 [INFO] BoardInfo:880 - No configuration file found for board STEVAL-BFA001V1B
2025-06-15 14:51:16,926 [INFO] DbBoards:157 - Kit is not supported: STEVAL-BFA001V1B
2025-06-15 14:51:16,927 [INFO] BoardInfo:880 - No configuration file found for board STEVAL-BFA001V2B
2025-06-15 14:51:16,927 [INFO] DbBoards:157 - Kit is not supported: STEVAL-BFA001V2B
2025-06-15 14:51:16,931 [INFO] BoardInfo:880 - No configuration file found for board STEVAL-MKBOXPRO
2025-06-15 14:51:16,931 [INFO] DbBoards:157 - Board is not supported: STEVAL-MKBOXPRO
2025-06-15 14:51:16,935 [INFO] BoardInfo:880 - No configuration file found for board STEVAL-SMARTAG2
2025-06-15 14:51:16,935 [INFO] DbBoards:157 - Board is not supported: STEVAL-SMARTAG2
2025-06-15 14:51:17,020 [INFO] BoardInfo:880 - No configuration file found for board STM32H7S78-DK
2025-06-15 14:51:17,020 [INFO] DbBoards:157 - Board is not supported: STM32H7S78-DK
2025-06-15 14:51:17,043 [INFO] BoardInfo:880 - No configuration file found for board STM32MP257F-DK
2025-06-15 14:51:17,043 [INFO] DbBoards:157 - Board is not supported: STM32MP257F-DK
2025-06-15 14:51:17,045 [INFO] BoardInfo:880 - No configuration file found for board STM32MP257F-EV1
2025-06-15 14:51:17,045 [INFO] DbBoards:157 - Board is not supported: STM32MP257F-EV1
2025-06-15 14:51:17,046 [INFO] BoardInfo:880 - No configuration file found for board STM32N6570-DK
2025-06-15 14:51:17,046 [INFO] DbBoards:157 - Board is not supported: STM32N6570-DK
2025-06-15 14:51:17,047 [INFO] BoardInfo:880 - No configuration file found for board STM32U083C-DK
2025-06-15 14:51:17,047 [INFO] DbBoards:157 - Board is not supported: STM32U083C-DK
2025-06-15 14:51:17,051 [INFO] BoardInfo:880 - No configuration file found for board STM32U5G9J-DK1
2025-06-15 14:51:17,052 [INFO] DbBoards:157 - Board is not supported: STM32U5G9J-DK1
2025-06-15 14:51:17,053 [INFO] BoardInfo:880 - No configuration file found for board STM32U5G9J-DK2
2025-06-15 14:51:17,053 [INFO] DbBoards:157 - Board is not supported: STM32U5G9J-DK2
2025-06-15 14:51:17,057 [INFO] BoardInfo:880 - No configuration file found for board STM32WBA55G-DK1
2025-06-15 14:51:17,057 [INFO] DbBoards:157 - Board is not supported: STM32WBA55G-DK1
2025-06-15 14:51:17,058 [INFO] BoardInfo:880 - No configuration file found for board STM32WBA65I-DK1
2025-06-15 14:51:17,058 [INFO] DbBoards:157 - Board is not supported: STM32WBA65I-DK1
2025-06-15 14:51:17,058 [INFO] DbBoards:161 - Found 211 boards, 180 are supported
2025-06-15 14:51:17,062 [INFO] ApiDb:668 - CubeFinder database Data Model version=2.1
2025-06-15 14:51:17,062 [INFO] ApiDb:669 - CubeFinder database Configuration version=3.0.39
2025-06-15 14:51:17,063 [INFO] ApiDb:670 - CubeFinder database generation date=2025-05-20 (1747743314)
2025-06-15 14:51:17,063 [INFO] ApiDb:671 - CubeFinder database FW Pack versions=[FP-ATR-ASTRA1_V2.0.0, FP-SNS-FLIGHT1_V5.1.0, FP-SNS-MOTENV1_V5.0.0, FP-SNS-MOTENVWB1_V1.4.0, FP-SNS-SMARTAG2_V1.2.0, FP-SNS-STBOX1_V2.0.0, STM32Cube_FW_C0_V1.4.0, STM32Cube_FW_F4_V1.28.2, STM32Cube_FW_F7_V1.17.3, STM32Cube_FW_G0_V1.6.2, STM32Cube_FW_G4_V1.6.1, STM32Cube_FW_H5_V1.5.0, STM32Cube_FW_H7RS_V1.2.0, STM32Cube_FW_H7_V1.12.1, STM32Cube_FW_L0_V1.12.2, STM32Cube_FW_L4_V1.18.1, STM32Cube_FW_L5_V1.5.1, STM32Cube_FW_N6_V1.1.1, STM32Cube_FW_U0_V1.2.0, STM32Cube_FW_U3_V1.1.0, STM32Cube_FW_U5_V1.7.0, STM32Cube_FW_WB0_V1.2.0, STM32Cube_FW_WBA_V1.6.0, STM32Cube_FW_WB_V1.22.0, STM32Cube_FW_WL3_V1.1.0, STM32Cube_FW_WL_V1.3.1, X-CUBE-ALGOBUILD_V1.4.0, X-CUBE-ALS_V1.0.2, X-CUBE-AZRTOS-F4_V1.1.0, X-CUBE-AZRTOS-F7_V1.1.0, X-CUBE-AZRTOS-G0_V1.1.0, X-CUBE-AZRTOS-G4_V2.0.0, X-CUBE-AZRTOS-H7RS_V1.1.0, X-CUBE-AZRTOS-H7_V3.3.0, X-CUBE-AZRTOS-L4_V2.0.0, X-CUBE-AZRTOS-L5_V2.0.0, X-CUBE-AZRTOS-WB_V2.0.0, X-CUBE-AZRTOS-WL_V2.0.0, X-CUBE-BLE1_V7.1.0, X-CUBE-BLE2_V3.3.0, X-CUBE-BLEMGR_V4.0.0, X-CUBE-EEPRMA1_V5.1.0, X-CUBE-FREERTOS_V1.3.1, X-CUBE-GNSS1_V6.0.0, X-CUBE-MEMS1_V11.2.0, X-CUBE-NFC4_V3.0.0, X-CUBE-NFC7_V2.0.0, X-CUBE-SFXS2LP1_V4.0.0, X-CUBE-SUBG2_V5.0.0, X-CUBE-TOF1_V3.4.3]
2025-06-15 14:51:17,074 [WARN] PackLoader:240 - Cannot read IP mode file for STMicroelectronics.FP-SNS-MOTENVWB1.1.4.0
2025-06-15 14:51:17,104 [WARN] PackLoader:240 - Cannot read IP mode file for STMicroelectronics.FP-ATR-ASTRA1.2.0.2
2025-06-15 14:51:17,108 [WARN] PackLoader:240 - Cannot read IP mode file for STMicroelectronics.FP-ATR-ASTRA1.2.0.1
2025-06-15 14:51:17,115 [WARN] PackLoader:240 - Cannot read IP mode file for STMicroelectronics.X-CUBE-SMBUS.2.1.0
2025-06-15 14:51:17,118 [ERROR] Engine:466 - C:\Users\LEGION\.stm32cubemx\thirdparties\pdsc\STMicroelectronics.X-CUBE-ST60.1.0.0.pdsc: PDSC version is not supported
2025-06-15 14:51:17,122 [WARN] PackLoader:240 - Cannot read IP mode file for STMicroelectronics.X-CUBE-TOUCHGFX.4.23.0
2025-06-15 14:51:17,124 [WARN] PackLoader:240 - Cannot read IP mode file for STMicroelectronics.X-CUBE-TOUCHGFX.4.23.2
2025-06-15 14:51:17,154 [WARN] PackLoader:240 - Cannot read IP mode file for STMicroelectronics.X-CUBE-AZRTOS-F7.1.1.0
2025-06-15 14:51:17,164 [WARN] PackLoader:240 - Cannot read IP mode file for STMicroelectronics.FP-SNS-MOTENV1.4.3.2
2025-06-15 14:51:17,170 [ERROR] RealEvaluatedCondition:428 - Found unsupported composite condition: CLASS='Data Exchange' GROUP='STM32_MetaDataManager'
2025-06-15 14:51:17,170 [ERROR] RealEvaluatedCondition:428 - Found unsupported composite condition: GROUP='STM32_MetaDataManager' CLASS='Data Exchange'
2025-06-15 14:51:17,172 [WARN] PackLoader:240 - Cannot read IP mode file for STMicroelectronics.FP-SNS-MOTENV1.4.3.1
2025-06-15 14:51:17,178 [WARN] PackLoader:240 - Cannot read IP mode file for STMicroelectronics.FP-SNS-FLIGHT1.5.0.1
2025-06-15 14:51:17,240 [WARN] PackLoader:240 - Cannot read IP mode file for STMicroelectronics.X-CUBE-MEMS1.11.0.0
2025-06-15 14:51:17,377 [WARN] PackLoader:240 - Cannot read IP mode file for STMicroelectronics.X-CUBE-BLE1.6.2.4
2025-06-15 14:51:17,382 [WARN] PackLoader:240 - Cannot read IP mode file for STMicroelectronics.FP-SNS-FLIGHT1.5.0.2
2025-06-15 14:51:17,390 [WARN] PackLoader:240 - Cannot read IP mode file for STMicroelectronics.X-CUBE-DISPLAY.3.0.0
2025-06-15 14:51:17,397 [WARN] PackLoader:240 - Cannot read IP mode file for STMicroelectronics.X-CUBE-BLE1.7.0.0
2025-06-15 14:51:17,400 [ERROR] Engine:466 - C:\Users\LEGION\.stm32cubemx\thirdparties\pdsc\quantropi.X-CUBE-qispace-sdk-base.2.0.0.pdsc: PDSC version is not supported
2025-06-15 14:51:17,408 [WARN] PackLoader:240 - Cannot read IP mode file for STMicroelectronics.X-CUBE-BLEMGR.3.1.0
2025-06-15 14:51:17,414 [WARN] PackLoader:240 - Cannot read IP mode file for STMicroelectronics.FP-SNS-SMARTAG2.1.2.0
2025-06-15 14:51:17,417 [ERROR] Engine:466 - C:\Users\LEGION\.stm32cubemx\thirdparties\pdsc\STMicroelectronics.FP-SNS-FLIGHT1.5.1.0.pdsc: PDSC version is not supported
2025-06-15 14:51:17,425 [INFO] LogOutputStream:77 - [STDOUT_REDIRECT] 1 : Invalid condition id : UX_CORESTACK_Condition cause : null
2025-06-15 14:51:17,426 [INFO] LogOutputStream:77 - [STDOUT_REDIRECT] 1 : Invalid condition id : UX_CORESTACK_Condition cause : null
2025-06-15 14:51:17,428 [INFO] LogOutputStream:77 - [STDOUT_REDIRECT] 1 : Invalid condition id : UX_CORESTACK_Condition cause : null
2025-06-15 14:51:17,429 [INFO] LogOutputStream:77 - [STDOUT_REDIRECT] 1 : Invalid condition id : UX_CORESTACK_Condition cause : null
2025-06-15 14:51:17,430 [INFO] LogOutputStream:77 - [STDOUT_REDIRECT] 1 : Invalid condition id : UX_CORESTACK_Condition cause : null
2025-06-15 14:51:17,433 [WARN] PackLoader:240 - Cannot read IP mode file for STMicroelectronics.X-CUBE-AZRTOS-WL.2.0.0
2025-06-15 14:51:17,437 [WARN] PackLoader:240 - Cannot read IP mode file for STMicroelectronics.FP-SNS-MOTENV1.5.0.0
2025-06-15 14:51:17,442 [WARN] PackLoader:240 - Cannot read IP mode file for wolfSSL.I-CUBE-wolfMQTT.1.19.0
2025-06-15 14:51:17,451 [WARN] PackLoader:240 - Cannot read IP mode file for WES.I-CUBE-Cesium.1.3.0
2025-06-15 14:51:17,456 [WARN] PackLoader:240 - Cannot read IP mode file for STMicroelectronics.X-CUBE-BLE2.3.3.0
2025-06-15 14:51:17,462 [WARN] PackLoader:240 - Cannot read IP mode file for STMicroelectronics.X-CUBE-BLE1.7.1.0
2025-06-15 14:51:17,468 [WARN] PackLoader:240 - Cannot read IP mode file for STMicroelectronics.X-CUBE-TCPP.4.1.0
2025-06-15 14:51:17,474 [WARN] PackLoader:240 - Cannot read IP mode file for STMicroelectronics.X-CUBE-TOUCHGFX.4.21.4
2025-06-15 14:51:17,478 [WARN] PackLoader:240 - Cannot read IP mode file for STMicroelectronics.X-CUBE-AI.10.1.0
2025-06-15 14:51:17,483 [WARN] PackLoader:240 - Cannot read IP mode file for STMicroelectronics.X-CUBE-ALGOBUILD.1.3.0
2025-06-15 14:51:17,536 [WARN] PackLoader:240 - Cannot read IP mode file for STMicroelectronics.X-CUBE-MEMS1.11.2.0
2025-06-15 14:51:17,707 [WARN] PackLoader:240 - Cannot read IP mode file for STMicroelectronics.X-CUBE-AZRTOS-G0.1.1.0
2025-06-15 14:51:17,718 [WARN] PackLoader:240 - Cannot read IP mode file for STMicroelectronics.X-CUBE-SAFEA1.1.2.2
2025-06-15 14:51:17,727 [WARN] PackLoader:240 - Cannot read IP mode file for STMicroelectronics.X-CUBE-NFC4.3.0.0
2025-06-15 14:51:17,731 [ERROR] Engine:466 - C:\Users\LEGION\.stm32cubemx\thirdparties\pdsc\EmbeddedOffice.I-CUBE-FS-RTOS.1.0.1.pdsc: PDSC version is not supported
2025-06-15 14:51:17,738 [WARN] PackLoader:240 - Cannot read IP mode file for STMicroelectronics.X-CUBE-WB05N.2.0.0
2025-06-15 14:51:17,748 [WARN] PackLoader:240 - Cannot read IP mode file for STMicroelectronics.X-CUBE-BLEMGR.3.0.0
2025-06-15 14:51:17,755 [WARN] PackLoader:240 - Cannot read IP mode file for wolfSSL.I-CUBE-wolfTPM.3.8.0
2025-06-15 14:51:17,759 [ERROR] Engine:466 - C:\Users\LEGION\.stm32cubemx\thirdparties\pdsc\STMicroelectronics.X-CUBE-TCPP.4.2.0.pdsc: PDSC version is not supported
2025-06-15 14:51:17,761 [ERROR] Engine:466 - C:\Users\LEGION\.stm32cubemx\thirdparties\pdsc\RealThread.X-CUBE-RT-Thread_Nano.4.1.1.pdsc: PDSC version is not supported
2025-06-15 14:51:17,764 [WARN] PackLoader:240 - Cannot read IP mode file for STMicroelectronics.FP-ATR-SIGFOX1.3.2.0
2025-06-15 14:51:17,770 [WARN] PackLoader:240 - Cannot read IP mode file for STMicroelectronics.X-CUBE-EEPRMA1.5.1.0
2025-06-15 14:51:17,775 [ERROR] Engine:466 - C:\Users\LEGION\.stm32cubemx\thirdparties\pdsc\STMicroelectronics.X-CUBE-ST67W61.1.0.0.pdsc: PDSC version is not supported
2025-06-15 14:51:17,817 [WARN] PackLoader:240 - Cannot read IP mode file for SEGGER.I-CUBE-embOS.1.3.1
2025-06-15 14:51:17,871 [WARN] PackLoader:240 - Cannot read IP mode file for STMicroelectronics.X-CUBE-ALGOBUILD.1.4.0
2025-06-15 14:51:17,938 [WARN] PackLoader:240 - Cannot read IP mode file for STMicroelectronics.X-CUBE-MEMS1.11.3.0
2025-06-15 14:51:18,100 [WARN] PackLoader:240 - Cannot read IP mode file for STMicroelectronics.X-CUBE-AI.9.1.0
2025-06-15 14:51:18,116 [WARN] PackLoader:240 - Cannot read IP mode file for STMicroelectronics.X-CUBE-GNSS1.6.0.0
2025-06-15 14:51:18,141 [WARN] PackLoader:240 - Cannot read IP mode file for STMicroelectronics.X-CUBE-AZRTOS-F4.1.1.0
2025-06-15 14:51:18,148 [ERROR] Engine:466 - C:\Users\LEGION\.stm32cubemx\thirdparties\pdsc\Avnet-IotConnect.X-CUBE-IoTC-DA16k-PMOD.1.0.0.pdsc: PDSC version is not supported
2025-06-15 14:51:18,152 [WARN] PackLoader:240 - Cannot read IP mode file for wolfSSL.I-CUBE-wolfSSL.5.6.0
2025-06-15 14:51:18,159 [WARN] PackLoader:240 - Cannot read IP mode file for STMicroelectronics.X-CUBE-FREERTOS.1.2.0
2025-06-15 14:51:18,183 [WARN] PackLoader:240 - Cannot read IP mode file for STMicroelectronics.X-CUBE-AZRTOS-L5.2.0.0
2025-06-15 14:51:18,240 [WARN] PackLoader:240 - Cannot read IP mode file for STMicroelectronics.X-CUBE-MEMS1.9.6.0
2025-06-15 14:51:18,373 [WARN] PackLoader:240 - Cannot read IP mode file for STMicroelectronics.X-CUBE-NFC6.3.1.0
2025-06-15 14:51:18,380 [WARN] PackLoader:240 - Cannot read IP mode file for ITTIA_DB.I-CUBE-ITTIADB.8.8.0
2025-06-15 14:51:18,387 [WARN] PackLoader:240 - Cannot read IP mode file for emotas.I-CUBE-CANOPEN.1.1.3
2025-06-15 14:51:18,394 [WARN] PackLoader:240 - Cannot read IP mode file for STMicroelectronics.X-CUBE-BLEMGR.2.0.0
2025-06-15 14:51:18,398 [ERROR] Engine:466 - C:\Users\LEGION\.stm32cubemx\thirdparties\pdsc\STMicroelectronics.X-CUBE-DPower.1.2.0.pdsc: PDSC version is not supported
2025-06-15 14:51:18,401 [WARN] PackLoader:240 - Cannot read IP mode file for STMicroelectronics.X-CUBE-AI.9.0.0
2025-06-15 14:51:18,413 [WARN] ConditionMgr:438 - getConditionDescription Invalid condition id : UX DEVICE CLASS RTOS Condition cause : null
2025-06-15 14:51:18,414 [WARN] ConditionMgr:438 - getConditionDescription Invalid condition id : UX DEVICE CLASS RTOS Condition cause : null
2025-06-15 14:51:18,416 [WARN] PackLoader:240 - Cannot read IP mode file for STMicroelectronics.X-CUBE-AZRTOS-H7.3.1.0
2025-06-15 14:51:18,417 [WARN] ConditionMgr:1039 - genDependencies : Invalid condition id : UX DEVICE CLASS RTOS Condition cause : null
2025-06-15 14:51:18,418 [WARN] ConditionMgr:1039 - genDependencies : Invalid condition id : UX DEVICE CLASS RTOS Condition cause : null
2025-06-15 14:51:18,418 [WARN] ConditionMgr:1039 - genDependencies : Invalid condition id : UX DEVICE CLASS RTOS Condition cause : null
2025-06-15 14:51:18,419 [WARN] ConditionMgr:1039 - genDependencies : Invalid condition id : UX DEVICE CLASS RTOS Condition cause : null
2025-06-15 14:51:18,419 [WARN] ConditionMgr:1039 - genDependencies : Invalid condition id : UX DEVICE CLASS RTOS Condition cause : null
2025-06-15 14:51:18,426 [WARN] PackLoader:240 - Cannot read IP mode file for STMicroelectronics.X-CUBE-FREERTOS.1.3.1
2025-06-15 14:51:18,431 [WARN] PackLoader:240 - Cannot read IP mode file for STMicroelectronics.X-CUBE-NFC7.1.0.1
2025-06-15 14:51:18,435 [WARN] PackLoader:240 - Cannot read IP mode file for STMicroelectronics.X-CUBE-NFC7.1.0.0
2025-06-15 14:51:18,447 [WARN] PackLoader:240 - Cannot read IP mode file for STMicroelectronics.X-CUBE-NFC6.3.0.0
2025-06-15 14:51:18,453 [WARN] PackLoader:240 - Cannot read IP mode file for STMicroelectronics.X-CUBE-EEPRMA1.4.1.0
2025-06-15 14:51:18,456 [ERROR] Engine:466 - C:\Users\LEGION\.stm32cubemx\thirdparties\pdsc\STMicroelectronics.X-CUBE-DPower.1.3.0.pdsc: PDSC version is not supported
2025-06-15 14:51:18,459 [WARN] PackLoader:240 - Cannot read IP mode file for STMicroelectronics.X-CUBE-AI.8.1.0
2025-06-15 14:51:18,472 [WARN] ConditionMgr:438 - getConditionDescription Invalid condition id : LAN8742 Phy interface Condition cause : null
2025-06-15 14:51:18,472 [WARN] PackLoader:240 - Cannot read IP mode file for STMicroelectronics.X-CUBE-AZRTOS-L4.2.0.0
2025-06-15 14:51:18,473 [WARN] ConditionMgr:1039 - genDependencies : Invalid condition id : LAN8742 Phy interface Condition cause : null
2025-06-15 14:51:18,474 [WARN] ConditionMgr:1039 - genDependencies : Invalid condition id : LAN8742 Phy interface Condition cause : null
2025-06-15 14:51:18,474 [WARN] ConditionMgr:1039 - genDependencies : Invalid condition id : LAN8742 Phy interface Condition cause : null
2025-06-15 14:51:18,480 [WARN] PackLoader:240 - Cannot read IP mode file for STMicroelectronics.X-CUBE-SFXS2LP1.4.0.0
2025-06-15 14:51:18,486 [WARN] PackLoader:240 - Cannot read IP mode file for STMicroelectronics.X-CUBE-ISPU.1.1.0
2025-06-15 14:51:18,499 [WARN] PackLoader:240 - Cannot read IP mode file for STMicroelectronics.X-CUBE-AZRTOS-H7.3.3.0
2025-06-15 14:51:18,513 [ERROR] Engine:466 - C:\Users\LEGION\.stm32cubemx\thirdparties\pdsc\STMicroelectronics.X-CUBE-IPS.3.0.0.pdsc: PDSC version is not supported
2025-06-15 14:51:18,524 [WARN] ConditionMgr:438 - getConditionDescription Invalid condition id : UX DEVICE CLASS RTOS Condition cause : null
2025-06-15 14:51:18,524 [WARN] ConditionMgr:438 - getConditionDescription Invalid condition id : UX DEVICE CLASS RTOS Condition cause : null
2025-06-15 14:51:18,525 [WARN] PackLoader:240 - Cannot read IP mode file for STMicroelectronics.X-CUBE-AZRTOS-WB.2.0.0
2025-06-15 14:51:18,526 [WARN] ConditionMgr:1039 - genDependencies : Invalid condition id : UX DEVICE CLASS RTOS Condition cause : null
2025-06-15 14:51:18,526 [WARN] ConditionMgr:1039 - genDependencies : Invalid condition id : UX DEVICE CLASS RTOS Condition cause : null
2025-06-15 14:51:18,526 [WARN] ConditionMgr:1039 - genDependencies : Invalid condition id : UX DEVICE CLASS RTOS Condition cause : null
2025-06-15 14:51:18,526 [WARN] ConditionMgr:1039 - genDependencies : Invalid condition id : UX DEVICE CLASS RTOS Condition cause : null
2025-06-15 14:51:18,526 [WARN] ConditionMgr:1039 - genDependencies : Invalid condition id : UX DEVICE CLASS RTOS Condition cause : null
2025-06-15 14:51:18,531 [WARN] PackLoader:240 - Cannot read IP mode file for STMicroelectronics.X-CUBE-FREERTOS.1.0.1
2025-06-15 14:51:18,536 [WARN] PackLoader:240 - Cannot read IP mode file for STMicroelectronics.X-CUBE-GNSS1.7.0.0
2025-06-15 14:51:18,540 [WARN] PackLoader:240 - Cannot read IP mode file for STMicroelectronics.X-CUBE-GNSS1.7.0.1
2025-06-15 14:51:18,544 [WARN] PackLoader:240 - Cannot read IP mode file for STMicroelectronics.X-CUBE-TOUCHGFX.4.25.0
2025-06-15 14:51:18,554 [WARN] PackLoader:240 - Cannot read IP mode file for STMicroelectronics.X-CUBE-AZRTOS-L5.1.1.0
2025-06-15 14:51:18,559 [WARN] PackLoader:240 - Cannot read IP mode file for STMicroelectronics.X-CUBE-AI.8.0.1
2025-06-15 14:51:18,568 [WARN] PackLoader:240 - Cannot read IP mode file for STMicroelectronics.X-CUBE-SUBG2.5.0.0
2025-06-15 14:51:18,597 [WARN] PackLoader:240 - Cannot read IP mode file for STMicroelectronics.X-CUBE-AZRTOS-H7RS.1.1.0
2025-06-15 14:51:18,606 [WARN] PackLoader:240 - Cannot read IP mode file for Cesanta.I-CUBE-Mongoose.7.13.0
2025-06-15 14:51:18,626 [WARN] PackLoader:240 - Cannot read IP mode file for STMicroelectronics.X-CUBE-AZRTOS-G4.2.0.0
2025-06-15 14:51:18,643 [WARN] PackLoader:240 - Cannot read IP mode file for STMicroelectronics.X-CUBE-TOF1.3.3.0
2025-06-15 14:51:18,670 [WARN] PackLoader:240 - Cannot read IP mode file for Infineon.AIROC-Wi-Fi-Bluetooth-STM32.1.5.1
2025-06-15 14:51:18,677 [WARN] PackLoader:240 - Cannot read IP mode file for wolfSSL.I-CUBE-wolfSSH.1.4.20
2025-06-15 14:51:18,682 [WARN] PackLoader:240 - Cannot read IP mode file for STMicroelectronics.X-CUBE-NFC7.2.0.0
2025-06-15 14:51:18,686 [WARN] PackLoader:240 - Cannot read IP mode file for STMicroelectronics.FP-SNS-MOTENVWB1.1.3.1
2025-06-15 14:51:18,691 [WARN] PackLoader:240 - Cannot read IP mode file for STMicroelectronics.X-CUBE-ISPU.2.0.0
2025-06-15 14:51:18,703 [ERROR] Engine:466 - C:\Users\LEGION\.stm32cubemx\thirdparties\pdsc\STMicroelectronics.X-CUBE-IPS.3.1.0.pdsc: PDSC version is not supported
2025-06-15 14:51:18,707 [WARN] PackLoader:240 - Cannot read IP mode file for STMicroelectronics.X-CUBE-ALS.1.0.2
2025-06-15 14:51:18,735 [WARN] PackLoader:240 - Cannot read IP mode file for STMicroelectronics.X-CUBE-MEMS1.10.0.0
2025-06-15 14:51:18,827 [WARN] PackLoader:240 - Cannot read IP mode file for STMicroelectronics.X-CUBE-FREERTOS.1.1.0
2025-06-15 14:51:18,830 [WARN] PackLoader:240 - Cannot read IP mode file for STMicroelectronics.X-CUBE-TOUCHGFX.4.24.0
2025-06-15 14:51:18,832 [WARN] PackLoader:240 - Cannot read IP mode file for STMicroelectronics.X-CUBE-TOUCHGFX.4.24.1
2025-06-15 14:51:18,838 [WARN] PackLoader:240 - Cannot read IP mode file for portGmbH.I-Cube-SoM-uGOAL.1.1.0
2025-06-15 14:51:18,842 [WARN] PackLoader:240 - Cannot read IP mode file for STMicroelectronics.X-CUBE-ALS.1.0.1
2025-06-15 14:51:18,856 [WARN] PackLoader:240 - Cannot read IP mode file for STMicroelectronics.X-CUBE-AZRTOS-WB.1.1.0
2025-06-15 14:51:18,877 [WARN] PackLoader:240 - Cannot read IP mode file for STMicroelectronics.X-CUBE-AZRTOS-H7RS.1.0.0
2025-06-15 14:51:18,883 [WARN] PackLoader:240 - Cannot read IP mode file for STMicroelectronics.FP-ATR-ASTRA1.2.0.0
2025-06-15 14:51:18,888 [ERROR] Engine:466 - C:\Users\LEGION\.stm32cubemx\thirdparties\pdsc\STMicroelectronics.X-CUBE-TOF1.3.4.2.pdsc: PDSC version is not supported
2025-06-15 14:51:18,901 [ERROR] Engine:466 - C:\Users\LEGION\.stm32cubemx\thirdparties\pdsc\STMicroelectronics.X-CUBE-TOF1.3.4.3.pdsc: PDSC version is not supported
2025-06-15 14:51:18,911 [WARN] PackLoader:240 - Cannot read IP mode file for STMicroelectronics.X-CUBE-TOF1.3.4.0
2025-06-15 14:51:18,933 [WARN] PackLoader:240 - Cannot read IP mode file for STMicroelectronics.X-CUBE-TOF1.3.4.1
2025-06-15 14:51:18,960 [WARN] PackLoader:240 - Cannot read IP mode file for STMicroelectronics.X-CUBE-AZRTOS-H7.3.2.0
2025-06-15 14:51:18,963 [INFO] ThirdParty:978 - Integrity check success = true
2025-06-15 14:51:18,963 [INFO] IntegrityCheckThread:100 - exiting critical section [integrity check]
2025-06-15 14:51:18,963 [INFO] IntegrityCheckThread:103 - End integrity checks thread
2025-06-15 14:51:20,120 [INFO] ApiDb:240 - Found 297 in-development CPN: [B-G473E-ZEST1S, B-WB1M-WPAN1, B-WL5M-SUBG1, NUCLEO-C031C6, NUCLEO-H503RB, NUCLEO-H563ZI, NUCLEO-U545RE-Q, NUCLEO-U5A5ZJ-Q, NUCLEO-WBA52CG, STEVAL-PROTEUS1, STEVAL-STWINBX1, STM320518-EVAL, STM32C0116-DK, STM32C011D6Y3TR, STM32C011D6Y6TR, STM32C011F4P3, STM32C011F4P6, STM32C011F4U3, STM32C011F4U6TR, STM32C011F6P3, STM32C011F6P6, STM32C011F6U3, STM32C011F6U6TR, STM32C011J4M3, STM32C011J4M6, STM32C011J6M3, STM32C011J6M6, STM32C0316-DK, STM32C031C4T3, STM32C031C4T6, STM32C031C4U3, STM32C031C4U6, STM32C031C6T3, STM32C031C6T6, STM32C031C6U3, STM32C031C6U6, STM32C031F4P3, STM32C031F4P6, STM32C031F6P3, STM32C031F6P6, STM32C031G4U3, STM32C031G4U6, STM32C031G6U3, STM32C031G6U6, STM32C031K4T3, STM32C031K4T6, STM32C031K4U3, STM32C031K4U6, STM32C031K6T3, STM32C031K6T6, STM32C031K6U3, STM32C031K6U6, STM32G071K8TXN, STM32G071K8UXN, STM32G081GBU6N, STM32G081KBT6N, STM32G081KBUXN, STM32G0B1CCT6N, STM32G0B1KCT6, STM32G0B1NEY6TR, STM32G0B1RCT6N, STM32G0C1CCT6, STM32G0C1CCT6N, STM32G0C1CCU6N, STM32G0C1CET6N, STM32G0C1CEU6N, STM32G0C1KCT6, STM32G0C1NEY6TR, STM32G0C1RCI6N, STM32G0C1RCT6N, STM32G0C1REI6N, STM32G0C1RET6N, STM32G0C1VCI6, STM32G0C1VEI6, STM32G471CCT6, STM32G471CCU6, STM32G471CET3, STM32G471CET6, STM32G471CEU3, STM32G471CEU6, STM32G471MCT6, STM32G471MET3, STM32G471MET6, STM32G471MEY6TR, STM32G471QCT6, STM32G471QET3, STM32G471RCT6, STM32G471RET3, STM32G471RET6, STM32G471VCH6, STM32G471VCI6, STM32G471VCT6, STM32G471VEH3, STM32G471VEH6, STM32G471VEI3, STM32G471VEI6, STM32G471VET3, STM32G471VET6, STM32G474CCT6, STM32H503CBT6, STM32H503CBU6, STM32H503EBY6TR, STM32H503KBU6, STM32H503RBT6, STM32H562AGI6, STM32H562AII6, STM32H562IGK6, STM32H562IGT6, STM32H562IIK6, STM32H562IIT6, STM32H562RGT6, STM32H562RGV6, STM32H562RIT6, STM32H562RIV6, STM32H562VGT6, STM32H562VIT6, STM32H562ZGT6, STM32H562ZIT6, STM32H563AGI6, STM32H563AII3Q, STM32H563AII6, STM32H563IGK6, STM32H563IGT6, STM32H563IIK3Q, STM32H563IIK6, STM32H563IIT3Q, STM32H563IIT6, STM32H563MIY3QTR, STM32H563RGT6, STM32H563RGV6, STM32H563RIT6, STM32H563RIV6, STM32H563VGT6, STM32H563VIT3Q, STM32H563VIT6, STM32H563ZGT6, STM32H563ZIT3Q, STM32H563ZIT6, STM32H573AII3Q, STM32H573AII6, STM32H573I-DK, STM32H573IIK3Q, STM32H573IIK6, STM32H573IIT3Q, STM32H573IIT6, STM32H573MIY3QTR, STM32H573RIT6, STM32H573RIV6, STM32H573VIT3Q, STM32H573VIT6, STM32H573ZIT3Q, STM32H573ZIT6, STM32L4R5QGI6STR, STM32MP131AAE3, STM32MP131AAF3, STM32MP131AAG3, STM32MP131CAE3, STM32MP131CAF3, STM32MP131CAG3, STM32MP131DAE7, STM32MP131DAF7, STM32MP131DAG7, STM32MP131FAE7, STM32MP131FAF7, STM32MP131FAG7, STM32MP133AAE3, STM32MP133AAF3, STM32MP133AAG3, STM32MP133CAE3, STM32MP133CAF3, STM32MP133CAG3, STM32MP133DAE7, STM32MP133DAF7, STM32MP133DAG7, STM32MP133FAE7, STM32MP133FAF7, STM32MP133FAG7, STM32MP135AAE3, STM32MP135AAF3, STM32MP135AAG3, STM32MP135CAE3, STM32MP135CAF3, STM32MP135CAG3, STM32MP135DAE7, STM32MP135DAF7, STM32MP135DAG7, STM32MP135F-DK, STM32MP135FAE7, STM32MP135FAF7, STM32MP135FAF7T, STM32MP135FAF7U, STM32MP135FAG7, STM32U535CBT6, STM32U535CBT6Q, STM32U535CBU6, STM32U535CBU6Q, STM32U535CCT6, STM32U535CCT6Q, STM32U535CCU6, STM32U535CCU6Q, STM32U535CET6, STM32U535CET6Q, STM32U535CEU6, STM32U535CEU6Q, STM32U535JEY6QTR, STM32U535NCY6QTR, STM32U535NEY6QTR, STM32U535RBI6, STM32U535RBI6Q, STM32U535RBT6, STM32U535RBT6Q, STM32U535RCI6, STM32U535RCI6Q, STM32U535RCT6, STM32U535RCT6Q, STM32U535REI6, STM32U535REI6Q, STM32U535RET6, STM32U535RET6Q, STM32U535VCI6, STM32U535VCI6Q, STM32U535VCT6, STM32U535VCT6Q, STM32U535VEI6, STM32U535VEI6Q, STM32U535VET6, STM32U535VET6Q, STM32U545CET6, STM32U545CET6Q, STM32U545CEU6, STM32U545CEU6Q, STM32U545JEY6QTR, STM32U545NEY6QTR, STM32U545REI6, STM32U545REI6Q, STM32U545RET6, STM32U545RET6Q, STM32U545VEI6, STM32U545VEI6Q, STM32U545VET6, STM32U545VET6Q, STM32U595AIH6, STM32U595AIH6Q, STM32U595AJH6, STM32U595AJH6Q, STM32U595QII6, STM32U595QII6Q, STM32U595QJI6, STM32U595QJI6Q, STM32U595RIT6, STM32U595RIT6Q, STM32U595RJT6, STM32U595RJT6Q, STM32U595VIT6, STM32U595VIT6Q, STM32U595VJT6, STM32U595VJT6Q, STM32U595ZIT6, STM32U595ZIT6Q, STM32U595ZIY6QTR, STM32U595ZJT6, STM32U595ZJT6Q, STM32U595ZJY6QTR, STM32U599BJY6QTR, STM32U599NIH6Q, STM32U599NJH6Q, STM32U599VIT6Q, STM32U599VJT6, STM32U599VJT6Q, STM32U599ZIT6Q, STM32U599ZIY6QTR, STM32U599ZJT6Q, STM32U599ZJY6QTR, STM32U5A5AJH6, STM32U5A5AJH6Q, STM32U5A5QJI6, STM32U5A5QJI6Q, STM32U5A5RJT6, STM32U5A5RJT6Q, STM32U5A5VJT6, STM32U5A5VJT6Q, STM32U5A5ZJT6, STM32U5A5ZJT6Q, STM32U5A5ZJY6QTR, STM32U5A9BJY6QTR, STM32U5A9J-DK, STM32U5A9NJH6Q, STM32U5A9VJT6Q, STM32U5A9ZJT6Q, STM32U5A9ZJY6QTR, STM32WB1MMCH6, STM32WBA52CEU6, STM32WBA52CEU6T, STM32WBA52CGU6, STM32WBA52CGU6T, STM32WL5MOCH6, STM32WL5MOCH6TR]
2025-06-15 14:51:20,125 [INFO] DbMcus:216 - Found 4635 MCUs, 4635 are supported
2025-06-15 14:51:20,128 [INFO] ApiDb:423 - Load user favorites file C:\Users\LEGION/.stm32cubeide/favorites.mcus.txt: 0 item(s)
2025-06-15 14:51:20,128 [INFO] ApiDb:427 - User favorites MCUs=[]
2025-06-15 14:51:20,128 [INFO] DbMcus:222 - Set 0 / 0 favorites MCUs
2025-06-15 14:51:20,519 [INFO] ApiDb:423 - Load user favorites file C:\Users\LEGION/.stm32cubeide/favorites.boards.txt: 0 item(s)
2025-06-15 14:51:20,519 [INFO] ApiDb:427 - User favorites Boards=[]
2025-06-15 14:51:20,519 [INFO] DbBoards:190 - Set 0 / 0 favorites Boards
2025-06-15 14:51:20,519 [INFO] McuFinderGlobals:66 - Set McuFinderConnectedMode to true
2025-06-15 14:51:20,529 [INFO] MultiScanPanel:200 - Auto-refresh data requested => check proxy status ongoing
2025-06-15 14:51:20,532 [INFO] FinderPluginLoader:95 - Searching for filters in installed packs
2025-06-15 14:51:21,875 [INFO] LoadUrlFilesThread:185 - End of LoadServerUrlFiles without Thread
2025-06-15 14:51:21,898 [INFO] DetailPanel:341 - Set advertising image to C:/Users/LEGION/STM32Cube/Repository/\en.summit-h1-25-promotion.jpg
2025-06-15 14:52:16,471 [INFO] MainUpdater:2854 - connection check result : 10
2025-06-15 14:52:16,471 [INFO] MainUpdater:2854 - connection check result : 10
2025-06-15 14:52:16,495 [INFO] MicroXplorer:468 - Change Database Path : 
2025-06-15 14:52:16,495 [INFO] MicroXplorer:498 - Change Database Version : DB.6.0.81
2025-06-15 14:52:16,496 [WARN] ThirdParty:871 - waiting for thirdparty lock release [close project]
2025-06-15 14:52:16,496 [INFO] ThirdParty:873 - entering critical section [close project]
2025-06-15 14:52:16,497 [INFO] ThirdParty:883 - exiting critical section [close project]
2025-06-15 14:52:16,501 [INFO] PinOutPanel:1499 - setPackage(No Configuration,No Configuration)
2025-06-15 14:52:16,507 [INFO] UtilMem:75 - Begin LoadConfig() Used Memory: 759647584 Bytes (806354944)
2025-06-15 14:52:16,509 [INFO] MicroXplorer:468 - Change Database Path : 
2025-06-15 14:52:16,509 [INFO] MicroXplorer:498 - Change Database Version : DB.6.0.81
2025-06-15 14:52:16,509 [INFO] OpenFileManager:308 - Change cursor
2025-06-15 14:52:16,546 [INFO] Mcu:1937 - Initializing MCU STM32F411C(C-E)Ux STM32F411CEUx STM32F411CEU6
2025-06-15 14:52:17,729 [INFO] Context:659 - Trying to add GPIOservice into a context  which must be forbidden
2025-06-15 14:52:18,344 [INFO] RtosManager:555 - Registered RTOS mode: class=CMSIS, group=RTOS, mode=CMSIS_V1, owner=FREERTOS
2025-06-15 14:52:18,344 [INFO] RtosManager:555 - Registered RTOS mode: class=CMSIS, group=RTOS2, mode=CMSIS_V2, owner=FREERTOS
2025-06-15 14:52:18,344 [INFO] RtosManager:555 - Registered RTOS mode: class=RTOS, group=Core, mode=CMSIS_V1, owner=FREERTOS
2025-06-15 14:52:18,344 [INFO] RtosManager:555 - Registered RTOS mode: class=RTOS, group=Core, mode=CMSIS_V2, owner=FREERTOS
2025-06-15 14:52:18,344 [WARN] ModelIntegratedComponent:184 - Missing modes for component STMicroelectronics:FreeRTOS:0.0.1:STMicroelectronics:RTOS:FreeRTOS:Core:::10.2.0:
2025-06-15 14:52:18,351 [WARN] ModelIntegratedComponent:63 - No mode defined for component null
2025-06-15 14:52:18,351 [WARN] ModelIntegratedComponent:63 - No mode defined for component null
2025-06-15 14:52:18,351 [WARN] ModelIntegratedComponent:63 - No mode defined for component null
2025-06-15 14:52:18,351 [WARN] ModelIntegratedComponent:63 - No mode defined for component null
2025-06-15 14:52:18,351 [WARN] ModelIntegratedComponent:63 - No mode defined for component null
2025-06-15 14:52:18,351 [WARN] ModelIntegratedComponent:63 - No mode defined for component null
2025-06-15 14:52:18,351 [WARN] ModelIntegratedComponent:63 - No mode defined for component null
2025-06-15 14:52:18,351 [WARN] ModelIntegratedComponent:63 - No mode defined for component null
2025-06-15 14:52:18,352 [WARN] ModelIntegratedComponent:63 - No mode defined for component null
2025-06-15 14:52:18,352 [WARN] ModelIntegratedComponent:63 - No mode defined for component null
2025-06-15 14:52:18,352 [WARN] ModelIntegratedComponent:63 - No mode defined for component null
2025-06-15 14:52:18,352 [WARN] ModelIntegratedComponent:63 - No mode defined for component null
2025-06-15 14:52:18,352 [WARN] ModelIntegratedComponent:63 - No mode defined for component null
2025-06-15 14:52:18,352 [WARN] ModelIntegratedComponent:63 - No mode defined for component null
2025-06-15 14:52:18,352 [WARN] ModelIntegratedComponent:63 - No mode defined for component null
2025-06-15 14:52:18,352 [WARN] ModelIntegratedComponent:63 - No mode defined for component null
2025-06-15 14:52:18,352 [WARN] ModelIntegratedComponent:63 - No mode defined for component null
2025-06-15 14:52:18,352 [WARN] ModelIntegratedComponent:63 - No mode defined for component null
2025-06-15 14:52:18,352 [WARN] ModelIntegratedComponent:63 - No mode defined for component null
2025-06-15 14:52:18,352 [WARN] ModelIntegratedComponent:63 - No mode defined for component null
2025-06-15 14:52:18,352 [WARN] ModelIntegratedComponent:63 - No mode defined for component null
2025-06-15 14:52:18,352 [WARN] ModelIntegratedComponent:63 - No mode defined for component null
2025-06-15 14:52:18,353 [WARN] ModelIntegratedComponent:63 - No mode defined for component null
2025-06-15 14:52:18,353 [WARN] ModelIntegratedComponent:63 - No mode defined for component null
2025-06-15 14:52:18,353 [WARN] ModelIntegratedComponent:63 - No mode defined for component null
2025-06-15 14:52:18,353 [WARN] ModelIntegratedComponent:63 - No mode defined for component null
2025-06-15 14:52:18,353 [WARN] ModelIntegratedComponent:63 - No mode defined for component null
2025-06-15 14:52:18,353 [WARN] ModelIntegratedComponent:63 - No mode defined for component null
2025-06-15 14:52:18,353 [WARN] ModelIntegratedComponent:63 - No mode defined for component null
2025-06-15 14:52:18,353 [WARN] ModelIntegratedComponent:63 - No mode defined for component null
2025-06-15 14:52:18,353 [WARN] ModelIntegratedComponent:63 - No mode defined for component null
2025-06-15 14:52:18,353 [WARN] ModelIntegratedComponent:63 - No mode defined for component null
2025-06-15 14:52:18,353 [WARN] ModelIntegratedComponent:63 - No mode defined for component null
2025-06-15 14:52:18,358 [WARN] ModelIntegratedComponent:182 - Modes not found for component STMicroelectronics:USB_DEVICE:1.0.0:STMicroelectronics:USB::USB Device:Audio HS::1.0:USB_DEVICE_1_0_RESTRICTED_HS
2025-06-15 14:52:18,358 [WARN] ModelIntegratedComponent:188 - Modes not found for component STMicroelectronics:USB_DEVICE:1.0.0:STMicroelectronics:USB::USB Device:Audio HS::1.0:USB_DEVICE_1_0_RESTRICTED_HS
2025-06-15 14:52:18,358 [WARN] ModelIntegratedComponent:182 - Modes not found for component STMicroelectronics:USB_DEVICE:1.0.0:STMicroelectronics:USB::USB Device:CDC HS::1.0:USB_DEVICE_1_0_RESTRICTED_HS
2025-06-15 14:52:18,358 [WARN] ModelIntegratedComponent:188 - Modes not found for component STMicroelectronics:USB_DEVICE:1.0.0:STMicroelectronics:USB::USB Device:CDC HS::1.0:USB_DEVICE_1_0_RESTRICTED_HS
2025-06-15 14:52:18,358 [WARN] ModelIntegratedComponent:182 - Modes not found for component STMicroelectronics:USB_DEVICE:1.0.0:STMicroelectronics:USB::USB Device:DFU HS::1.0:USB_DEVICE_1_0_RESTRICTED_HS
2025-06-15 14:52:18,358 [WARN] ModelIntegratedComponent:188 - Modes not found for component STMicroelectronics:USB_DEVICE:1.0.0:STMicroelectronics:USB::USB Device:DFU HS::1.0:USB_DEVICE_1_0_RESTRICTED_HS
2025-06-15 14:52:18,358 [WARN] ModelIntegratedComponent:182 - Modes not found for component STMicroelectronics:USB_DEVICE:1.0.0:STMicroelectronics:USB::USB Device:HID HS::1.0:USB_DEVICE_1_0_RESTRICTED_HS
2025-06-15 14:52:18,358 [WARN] ModelIntegratedComponent:188 - Modes not found for component STMicroelectronics:USB_DEVICE:1.0.0:STMicroelectronics:USB::USB Device:HID HS::1.0:USB_DEVICE_1_0_RESTRICTED_HS
2025-06-15 14:52:18,359 [WARN] ModelIntegratedComponent:182 - Modes not found for component STMicroelectronics:USB_DEVICE:1.0.0:STMicroelectronics:USB::USB Device:Custom HID HS::1.0:USB_DEVICE_1_0_RESTRICTED_HS
2025-06-15 14:52:18,359 [WARN] ModelIntegratedComponent:188 - Modes not found for component STMicroelectronics:USB_DEVICE:1.0.0:STMicroelectronics:USB::USB Device:Custom HID HS::1.0:USB_DEVICE_1_0_RESTRICTED_HS
2025-06-15 14:52:18,359 [WARN] ModelIntegratedComponent:182 - Modes not found for component STMicroelectronics:USB_DEVICE:1.0.0:STMicroelectronics:USB::USB Device:MSC HS::1.0:USB_DEVICE_1_0_RESTRICTED_HS
2025-06-15 14:52:18,359 [WARN] ModelIntegratedComponent:188 - Modes not found for component STMicroelectronics:USB_DEVICE:1.0.0:STMicroelectronics:USB::USB Device:MSC HS::1.0:USB_DEVICE_1_0_RESTRICTED_HS
2025-06-15 14:52:18,443 [WARN] ModelIntegratedComponent:182 - Modes not found for component STMicroelectronics:USB_HOST:1.0.0:STMicroelectronics:USB::USB Host:Audio HS::1.0:USB_HOST_1_0_RESTRICTED_HS
2025-06-15 14:52:18,443 [WARN] ModelIntegratedComponent:188 - Modes not found for component STMicroelectronics:USB_HOST:1.0.0:STMicroelectronics:USB::USB Host:Audio HS::1.0:USB_HOST_1_0_RESTRICTED_HS
2025-06-15 14:52:18,444 [WARN] ModelIntegratedComponent:182 - Modes not found for component STMicroelectronics:USB_HOST:1.0.0:STMicroelectronics:USB::USB Host:CDC HS::1.0:USB_HOST_1_0_RESTRICTED_HS
2025-06-15 14:52:18,444 [WARN] ModelIntegratedComponent:188 - Modes not found for component STMicroelectronics:USB_HOST:1.0.0:STMicroelectronics:USB::USB Host:CDC HS::1.0:USB_HOST_1_0_RESTRICTED_HS
2025-06-15 14:52:18,444 [WARN] ModelIntegratedComponent:182 - Modes not found for component STMicroelectronics:USB_HOST:1.0.0:STMicroelectronics:USB::USB Host:MSC HS::1.0:USB_HOST_1_0_RESTRICTED_HS
2025-06-15 14:52:18,444 [WARN] ModelIntegratedComponent:188 - Modes not found for component STMicroelectronics:USB_HOST:1.0.0:STMicroelectronics:USB::USB Host:MSC HS::1.0:USB_HOST_1_0_RESTRICTED_HS
2025-06-15 14:52:18,444 [WARN] ModelIntegratedComponent:182 - Modes not found for component STMicroelectronics:USB_HOST:1.0.0:STMicroelectronics:USB::USB Host:HID HS::1.0:USB_HOST_1_0_RESTRICTED_HS
2025-06-15 14:52:18,444 [WARN] ModelIntegratedComponent:188 - Modes not found for component STMicroelectronics:USB_HOST:1.0.0:STMicroelectronics:USB::USB Host:HID HS::1.0:USB_HOST_1_0_RESTRICTED_HS
2025-06-15 14:52:18,444 [WARN] ModelIntegratedComponent:182 - Modes not found for component STMicroelectronics:USB_HOST:1.0.0:STMicroelectronics:USB::USB Host:MTP HS::1.0:USB_HOST_1_0_RESTRICTED_HS
2025-06-15 14:52:18,444 [WARN] ModelIntegratedComponent:188 - Modes not found for component STMicroelectronics:USB_HOST:1.0.0:STMicroelectronics:USB::USB Host:MTP HS::1.0:USB_HOST_1_0_RESTRICTED_HS
2025-06-15 14:52:18,652 [INFO] ThirdPartyModel:298 - Start build external matchings
2025-06-15 14:52:21,393 [INFO] ThirdPartyModel:316 - End build external matchings
2025-06-15 14:52:21,458 [INFO] ImportTextPane:194 - (OptionalMessage_ERROR) IP (RCC) : Parameter (RTCHSEDivFreq_Value) has invalid value (12500000)
2025-06-15 14:52:21,459 [WARN] IP:2113 - DEVICE_SERIAL0_CDC_FS not found: check if there is a RefParameter without a condition.
2025-06-15 14:52:21,459 [WARN] IP:2113 - DEVICE_SERIAL1_CDC_FS not found: check if there is a RefParameter without a condition.
2025-06-15 14:52:21,459 [WARN] IP:2113 - DEVICE_SERIAL2_CDC_FS not found: check if there is a RefParameter without a condition.
2025-06-15 14:52:21,722 [INFO] UtilMem:75 - End LoadConfig() Used Memory: 725160280 Bytes (852492288)
2025-06-15 14:52:21,869 [WARN] ThirdParty:833 - waiting for thirdparty lock release [change project]
2025-06-15 14:52:21,870 [INFO] ThirdParty:835 - entering critical section [change project]
2025-06-15 14:52:21,870 [INFO] ThirdParty:1030 - CMSIS Pack Vendor :STMicroelectronics X-CUBE-GNSS1 6.0.0
2025-06-15 14:52:21,870 [INFO] ThirdParty:1030 - CMSIS Pack Vendor :STMicroelectronics USB_HOST 2.0.0
2025-06-15 14:52:21,870 [INFO] ThirdParty:1030 - CMSIS Pack Vendor :STMicroelectronics FP-SNS-MOTENVWB1 1.4.0
2025-06-15 14:52:21,870 [INFO] ThirdParty:1030 - CMSIS Pack Vendor :STMicroelectronics X-CUBE-AZRTOS-F4 1.1.0
2025-06-15 14:52:21,870 [INFO] ThirdParty:1030 - CMSIS Pack Vendor :STMicroelectronics LIBJPEG 8.0.0
2025-06-15 14:52:21,870 [INFO] ThirdParty:1030 - CMSIS Pack Vendor :STMicroelectronics FP-ATR-ASTRA1 2.0.2
2025-06-15 14:52:21,870 [INFO] ThirdParty:1030 - CMSIS Pack Vendor :STMicroelectronics FP-ATR-ASTRA1 2.0.1
2025-06-15 14:52:21,870 [INFO] ThirdParty:1030 - CMSIS Pack Vendor :STMicroelectronics X-CUBE-SMBUS 2.1.0
2025-06-15 14:52:21,870 [INFO] ThirdParty:1030 - CMSIS Pack Vendor :wolfSSL I-CUBE-wolfSSL 5.6.0
2025-06-15 14:52:21,870 [INFO] ThirdParty:1030 - CMSIS Pack Vendor :STMicroelectronics X-CUBE-FREERTOS 1.2.0
2025-06-15 14:52:21,870 [INFO] ThirdParty:1030 - CMSIS Pack Vendor :STMicroelectronics X-CUBE-TOUCHGFX 4.23.0
2025-06-15 14:52:21,870 [INFO] ThirdParty:1030 - CMSIS Pack Vendor :STMicroelectronics X-CUBE-TOUCHGFX 4.23.2
2025-06-15 14:52:21,871 [INFO] ThirdParty:1030 - CMSIS Pack Vendor :STMicroelectronics X-CUBE-AZRTOS-F7 1.1.0
2025-06-15 14:52:21,871 [INFO] ThirdParty:1030 - CMSIS Pack Vendor :STMicroelectronics X-CUBE-AZRTOS-L5 2.0.0
2025-06-15 14:52:21,871 [INFO] ThirdParty:1030 - CMSIS Pack Vendor :STMicroelectronics USB_DEVICE 2.0.0
2025-06-15 14:52:21,871 [INFO] ThirdParty:1030 - CMSIS Pack Vendor :STMicroelectronics X-CUBE-MEMS1 9.6.0
2025-06-15 14:52:21,871 [INFO] ThirdParty:1030 - CMSIS Pack Vendor :STMicroelectronics X-CUBE-NFC6 3.1.0
2025-06-15 14:52:21,871 [INFO] ThirdParty:1030 - CMSIS Pack Vendor :ITTIA_DB I-CUBE-ITTIADB 8.8.0
2025-06-15 14:52:21,871 [INFO] ThirdParty:1030 - CMSIS Pack Vendor :STMicroelectronics FP-SNS-MOTENV1 4.3.2
2025-06-15 14:52:21,871 [INFO] ThirdParty:1030 - CMSIS Pack Vendor :STMicroelectronics FP-SNS-MOTENV1 4.3.1
2025-06-15 14:52:21,871 [INFO] ThirdParty:1030 - CMSIS Pack Vendor :STMicroelectronics FP-SNS-FLIGHT1 5.0.1
2025-06-15 14:52:21,871 [INFO] ThirdParty:1030 - CMSIS Pack Vendor :STMicroelectronics X-CUBE-MEMS1 11.0.0
2025-06-15 14:52:21,871 [INFO] ThirdParty:1030 - CMSIS Pack Vendor :STMicroelectronics X-CUBE-BLE1 6.2.4
2025-06-15 14:52:21,871 [INFO] ThirdParty:1030 - CMSIS Pack Vendor :STMicroelectronics FreeRTOS 0.0.1
2025-06-15 14:52:21,871 [INFO] ThirdParty:1030 - CMSIS Pack Vendor :emotas I-CUBE-CANOPEN 1.1.3
2025-06-15 14:52:21,871 [INFO] ThirdParty:1030 - CMSIS Pack Vendor :STMicroelectronics X-CUBE-BLEMGR 2.0.0
2025-06-15 14:52:21,872 [INFO] ThirdParty:1030 - CMSIS Pack Vendor :STMicroelectronics FP-SNS-FLIGHT1 5.0.2
2025-06-15 14:52:21,872 [INFO] ThirdParty:1030 - CMSIS Pack Vendor :STMicroelectronics X-CUBE-AI 9.0.0
2025-06-15 14:52:21,872 [INFO] ThirdParty:1030 - CMSIS Pack Vendor :STMicroelectronics X-CUBE-AZRTOS-H7 3.1.0
2025-06-15 14:52:21,872 [INFO] ThirdParty:1030 - CMSIS Pack Vendor :STMicroelectronics PDM2PCM 3.3.0
2025-06-15 14:52:21,872 [INFO] ThirdParty:1030 - CMSIS Pack Vendor :STMicroelectronics X-CUBE-DISPLAY 3.0.0
2025-06-15 14:52:21,872 [INFO] ThirdParty:1030 - CMSIS Pack Vendor :STMicroelectronics X-CUBE-BLE1 7.0.0
2025-06-15 14:52:21,872 [INFO] ThirdParty:1030 - CMSIS Pack Vendor :STMicroelectronics X-CUBE-FREERTOS 1.3.1
2025-06-15 14:52:21,872 [INFO] ThirdParty:1030 - CMSIS Pack Vendor :STMicroelectronics HAL Drivers 0.0.0
2025-06-15 14:52:21,872 [INFO] ThirdParty:1030 - CMSIS Pack Vendor :STMicroelectronics X-CUBE-NFC7 1.0.1
2025-06-15 14:52:21,872 [INFO] ThirdParty:1030 - CMSIS Pack Vendor :STMicroelectronics MBEDTLS 2.14.1
2025-06-15 14:52:21,872 [INFO] ThirdParty:1030 - CMSIS Pack Vendor :STMicroelectronics X-CUBE-NFC7 1.0.0
2025-06-15 14:52:21,872 [INFO] ThirdParty:1030 - CMSIS Pack Vendor :STMicroelectronics X-CUBE-NFC6 3.0.0
2025-06-15 14:52:21,872 [INFO] ThirdParty:1030 - CMSIS Pack Vendor :STMicroelectronics X-CUBE-EEPRMA1 4.1.0
2025-06-15 14:52:21,872 [INFO] ThirdParty:1030 - CMSIS Pack Vendor :STMicroelectronics X-CUBE-BLEMGR 3.1.0
2025-06-15 14:52:21,873 [INFO] ThirdParty:1030 - CMSIS Pack Vendor :STMicroelectronics FP-SNS-SMARTAG2 1.2.0
2025-06-15 14:52:21,873 [INFO] ThirdParty:1030 - CMSIS Pack Vendor :STMicroelectronics X-CUBE-AZRTOS-WL 2.0.0
2025-06-15 14:52:21,873 [INFO] ThirdParty:1030 - CMSIS Pack Vendor :STMicroelectronics FP-SNS-MOTENV1 5.0.0
2025-06-15 14:52:21,873 [INFO] ThirdParty:1030 - CMSIS Pack Vendor :STMicroelectronics USB_DEVICE 1.0.0
2025-06-15 14:52:21,873 [INFO] ThirdParty:1030 - CMSIS Pack Vendor :STMicroelectronics X-CUBE-AI 8.1.0
2025-06-15 14:52:21,873 [INFO] ThirdParty:1030 - CMSIS Pack Vendor :wolfSSL I-CUBE-wolfMQTT 1.19.0
2025-06-15 14:52:21,873 [INFO] ThirdParty:1030 - CMSIS Pack Vendor :STMicroelectronics X-CUBE-AZRTOS-L4 2.0.0
2025-06-15 14:52:21,873 [INFO] ThirdParty:1030 - CMSIS Pack Vendor :STMicroelectronics ThreadX 0.0.2
2025-06-15 14:52:21,873 [INFO] ThirdParty:1030 - CMSIS Pack Vendor :WES I-CUBE-Cesium 1.3.0
2025-06-15 14:52:21,873 [INFO] ThirdParty:1030 - CMSIS Pack Vendor :STMicroelectronics lwIP 2.1.2
2025-06-15 14:52:21,873 [INFO] ThirdParty:1030 - CMSIS Pack Vendor :STMicroelectronics X-CUBE-SFXS2LP1 4.0.0
2025-06-15 14:52:21,874 [INFO] ThirdParty:1030 - CMSIS Pack Vendor :STMicroelectronics X-CUBE-BLE2 3.3.0
2025-06-15 14:52:21,874 [INFO] ThirdParty:1030 - CMSIS Pack Vendor :STMicroelectronics PDM2PCM 3.2.0
2025-06-15 14:52:21,874 [INFO] ThirdParty:1030 - CMSIS Pack Vendor :STMicroelectronics X-CUBE-ISPU 1.1.0
2025-06-15 14:52:21,874 [INFO] ThirdParty:1030 - CMSIS Pack Vendor :STMicroelectronics X-CUBE-AZRTOS-H7 3.3.0
2025-06-15 14:52:21,874 [INFO] ThirdParty:1030 - CMSIS Pack Vendor :STMicroelectronics X-CUBE-BLE1 7.1.0
2025-06-15 14:52:21,874 [INFO] ThirdParty:1030 - CMSIS Pack Vendor :STMicroelectronics USB_DEVICE 3.0.0
2025-06-15 14:52:21,875 [INFO] ThirdParty:1030 - CMSIS Pack Vendor :STMicroelectronics X-CUBE-TCPP 4.1.0
2025-06-15 14:52:21,875 [INFO] ThirdParty:1030 - CMSIS Pack Vendor :STMicroelectronics X-CUBE-AZRTOS-WB 2.0.0
2025-06-15 14:52:21,875 [INFO] ThirdParty:1030 - CMSIS Pack Vendor :STMicroelectronics X-CUBE-FREERTOS 1.0.1
2025-06-15 14:52:21,875 [INFO] ThirdParty:1030 - CMSIS Pack Vendor :STMicroelectronics X-CUBE-GNSS1 7.0.0
2025-06-15 14:52:21,875 [INFO] ThirdParty:1030 - CMSIS Pack Vendor :STMicroelectronics X-CUBE-GNSS1 7.0.1
2025-06-15 14:52:21,875 [INFO] ThirdParty:1030 - CMSIS Pack Vendor :STMicroelectronics X-CUBE-TOUCHGFX 4.21.4
2025-06-15 14:52:21,875 [INFO] ThirdParty:1030 - CMSIS Pack Vendor :STMicroelectronics X-CUBE-TOUCHGFX 4.25.0
2025-06-15 14:52:21,875 [INFO] ThirdParty:1030 - CMSIS Pack Vendor :STMicroelectronics X-CUBE-AI 10.1.0
2025-06-15 14:52:21,875 [INFO] ThirdParty:1030 - CMSIS Pack Vendor :STMicroelectronics X-CUBE-ALGOBUILD 1.3.0
2025-06-15 14:52:21,875 [INFO] ThirdParty:1030 - CMSIS Pack Vendor :STMicroelectronics X-CUBE-AZRTOS-L5 1.1.0
2025-06-15 14:52:21,875 [INFO] ThirdParty:1030 - CMSIS Pack Vendor :STMicroelectronics X-CUBE-MEMS1 11.2.0
2025-06-15 14:52:21,875 [INFO] ThirdParty:1030 - CMSIS Pack Vendor :STMicroelectronics X-CUBE-AZRTOS-G0 1.1.0
2025-06-15 14:52:21,875 [INFO] ThirdParty:1030 - CMSIS Pack Vendor :STMicroelectronics X-CUBE-AI 8.0.1
2025-06-15 14:52:21,876 [INFO] ThirdParty:1030 - CMSIS Pack Vendor :STMicroelectronics X-CUBE-SAFEA1 1.2.2
2025-06-15 14:52:21,876 [INFO] ThirdParty:1030 - CMSIS Pack Vendor :STMicroelectronics X-CUBE-NFC4 3.0.0
2025-06-15 14:52:21,876 [INFO] ThirdParty:1030 - CMSIS Pack Vendor :STMicroelectronics X-CUBE-SUBG2 5.0.0
2025-06-15 14:52:21,876 [INFO] ThirdParty:1030 - CMSIS Pack Vendor :STMicroelectronics X-CUBE-AZRTOS-H7RS 1.1.0
2025-06-15 14:52:21,876 [INFO] ThirdParty:1030 - CMSIS Pack Vendor :STMicroelectronics STM32_WPAN 1.0.0
2025-06-15 14:52:21,876 [INFO] ThirdParty:1030 - CMSIS Pack Vendor :STMicroelectronics lwIP 2.0.3
2025-06-15 14:52:21,876 [INFO] ThirdParty:1030 - CMSIS Pack Vendor :Cesanta I-CUBE-Mongoose 7.13.0
2025-06-15 14:52:21,876 [INFO] ThirdParty:1030 - CMSIS Pack Vendor :STMicroelectronics USB_HOST 1.0.0
2025-06-15 14:52:21,876 [INFO] ThirdParty:1030 - CMSIS Pack Vendor :STMicroelectronics X-CUBE-AZRTOS-G4 2.0.0
2025-06-15 14:52:21,876 [INFO] ThirdParty:1030 - CMSIS Pack Vendor :STMicroelectronics X-CUBE-WB05N 2.0.0
2025-06-15 14:52:21,877 [INFO] ThirdParty:1030 - CMSIS Pack Vendor :STMicroelectronics PDM2PCM 3.1.0
2025-06-15 14:52:21,877 [INFO] ThirdParty:1030 - CMSIS Pack Vendor :STMicroelectronics X-CUBE-TOF1 3.3.0
2025-06-15 14:52:21,877 [INFO] ThirdParty:1030 - CMSIS Pack Vendor :Infineon AIROC-Wi-Fi-Bluetooth-STM32 1.5.1
2025-06-15 14:52:21,877 [INFO] ThirdParty:1030 - CMSIS Pack Vendor :STMicroelectronics X-CUBE-BLEMGR 3.0.0
2025-06-15 14:52:21,877 [INFO] ThirdParty:1030 - CMSIS Pack Vendor :wolfSSL I-CUBE-wolfTPM 3.8.0
2025-06-15 14:52:21,877 [INFO] ThirdParty:1030 - CMSIS Pack Vendor :wolfSSL I-CUBE-wolfSSH 1.4.20
2025-06-15 14:52:21,877 [INFO] ThirdParty:1030 - CMSIS Pack Vendor :STMicroelectronics X-CUBE-NFC7 2.0.0
2025-06-15 14:52:21,877 [INFO] ThirdParty:1030 - CMSIS Pack Vendor :STMicroelectronics FP-SNS-MOTENVWB1 1.3.1
2025-06-15 14:52:21,878 [INFO] ThirdParty:1030 - CMSIS Pack Vendor :STMicroelectronics FP-ATR-SIGFOX1 3.2.0
2025-06-15 14:52:21,878 [INFO] ThirdParty:1030 - CMSIS Pack Vendor :STMicroelectronics X-CUBE-ISPU 2.0.0
2025-06-15 14:52:21,878 [INFO] ThirdParty:1030 - CMSIS Pack Vendor :STMicroelectronics X-CUBE-EEPRMA1 5.1.0
2025-06-15 14:52:21,878 [INFO] ThirdParty:1030 - CMSIS Pack Vendor :STMicroelectronics MBEDTLS 2.16.2
2025-06-15 14:52:21,878 [INFO] ThirdParty:1030 - CMSIS Pack Vendor :STMicroelectronics X-CUBE-ALS 1.0.2
2025-06-15 14:52:21,878 [INFO] ThirdParty:1030 - CMSIS Pack Vendor :STMicroelectronics X-CUBE-MEMS1 10.0.0
2025-06-15 14:52:21,878 [INFO] ThirdParty:1030 - CMSIS Pack Vendor :STMicroelectronics X-CUBE-FREERTOS 1.1.0
2025-06-15 14:52:21,878 [INFO] ThirdParty:1030 - CMSIS Pack Vendor :STMicroelectronics X-CUBE-TOUCHGFX 4.24.0
2025-06-15 14:52:21,878 [INFO] ThirdParty:1030 - CMSIS Pack Vendor :STMicroelectronics X-CUBE-TOUCHGFX 4.24.1
2025-06-15 14:52:21,878 [INFO] ThirdParty:1030 - CMSIS Pack Vendor :portGmbH I-Cube-SoM-uGOAL 1.1.0
2025-06-15 14:52:21,879 [INFO] ThirdParty:1030 - CMSIS Pack Vendor :STMicroelectronics X-CUBE-ALS 1.0.1
2025-06-15 14:52:21,879 [INFO] ThirdParty:1030 - CMSIS Pack Vendor :STMicroelectronics ThreadX 1.0.0
2025-06-15 14:52:21,879 [INFO] ThirdParty:1030 - CMSIS Pack Vendor :STMicroelectronics X-CUBE-AZRTOS-WB 1.1.0
2025-06-15 14:52:21,879 [INFO] ThirdParty:1030 - CMSIS Pack Vendor :SEGGER I-CUBE-embOS 1.3.1
2025-06-15 14:52:21,879 [INFO] ThirdParty:1030 - CMSIS Pack Vendor :STMicroelectronics X-CUBE-ALGOBUILD 1.4.0
2025-06-15 14:52:21,879 [INFO] ThirdParty:1030 - CMSIS Pack Vendor :STMicroelectronics X-CUBE-MEMS1 11.3.0
2025-06-15 14:52:21,879 [INFO] ThirdParty:1030 - CMSIS Pack Vendor :STMicroelectronics X-CUBE-AZRTOS-H7RS 1.0.0
2025-06-15 14:52:21,879 [INFO] ThirdParty:1030 - CMSIS Pack Vendor :STMicroelectronics FP-ATR-ASTRA1 2.0.0
2025-06-15 14:52:21,879 [INFO] ThirdParty:1030 - CMSIS Pack Vendor :STMicroelectronics X-CUBE-AI 9.1.0
2025-06-15 14:52:21,879 [INFO] ThirdParty:1030 - CMSIS Pack Vendor :STMicroelectronics X-CUBE-TOF1 3.4.0
2025-06-15 14:52:21,879 [INFO] ThirdParty:1030 - CMSIS Pack Vendor :STMicroelectronics X-CUBE-TOF1 3.4.1
2025-06-15 14:52:21,879 [INFO] ThirdParty:1030 - CMSIS Pack Vendor :STMicroelectronics X-CUBE-AZRTOS-H7 3.2.0
2025-06-15 14:52:21,879 [INFO] ThirdParty:841 - exiting critical section [change project]
2025-06-15 14:52:22,211 [INFO] PinOutPanel:1499 - setPackage(No Configuration,No Configuration)
2025-06-15 14:52:22,212 [INFO] PinOutPanel:1499 - setPackage(STM32F411CEUx,UFQFPN48)
2025-06-15 14:52:22,707 [INFO] UtilMem:75 - Before build in PCC Used Memory: 745314624 Bytes (852492288)
2025-06-15 14:52:23,493 [INFO] UtilMem:75 - After build in PCC Used Memory: 760203752 Bytes (852492288)
2025-06-15 14:52:23,585 [INFO] ApiDbMcu:507 - Load IP Config File for USB_DEVICE
2025-06-15 14:52:23,619 [INFO] IPUIPlugin:80 - create IPUIPlugin
2025-06-15 14:52:23,619 [INFO] IPUIPlugin:80 - create IPUIPlugin
2025-06-15 14:52:23,620 [INFO] IPUIPlugin:80 - create IPUIPlugin
2025-06-15 14:52:23,620 [INFO] IPUIPlugin:80 - create IPUIPlugin
2025-06-15 14:52:23,620 [INFO] IPUIPlugin:80 - create IPUIPlugin
2025-06-15 14:52:23,620 [INFO] IPUIPlugin:80 - create IPUIPlugin
2025-06-15 14:52:23,620 [INFO] IPUIPlugin:80 - create IPUIPlugin
2025-06-15 14:52:23,620 [INFO] IPUIPlugin:80 - create IPUIPlugin
2025-06-15 14:52:23,620 [INFO] IPUIPlugin:80 - create IPUIPlugin
2025-06-15 14:52:23,620 [INFO] IPUIPlugin:80 - create IPUIPlugin
2025-06-15 14:52:23,621 [INFO] IPUIPlugin:80 - create IPUIPlugin
2025-06-15 14:52:23,621 [INFO] IPUIPlugin:80 - create IPUIPlugin
2025-06-15 14:52:23,621 [INFO] IPUIPlugin:80 - create IPUIPlugin
2025-06-15 14:52:23,637 [INFO] IPUIPlugin:80 - create IPUIPlugin
2025-06-15 14:52:23,638 [INFO] IPUIPlugin:80 - create IPUIPlugin
2025-06-15 14:52:23,638 [INFO] IPUIPlugin:80 - create IPUIPlugin
2025-06-15 14:52:23,638 [INFO] IPUIPlugin:80 - create IPUIPlugin
2025-06-15 14:52:23,638 [INFO] IPUIPlugin:80 - create IPUIPlugin
2025-06-15 14:52:23,639 [INFO] IPUIPlugin:80 - create IPUIPlugin
2025-06-15 14:52:23,639 [INFO] IPUIPlugin:80 - create IPUIPlugin
2025-06-15 14:52:23,639 [INFO] IPUIPlugin:80 - create IPUIPlugin
2025-06-15 14:52:23,640 [INFO] IPUIPlugin:80 - create IPUIPlugin
2025-06-15 14:52:23,640 [INFO] IPUIPlugin:80 - create IPUIPlugin
2025-06-15 14:52:23,640 [INFO] IPUIPlugin:80 - create IPUIPlugin
2025-06-15 14:52:23,640 [INFO] IPUIPlugin:80 - create IPUIPlugin
2025-06-15 14:52:23,640 [INFO] IPUIPlugin:80 - create IPUIPlugin
2025-06-15 14:52:23,640 [INFO] IPUIPlugin:80 - create IPUIPlugin
2025-06-15 14:52:23,640 [INFO] IPUIPlugin:80 - create IPUIPlugin
2025-06-15 14:52:23,641 [INFO] IPUIPlugin:80 - create IPUIPlugin
2025-06-15 14:52:23,641 [INFO] IPUIPlugin:80 - create IPUIPlugin
2025-06-15 14:52:23,641 [INFO] IPUIPlugin:80 - create IPUIPlugin
2025-06-15 14:52:23,641 [INFO] IPUIPlugin:80 - create IPUIPlugin
2025-06-15 14:52:23,641 [INFO] IPUIPlugin:80 - create IPUIPlugin
2025-06-15 14:52:23,641 [INFO] IPUIPlugin:80 - create IPUIPlugin
2025-06-15 14:52:23,642 [INFO] IPUIPlugin:80 - create IPUIPlugin
2025-06-15 14:52:23,642 [INFO] IPUIPlugin:80 - create IPUIPlugin
2025-06-15 14:52:23,642 [INFO] IPUIPlugin:80 - create IPUIPlugin
2025-06-15 14:52:23,643 [INFO] IPUIPlugin:80 - create IPUIPlugin
2025-06-15 14:52:23,650 [INFO] IPUIPlugin:80 - create IPUIPlugin
2025-06-15 14:52:23,651 [INFO] IPUIPlugin:80 - create IPUIPlugin
2025-06-15 14:52:23,651 [INFO] IPUIPlugin:80 - create IPUIPlugin
2025-06-15 14:52:23,652 [INFO] IPUIPlugin:80 - create IPUIPlugin
2025-06-15 14:52:23,652 [INFO] IPUIPlugin:80 - create IPUIPlugin
2025-06-15 14:52:23,663 [INFO] ApiDbMcu:507 - Load IP Config File for PDM2PCM
2025-06-15 14:52:23,676 [WARN] IP:2113 - I2C_Coeff_DF not found: check if there is a RefParameter without a condition.
2025-06-15 14:52:23,676 [WARN] IP:2113 - Analog_Filter not found: check if there is a RefParameter without a condition.
2025-06-15 14:52:23,897 [INFO] CADModel:165 - CPN selected for project levelSTM32F411CEU6
2025-06-15 14:52:23,898 [INFO] CADModel:114 - Register for checkConnection events
2025-06-15 14:52:23,956 [INFO] OpenFileManager:328 - Restore cursor
2025-06-15 14:52:24,110 [WARN] IP:2113 - DEVICE_SERIAL0_CDC_FS not found: check if there is a RefParameter without a condition.
2025-06-15 14:52:24,110 [WARN] IP:2113 - DEVICE_SERIAL1_CDC_FS not found: check if there is a RefParameter without a condition.
2025-06-15 14:52:24,110 [WARN] IP:2113 - DEVICE_SERIAL2_CDC_FS not found: check if there is a RefParameter without a condition.
2025-06-15 14:52:24,112 [WARN] IP:2113 - DEVICE_SERIAL0_CDC_FS not found: check if there is a RefParameter without a condition.
2025-06-15 14:52:24,112 [WARN] IP:2113 - DEVICE_SERIAL1_CDC_FS not found: check if there is a RefParameter without a condition.
2025-06-15 14:52:24,112 [WARN] IP:2113 - DEVICE_SERIAL2_CDC_FS not found: check if there is a RefParameter without a condition.
2025-06-15 14:52:24,140 [WARN] IP:2113 - I2C_Coeff_DF not found: check if there is a RefParameter without a condition.
2025-06-15 14:52:24,140 [WARN] IP:2113 - Analog_Filter not found: check if there is a RefParameter without a condition.
2025-06-15 14:52:24,141 [WARN] IP:2113 - I2C_Coeff_DF not found: check if there is a RefParameter without a condition.
2025-06-15 14:52:24,141 [WARN] IP:2113 - Analog_Filter not found: check if there is a RefParameter without a condition.
2025-06-15 14:52:24,853 [INFO] UtilMem:75 - End SaveConfig() Used Memory: 752323584 Bytes (852492288)
2025-06-15 14:52:24,950 [INFO] UtilMem:75 - End SaveConfig() Used Memory: 730413864 Bytes (852492288)
2025-06-15 14:52:25,569 [INFO] BlockDiagram:2759 - set Specific Code input for plugin: USB_OTG_FS
2025-06-15 14:52:25,570 [INFO] BlockDiagram:2759 - set Specific Code input for plugin: NVIC
2025-06-15 14:52:25,570 [INFO] BlockDiagram:2759 - set Specific Code input for plugin: USART
2025-06-15 14:52:25,570 [INFO] BlockDiagram:2759 - set Specific Code input for plugin: USB_DEVICE
2025-06-15 14:52:25,570 [INFO] BlockDiagram:2759 - set Specific Code input for plugin: SYS
2025-06-15 14:52:25,570 [INFO] BlockDiagram:2759 - set Specific Code input for plugin: GPIO
2025-06-15 14:52:25,570 [INFO] BlockDiagram:2759 - set Specific Code input for plugin: RCC
2025-06-15 14:52:25,570 [INFO] BlockDiagram:2759 - set Specific Code input for plugin: I2C
2025-06-15 14:52:25,573 [INFO] CodeGenerator:793 - code generatio: config db path: C:\ST\STM32CubeIDE_1.12.1\STM32CubeIDE\plugins\com.st.stm32cube.common.mx_6.8.1.202304191431\\db\
2025-06-15 14:52:25,584 [WARN] IP:2113 - I2C_Coeff_DF not found: check if there is a RefParameter without a condition.
2025-06-15 14:52:25,584 [WARN] IP:2113 - Analog_Filter not found: check if there is a RefParameter without a condition.
2025-06-15 14:52:25,601 [WARN] IP:2113 - DEVICE_SERIAL0_CDC_FS not found: check if there is a RefParameter without a condition.
2025-06-15 14:52:25,601 [WARN] IP:2113 - DEVICE_SERIAL1_CDC_FS not found: check if there is a RefParameter without a condition.
2025-06-15 14:52:25,601 [WARN] IP:2113 - DEVICE_SERIAL2_CDC_FS not found: check if there is a RefParameter without a condition.
2025-06-15 14:52:25,874 [INFO] CodeEngine:255 - oldGeneratedFile, C:\Users\LEGION\Documents\College\Skripsi\EKF-SOC-Hardware\Firmware\Battery_Monitor_Firmware\MXTmpFiles\license.tmp_save
2025-06-15 14:52:26,237 [INFO] CodeEngine:279 - Generated code: C:\Users\LEGION\Documents\College\Skripsi\EKF-SOC-Hardware\Firmware\Battery_Monitor_Firmware\MXTmpFiles\license.tmp
2025-06-15 14:52:26,335 [INFO] CodeEngine:255 - oldGeneratedFile, C:\Users\LEGION\Documents\College\Skripsi\EKF-SOC-Hardware\Firmware\Battery_Monitor_Firmware\Core\Src\gpio.c_save
2025-06-15 14:52:26,494 [INFO] CodeEngine:279 - Generated code: C:\Users\LEGION\Documents\College\Skripsi\EKF-SOC-Hardware\Firmware\Battery_Monitor_Firmware\Core\Src\gpio.c
2025-06-15 14:52:26,501 [INFO] CodeEngine:255 - oldGeneratedFile, C:\Users\LEGION\Documents\College\Skripsi\EKF-SOC-Hardware\Firmware\Battery_Monitor_Firmware\Core\Inc\gpio.h_save
2025-06-15 14:52:26,613 [INFO] CodeEngine:279 - Generated code: C:\Users\LEGION\Documents\College\Skripsi\EKF-SOC-Hardware\Firmware\Battery_Monitor_Firmware\Core\Inc\gpio.h
2025-06-15 14:52:26,686 [WARN] IPConfigManager:2937 - Warning: the RefConfig PWREx_EnableUSBVoltageDetector is not available in your config.xml file
2025-06-15 14:52:26,698 [INFO] CodeEngine:255 - oldGeneratedFile, C:\Users\LEGION\Documents\College\Skripsi\EKF-SOC-Hardware\Firmware\Battery_Monitor_Firmware\MXTmpFiles\usb_otg_fs_vars.tmp_save
2025-06-15 14:52:26,788 [INFO] CodeEngine:279 - Generated code: C:\Users\LEGION\Documents\College\Skripsi\EKF-SOC-Hardware\Firmware\Battery_Monitor_Firmware\MXTmpFiles\usb_otg_fs_vars.tmp
2025-06-15 14:52:26,793 [INFO] CodeEngine:255 - oldGeneratedFile, C:\Users\LEGION\Documents\College\Skripsi\EKF-SOC-Hardware\Firmware\Battery_Monitor_Firmware\MXTmpFiles\usb_otg_fs_inc.tmp_save
2025-06-15 14:52:26,880 [INFO] CodeEngine:279 - Generated code: C:\Users\LEGION\Documents\College\Skripsi\EKF-SOC-Hardware\Firmware\Battery_Monitor_Firmware\MXTmpFiles\usb_otg_fs_inc.tmp
2025-06-15 14:52:26,885 [INFO] CodeEngine:255 - oldGeneratedFile, C:\Users\LEGION\Documents\College\Skripsi\EKF-SOC-Hardware\Firmware\Battery_Monitor_Firmware\MXTmpFiles\usb_otg_fs_HalInit.tmp_save
2025-06-15 14:52:26,981 [INFO] CodeEngine:279 - Generated code: C:\Users\LEGION\Documents\College\Skripsi\EKF-SOC-Hardware\Firmware\Battery_Monitor_Firmware\MXTmpFiles\usb_otg_fs_HalInit.tmp
2025-06-15 14:52:26,987 [INFO] CodeEngine:255 - oldGeneratedFile, C:\Users\LEGION\Documents\College\Skripsi\EKF-SOC-Hardware\Firmware\Battery_Monitor_Firmware\MXTmpFiles\usb_otg_fs_Msp.tmp_save
2025-06-15 14:52:27,084 [INFO] CodeEngine:279 - Generated code: C:\Users\LEGION\Documents\College\Skripsi\EKF-SOC-Hardware\Firmware\Battery_Monitor_Firmware\MXTmpFiles\usb_otg_fs_Msp.tmp
2025-06-15 14:52:27,276 [INFO] Middleware:1439 - No code input for Bsp Dependency
2025-06-15 14:52:27,287 [INFO] CodeEngine:255 - oldGeneratedFile, C:\Users\LEGION\Documents\College\Skripsi\EKF-SOC-Hardware\Firmware\Battery_Monitor_Firmware\Core\Src\i2c.c_save
2025-06-15 14:52:27,409 [INFO] CodeEngine:279 - Generated code: C:\Users\LEGION\Documents\College\Skripsi\EKF-SOC-Hardware\Firmware\Battery_Monitor_Firmware\Core\Src\i2c.c
2025-06-15 14:52:27,413 [INFO] CodeEngine:255 - oldGeneratedFile, C:\Users\LEGION\Documents\College\Skripsi\EKF-SOC-Hardware\Firmware\Battery_Monitor_Firmware\Core\Inc\i2c.h_save
2025-06-15 14:52:27,467 [INFO] CodeEngine:279 - Generated code: C:\Users\LEGION\Documents\College\Skripsi\EKF-SOC-Hardware\Firmware\Battery_Monitor_Firmware\Core\Inc\i2c.h
2025-06-15 14:52:27,475 [INFO] CodeEngine:255 - oldGeneratedFile, C:\Users\LEGION\Documents\College\Skripsi\EKF-SOC-Hardware\Firmware\Battery_Monitor_Firmware\Core\Src\usart.c_save
2025-06-15 14:52:27,552 [INFO] CodeEngine:279 - Generated code: C:\Users\LEGION\Documents\College\Skripsi\EKF-SOC-Hardware\Firmware\Battery_Monitor_Firmware\Core\Src\usart.c
2025-06-15 14:52:27,556 [INFO] CodeEngine:255 - oldGeneratedFile, C:\Users\LEGION\Documents\College\Skripsi\EKF-SOC-Hardware\Firmware\Battery_Monitor_Firmware\Core\Inc\usart.h_save
2025-06-15 14:52:27,614 [INFO] CodeEngine:279 - Generated code: C:\Users\LEGION\Documents\College\Skripsi\EKF-SOC-Hardware\Firmware\Battery_Monitor_Firmware\Core\Inc\usart.h
2025-06-15 14:52:27,623 [INFO] Middleware:1439 - No code input for Bsp Dependency
2025-06-15 14:52:27,631 [INFO] CodeEngine:255 - oldGeneratedFile, C:\Users\LEGION\Documents\College\Skripsi\EKF-SOC-Hardware\Firmware\Battery_Monitor_Firmware\USB_DEVICE\App\usb_device.c_save
2025-06-15 14:52:27,693 [INFO] CodeEngine:279 - Generated code: C:\Users\LEGION\Documents\College\Skripsi\EKF-SOC-Hardware\Firmware\Battery_Monitor_Firmware\USB_DEVICE\App\usb_device.c
2025-06-15 14:52:27,697 [INFO] CodeEngine:255 - oldGeneratedFile, C:\Users\LEGION\Documents\College\Skripsi\EKF-SOC-Hardware\Firmware\Battery_Monitor_Firmware\USB_DEVICE\App\usb_device.h_save
2025-06-15 14:52:27,749 [INFO] CodeEngine:279 - Generated code: C:\Users\LEGION\Documents\College\Skripsi\EKF-SOC-Hardware\Firmware\Battery_Monitor_Firmware\USB_DEVICE\App\usb_device.h
2025-06-15 14:52:27,753 [INFO] CodeEngine:255 - oldGeneratedFile, C:\Users\LEGION\Documents\College\Skripsi\EKF-SOC-Hardware\Firmware\Battery_Monitor_Firmware\USB_DEVICE\Target\usbd_conf.h_save
2025-06-15 14:52:27,805 [INFO] CodeEngine:279 - Generated code: C:\Users\LEGION\Documents\College\Skripsi\EKF-SOC-Hardware\Firmware\Battery_Monitor_Firmware\USB_DEVICE\Target\usbd_conf.h
2025-06-15 14:52:27,809 [INFO] CodeEngine:255 - oldGeneratedFile, C:\Users\LEGION\Documents\College\Skripsi\EKF-SOC-Hardware\Firmware\Battery_Monitor_Firmware\USB_DEVICE\Target\usbd_conf.c_save
2025-06-15 14:52:27,883 [INFO] CodeEngine:279 - Generated code: C:\Users\LEGION\Documents\College\Skripsi\EKF-SOC-Hardware\Firmware\Battery_Monitor_Firmware\USB_DEVICE\Target\usbd_conf.c
2025-06-15 14:52:27,887 [INFO] CodeEngine:255 - oldGeneratedFile, C:\Users\LEGION\Documents\College\Skripsi\EKF-SOC-Hardware\Firmware\Battery_Monitor_Firmware\USB_DEVICE\App\usbd_desc.h_save
2025-06-15 14:52:27,935 [INFO] CodeEngine:279 - Generated code: C:\Users\LEGION\Documents\College\Skripsi\EKF-SOC-Hardware\Firmware\Battery_Monitor_Firmware\USB_DEVICE\App\usbd_desc.h
2025-06-15 14:52:27,939 [INFO] CodeEngine:255 - oldGeneratedFile, C:\Users\LEGION\Documents\College\Skripsi\EKF-SOC-Hardware\Firmware\Battery_Monitor_Firmware\USB_DEVICE\App\usbd_desc.c_save
2025-06-15 14:52:27,991 [INFO] CodeEngine:279 - Generated code: C:\Users\LEGION\Documents\College\Skripsi\EKF-SOC-Hardware\Firmware\Battery_Monitor_Firmware\USB_DEVICE\App\usbd_desc.c
2025-06-15 14:52:27,996 [INFO] CodeEngine:255 - oldGeneratedFile, C:\Users\LEGION\Documents\College\Skripsi\EKF-SOC-Hardware\Firmware\Battery_Monitor_Firmware\USB_DEVICE\App\usbd_cdc_if.h_save
2025-06-15 14:52:28,043 [INFO] CodeEngine:279 - Generated code: C:\Users\LEGION\Documents\College\Skripsi\EKF-SOC-Hardware\Firmware\Battery_Monitor_Firmware\USB_DEVICE\App\usbd_cdc_if.h
2025-06-15 14:52:28,046 [INFO] CodeEngine:255 - oldGeneratedFile, C:\Users\LEGION\Documents\College\Skripsi\EKF-SOC-Hardware\Firmware\Battery_Monitor_Firmware\USB_DEVICE\App\usbd_cdc_if.c_save
2025-06-15 14:52:28,107 [INFO] CodeEngine:279 - Generated code: C:\Users\LEGION\Documents\College\Skripsi\EKF-SOC-Hardware\Firmware\Battery_Monitor_Firmware\USB_DEVICE\App\usbd_cdc_if.c
2025-06-15 14:52:28,117 [INFO] CodeEngine:255 - oldGeneratedFile, C:\Users\LEGION\Documents\College\Skripsi\EKF-SOC-Hardware\Firmware\Battery_Monitor_Firmware\Core\Src\stm32f4xx_it.c_save
2025-06-15 14:52:28,184 [INFO] CodeEngine:279 - Generated code: C:\Users\LEGION\Documents\College\Skripsi\EKF-SOC-Hardware\Firmware\Battery_Monitor_Firmware\Core\Src\stm32f4xx_it.c
2025-06-15 14:52:28,188 [INFO] CodeEngine:255 - oldGeneratedFile, C:\Users\LEGION\Documents\College\Skripsi\EKF-SOC-Hardware\Firmware\Battery_Monitor_Firmware\Core\Inc\stm32f4xx_it.h_save
2025-06-15 14:52:28,241 [INFO] CodeEngine:279 - Generated code: C:\Users\LEGION\Documents\College\Skripsi\EKF-SOC-Hardware\Firmware\Battery_Monitor_Firmware\Core\Inc\stm32f4xx_it.h
2025-06-15 14:52:28,251 [INFO] CodeEngine:255 - oldGeneratedFile, C:\Users\LEGION\Documents\College\Skripsi\EKF-SOC-Hardware\Firmware\Battery_Monitor_Firmware\Core\Src\stm32f4xx_hal_msp.c_save
2025-06-15 14:52:28,320 [INFO] CodeEngine:279 - Generated code: C:\Users\LEGION\Documents\College\Skripsi\EKF-SOC-Hardware\Firmware\Battery_Monitor_Firmware\Core\Src\stm32f4xx_hal_msp.c
2025-06-15 14:52:28,323 [INFO] CodeEngine:255 - oldGeneratedFile, C:\Users\LEGION\Documents\College\Skripsi\EKF-SOC-Hardware\Firmware\Battery_Monitor_Firmware\MXTmpFiles\system.tmp_save
2025-06-15 14:52:28,391 [INFO] CodeEngine:279 - Generated code: C:\Users\LEGION\Documents\College\Skripsi\EKF-SOC-Hardware\Firmware\Battery_Monitor_Firmware\MXTmpFiles\system.tmp
2025-06-15 14:52:28,400 [INFO] CodeEngine:311 - oldGeneratedFile, C:\Users\LEGION\Documents\College\Skripsi\EKF-SOC-Hardware\Firmware\Battery_Monitor_Firmware\Core\Inc\stm32f4xx_hal_conf.h_save
2025-06-15 14:52:28,460 [INFO] CodeEngine:335 - Generated code: C:\Users\LEGION\Documents\College\Skripsi\EKF-SOC-Hardware\Firmware\Battery_Monitor_Firmware\Core\Inc\stm32f4xx_hal_conf.h
2025-06-15 14:52:28,489 [INFO] CodeEngine:255 - oldGeneratedFile, C:\Users\LEGION\Documents\College\Skripsi\EKF-SOC-Hardware\Firmware\Battery_Monitor_Firmware\Core\Inc\main.h_save
2025-06-15 14:52:28,564 [INFO] CodeEngine:279 - Generated code: C:\Users\LEGION\Documents\College\Skripsi\EKF-SOC-Hardware\Firmware\Battery_Monitor_Firmware\Core\Inc\main.h
2025-06-15 14:52:28,569 [INFO] CodeEngine:255 - oldGeneratedFile, C:\Users\LEGION\Documents\College\Skripsi\EKF-SOC-Hardware\Firmware\Battery_Monitor_Firmware\Core\Src\main.c_save
2025-06-15 14:52:28,663 [INFO] CodeEngine:279 - Generated code: C:\Users\LEGION\Documents\College\Skripsi\EKF-SOC-Hardware\Firmware\Battery_Monitor_Firmware\Core\Src\main.c
2025-06-15 14:52:29,337 [INFO] ProjectBuilder:2996 - Time for Copy HAL[1] : 241mS.
2025-06-15 14:52:29,353 [INFO] ProjectBuilder:4304 - Project Generator version: 3.19.2
2025-06-15 14:52:29,602 [INFO] ConfigFileManager:1483 - The Die is : DIE431
2025-06-15 14:52:29,607 [INFO] ApiDbMcu:507 - Load IP Config File for FATFS
2025-06-15 14:52:29,611 [INFO] ApiDbMcu:507 - Load IP Config File for FREERTOS
2025-06-15 14:52:29,614 [INFO] ApiDbMcu:507 - Load IP Config File for LIBJPEG
2025-06-15 14:52:29,618 [INFO] ApiDbMcu:507 - Load IP Config File for MBEDTLS
2025-06-15 14:52:29,622 [INFO] ApiDbMcu:507 - Load IP Config File for USB_HOST
2025-06-15 14:52:30,255 [INFO] LogOutputStream:77 - [STDOUT_REDIRECT] 
2025-06-15 14:52:31,927 [INFO] ProjectBuilder:4505 - Time for Generating toolchain IDE Files: 2574mS.
2025-06-15 14:52:31,929 [INFO] ProjectBuilder:2867 - Time for Copy CMSIS : 0mS.
2025-06-15 14:52:31,936 [INFO] ProjectBuilder:2867 - Time for Copy CMSIS : 0mS.
2025-06-15 14:52:32,863 [INFO] McuFinderGlobals:66 - Set McuFinderConnectedMode to true
2025-06-15 14:52:33,107 [INFO] ApiDb:448 - Save user favorites file C:\Users\LEGION/.stm32cubeide/favorites.mcus.txt: 0 item(s)
2025-06-15 14:52:33,107 [INFO] ApiDb:452 - User favorites MCUs=[]
2025-06-15 14:52:46,743 [INFO] Gpio:273 - dependency for GPIO [I2C1, RCC, SYS, USART1, USB_OTG_FS]
2025-06-15 14:53:02,356 [WARN] IP:2113 - DEVICE_SERIAL0_CDC_FS not found: check if there is a RefParameter without a condition.
2025-06-15 14:53:02,356 [WARN] IP:2113 - DEVICE_SERIAL1_CDC_FS not found: check if there is a RefParameter without a condition.
2025-06-15 14:53:02,356 [WARN] IP:2113 - DEVICE_SERIAL2_CDC_FS not found: check if there is a RefParameter without a condition.
2025-06-15 14:53:02,357 [WARN] IP:2113 - DEVICE_SERIAL0_CDC_FS not found: check if there is a RefParameter without a condition.
2025-06-15 14:53:02,357 [WARN] IP:2113 - DEVICE_SERIAL1_CDC_FS not found: check if there is a RefParameter without a condition.
2025-06-15 14:53:02,357 [WARN] IP:2113 - DEVICE_SERIAL2_CDC_FS not found: check if there is a RefParameter without a condition.
2025-06-15 14:53:02,373 [WARN] IP:2113 - I2C_Coeff_DF not found: check if there is a RefParameter without a condition.
2025-06-15 14:53:02,374 [WARN] IP:2113 - Analog_Filter not found: check if there is a RefParameter without a condition.
2025-06-15 14:53:02,374 [WARN] IP:2113 - I2C_Coeff_DF not found: check if there is a RefParameter without a condition.
2025-06-15 14:53:02,374 [WARN] IP:2113 - Analog_Filter not found: check if there is a RefParameter without a condition.
2025-06-15 14:53:02,396 [INFO] Gpio:273 - dependency for GPIO [I2C1, RCC, SYS, USART1, USB_OTG_FS]
2025-06-15 14:54:21,290 [WARN] IP:2113 - DEVICE_SERIAL0_CDC_FS not found: check if there is a RefParameter without a condition.
2025-06-15 14:54:21,291 [WARN] IP:2113 - DEVICE_SERIAL1_CDC_FS not found: check if there is a RefParameter without a condition.
2025-06-15 14:54:21,291 [WARN] IP:2113 - DEVICE_SERIAL2_CDC_FS not found: check if there is a RefParameter without a condition.
2025-06-15 14:54:21,291 [WARN] IP:2113 - DEVICE_SERIAL0_CDC_FS not found: check if there is a RefParameter without a condition.
2025-06-15 14:54:21,291 [WARN] IP:2113 - DEVICE_SERIAL1_CDC_FS not found: check if there is a RefParameter without a condition.
2025-06-15 14:54:21,291 [WARN] IP:2113 - DEVICE_SERIAL2_CDC_FS not found: check if there is a RefParameter without a condition.
2025-06-15 14:54:21,307 [WARN] IP:2113 - I2C_Coeff_DF not found: check if there is a RefParameter without a condition.
2025-06-15 14:54:21,308 [WARN] IP:2113 - Analog_Filter not found: check if there is a RefParameter without a condition.
2025-06-15 14:54:21,308 [WARN] IP:2113 - I2C_Coeff_DF not found: check if there is a RefParameter without a condition.
2025-06-15 14:54:21,308 [WARN] IP:2113 - Analog_Filter not found: check if there is a RefParameter without a condition.
2025-06-15 14:54:21,329 [INFO] Gpio:273 - dependency for GPIO [I2C1, RCC, SYS, USART1, USB_OTG_FS]
2025-06-15 14:55:33,291 [INFO] Activator:176 - 


2025-06-15 14:55:33,293 [INFO] Activator:177 - !SESSION log4j initialized
2025-06-15 14:55:38,436 [INFO] LogOutputStream:77 - [STDOUT_REDIRECT] 
2025-06-15 14:55:59,615 [ERROR] LogOutputStream:75 - [STDERR_REDIRECT] SLF4J: Failed to load class "org.slf4j.impl.StaticLoggerBinder".
2025-06-15 14:55:59,616 [ERROR] LogOutputStream:75 - [STDERR_REDIRECT] SLF4J: Defaulting to no-operation (NOP) logger implementation
2025-06-15 14:55:59,618 [ERROR] LogOutputStream:75 - [STDERR_REDIRECT] SLF4J: See http://www.slf4j.org/codes.html#StaticLoggerBinder for further details.
2025-06-15 15:58:26,786 [INFO] ApplicationProperties:184 - Using Application install path: C:\ST\STM32CubeIDE_1.12.1\STM32CubeIDE\plugins\com.st.stm32cube.common.mx_6.8.1.202304191431
2025-06-15 15:58:26,805 [INFO] DbMcusXml:78 - Set database path to: C:\ST\STM32CubeIDE_1.12.1\STM32CubeIDE\plugins\com.st.stm32cube.common.mx_6.8.1.202304191431\\db\/mcu/
2025-06-15 15:58:26,805 [INFO] ApiDb:274 - Set plugin database path to: C:\ST\STM32CubeIDE_1.12.1\STM32CubeIDE\plugins\com.st.stm32cube.common.mx_6.8.1.202304191431\\db\/plugins/boardmanager/
2025-06-15 15:58:26,806 [WARN] ApiDb:259 - Overriding images path with different value:  => C:\ST\STM32CubeIDE_1.12.1\STM32CubeIDE\plugins\com.st.stm32cube.common.mx_6.8.1.202304191431\\db\/plugins/mcufinder/images/
2025-06-15 15:58:26,824 [INFO] ApiDb:250 - Set database path to: C:\Users\LEGION\.stmcufinder\plugins\mcufinder//mcu/
2025-06-15 15:58:26,826 [INFO] DbMcusAds:125 - Set database path to: C:\Users\LEGION\.stmcufinder\plugins\mcufinder//mcu/
2025-06-15 15:58:27,058 [INFO] CrossReferenceDbSqlite:203 - Set database path to: C:\Users\LEGION\.stmcufinder\plugins\mcufinder//mcu/cs/
2025-06-15 15:58:27,157 [INFO] RulesReader:64 - Compatibility file has been processed (293 Rules)
2025-06-15 15:58:27,230 [INFO] DbMcusXml:78 - Set database path to: C:\ST\STM32CubeIDE_1.12.1\STM32CubeIDE\plugins\com.st.stm32cube.common.mx_6.8.1.202304191431\\db\/mcu/
2025-06-15 15:58:27,230 [INFO] ApiDb:274 - Set plugin database path to: C:\ST\STM32CubeIDE_1.12.1\STM32CubeIDE\plugins\com.st.stm32cube.common.mx_6.8.1.202304191431\\db\/plugins/boardmanager/
2025-06-15 15:58:27,230 [INFO] ApiDb:261 - Set plugin images path to: C:\ST\STM32CubeIDE_1.12.1\STM32CubeIDE\plugins\com.st.stm32cube.common.mx_6.8.1.202304191431\\db\/plugins/mcufinder/images/
2025-06-15 15:58:27,230 [WARN] DbFile:41 - Overriding database path with different value: C:\Users\LEGION\.stmcufinder\plugins\mcufinder/ => C:\Users\LEGION\.stmcufinder\plugins\mcufinder
2025-06-15 15:58:27,230 [INFO] ApiDb:250 - Set database path to: C:\Users\LEGION\.stmcufinder\plugins\mcufinder//mcu/
2025-06-15 15:58:27,230 [WARN] DbFile:41 - Overriding database path with different value: C:\Users\LEGION\.stmcufinder\plugins\mcufinder/ => C:\Users\LEGION\.stmcufinder\plugins\mcufinder
2025-06-15 15:58:27,230 [INFO] DbMcusAds:125 - Set database path to: C:\Users\LEGION\.stmcufinder\plugins\mcufinder//mcu/
2025-06-15 15:58:27,230 [WARN] DbFile:41 - Overriding database path with different value: C:\Users\LEGION\.stmcufinder\plugins\mcufinder/ => C:\Users\LEGION\.stmcufinder\plugins\mcufinder
2025-06-15 15:58:27,230 [WARN] DbFile:41 - Overriding database path with different value: C:\Users\LEGION\.stmcufinder\plugins\mcufinder/ => C:\Users\LEGION\.stmcufinder\plugins\mcufinder
2025-06-15 15:58:27,231 [INFO] CrossReferenceDbSqlite:203 - Set database path to: C:\Users\LEGION\.stmcufinder\plugins\mcufinder//mcu/cs/
2025-06-15 15:58:27,294 [INFO] MainPanel:253 - HeapMemory: 652214272
2025-06-15 15:58:27,377 [INFO] DbMcusXml:78 - Set database path to: C:\ST\STM32CubeIDE_1.12.1\STM32CubeIDE\plugins\com.st.stm32cube.common.mx_6.8.1.202304191431\\db\/mcu/
2025-06-15 15:58:27,378 [INFO] ApiDb:274 - Set plugin database path to: C:\ST\STM32CubeIDE_1.12.1\STM32CubeIDE\plugins\com.st.stm32cube.common.mx_6.8.1.202304191431\\db\/plugins/boardmanager/
2025-06-15 15:58:27,378 [INFO] ApiDb:261 - Set plugin images path to: C:\ST\STM32CubeIDE_1.12.1\STM32CubeIDE\plugins\com.st.stm32cube.common.mx_6.8.1.202304191431\\db\/plugins/mcufinder/images/
2025-06-15 15:58:27,378 [WARN] DbFile:41 - Overriding database path with different value: C:\Users\LEGION\.stmcufinder\plugins\mcufinder/ => C:\Users\LEGION\.stmcufinder\plugins\mcufinder
2025-06-15 15:58:27,378 [INFO] ApiDb:250 - Set database path to: C:\Users\LEGION\.stmcufinder\plugins\mcufinder//mcu/
2025-06-15 15:58:27,378 [WARN] DbFile:41 - Overriding database path with different value: C:\Users\LEGION\.stmcufinder\plugins\mcufinder/ => C:\Users\LEGION\.stmcufinder\plugins\mcufinder
2025-06-15 15:58:27,378 [INFO] DbMcusAds:125 - Set database path to: C:\Users\LEGION\.stmcufinder\plugins\mcufinder//mcu/
2025-06-15 15:58:27,378 [WARN] DbFile:41 - Overriding database path with different value: C:\Users\LEGION\.stmcufinder\plugins\mcufinder/ => C:\Users\LEGION\.stmcufinder\plugins\mcufinder
2025-06-15 15:58:27,378 [WARN] DbFile:41 - Overriding database path with different value: C:\Users\LEGION\.stmcufinder\plugins\mcufinder/ => C:\Users\LEGION\.stmcufinder\plugins\mcufinder
2025-06-15 15:58:27,379 [INFO] CrossReferenceDbSqlite:203 - Set database path to: C:\Users\LEGION\.stmcufinder\plugins\mcufinder//mcu/cs/
2025-06-15 15:58:27,396 [INFO] ApplicationProperties:184 - Using Application install path: C:\ST\STM32CubeIDE_1.12.1\STM32CubeIDE\plugins\com.st.stm32cube.common.mx_6.8.1.202304191431
2025-06-15 15:58:27,398 [INFO] PluginManage:196 - Search for loadable plugins [exclusion list=, ]
2025-06-15 15:58:27,399 [INFO] PluginManage:310 - Check plugin analytics
2025-06-15 15:58:27,545 [INFO] AnalyticsPlugin:253 - Accepted Software Licenses: STM32CubeMX.6.11.1
2025-06-15 15:58:27,545 [INFO] AnalyticsPlugin:255 - Accepted CMSIS Pack Licenses: 
2025-06-15 15:58:27,545 [INFO] AnalyticsPlugin:257 - Accepted Firmware Licenses: FW.F4.1.27.0,FW.G0.1.6.0,FW.F4.1.28.0
2025-06-15 15:58:27,550 [INFO] PluginManage:359 - Loaded plugin analytics (category:tool,tabindex:-1)
2025-06-15 15:58:27,550 [INFO] PluginManage:310 - Check plugin cadmodel
2025-06-15 15:58:27,571 [INFO] CADModel:105 - Init CAD model plugin
2025-06-15 15:58:27,571 [INFO] PluginManage:359 - Loaded plugin cadmodel (category:power,tabindex:5)
2025-06-15 15:58:27,571 [INFO] PluginManage:310 - Check plugin clock
2025-06-15 15:58:27,594 [INFO] PluginManage:359 - Loaded plugin clock (category:base,tabindex:2)
2025-06-15 15:58:27,594 [INFO] PluginManage:310 - Check plugin ddr
2025-06-15 15:58:27,596 [INFO] PluginManage:359 - Loaded plugin ddr (category:tool,tabindex:6)
2025-06-15 15:58:27,596 [INFO] PluginManage:310 - Check plugin filemanager
2025-06-15 15:58:27,710 [INFO] PluginManage:359 - Loaded plugin filemanager (category:base,tabindex:10)
2025-06-15 15:58:27,711 [INFO] PluginManage:310 - Check plugin ipmanager
2025-06-15 15:58:27,718 [INFO] PluginManage:359 - Loaded plugin ipmanager (category:base,tabindex:5)
2025-06-15 15:58:27,718 [INFO] PluginManage:310 - Check plugin lpbam
2025-06-15 15:58:27,737 [INFO] PluginManage:359 - Loaded plugin lpbam (category:base,tabindex:0)
2025-06-15 15:58:27,737 [INFO] PluginManage:310 - Check plugin pinoutandconfiguration
2025-06-15 15:58:27,755 [INFO] PluginManage:359 - Loaded plugin pinoutandconfiguration (category:base,tabindex:1)
2025-06-15 15:58:27,756 [INFO] PluginManage:310 - Check plugin pinoutconfig
2025-06-15 15:58:27,846 [WARN] SupportedApi:132 - Cannot load RTOS API schema: s4s-elt-must-match.1: The content of 'definitions' must match (annotation?, (simpleType | complexType)?, (unique | key | keyref)*)). A problem was found starting at: attribute.
2025-06-15 15:58:27,960 [INFO] PluginManage:359 - Loaded plugin pinoutconfig (category:base,tabindex:0)
2025-06-15 15:58:27,961 [INFO] PluginManage:310 - Check plugin power
2025-06-15 15:58:27,985 [INFO] PluginManage:359 - Loaded plugin power (category:power,tabindex:4)
2025-06-15 15:58:27,985 [INFO] PluginManage:310 - Check plugin projectmanager
2025-06-15 15:58:27,999 [INFO] PluginManage:359 - Loaded plugin projectmanager (category:projectmanager,tabindex:3)
2025-06-15 15:58:27,999 [INFO] PluginManage:310 - Check plugin thirdparty
2025-06-15 15:58:28,255 [INFO] PluginManage:359 - Loaded plugin thirdparty (category:base,tabindex:-1)
2025-06-15 15:58:28,255 [INFO] PluginManage:310 - Check plugin tools
2025-06-15 15:58:28,255 [WARN] IntegrityCheckThread:84 - waiting for thirdparty lock release [integrity check]
2025-06-15 15:58:28,255 [INFO] IntegrityCheckThread:86 - entering critical section [integrity check]
2025-06-15 15:58:28,256 [INFO] ThirdPartyUpdaterWithRetryManager:70 - Updater plugin not ready yet. [1/15]
2025-06-15 15:58:28,288 [INFO] PluginManage:359 - Loaded plugin tools (category:base,tabindex:7)
2025-06-15 15:58:28,288 [INFO] PluginManage:310 - Check plugin tutovideos
2025-06-15 15:58:28,472 [INFO] PluginManage:359 - Loaded plugin tutovideos (category:base,tabindex:-1)
2025-06-15 15:58:28,472 [INFO] PluginManage:310 - Check plugin updater
2025-06-15 15:58:28,485 [INFO] PluginManage:359 - Loaded plugin updater (category:base,tabindex:12)
2025-06-15 15:58:28,486 [INFO] PluginManage:283 - PluginManage : Loaded plugins [15]
2025-06-15 15:58:28,700 [INFO] PinOutPanel:1499 - setPackage(No Configuration,No Configuration)
2025-06-15 15:58:28,765 [INFO] CADModel:165 - CPN selected for project level
2025-06-15 15:58:28,766 [INFO] CADModel:114 - Register for checkConnection events
2025-06-15 15:58:28,794 [INFO] IPUIPlugin:80 - create IPUIPlugin
2025-06-15 15:58:28,795 [INFO] PluginManager:220 - loadIPPluginJar : add adc
2025-06-15 15:58:28,837 [INFO] IPUIPlugin:80 - create IPUIPlugin
2025-06-15 15:58:28,837 [INFO] PluginManager:220 - loadIPPluginJar : add aes
2025-06-15 15:58:28,891 [INFO] IPUIPlugin:80 - create IPUIPlugin
2025-06-15 15:58:28,891 [INFO] PluginManager:220 - loadIPPluginJar : add can
2025-06-15 15:58:28,925 [INFO] IPUIPlugin:80 - create IPUIPlugin
2025-06-15 15:58:28,925 [INFO] PluginManager:220 - loadIPPluginJar : add comp
2025-06-15 15:58:28,970 [INFO] IPUIPlugin:80 - create IPUIPlugin
2025-06-15 15:58:28,970 [INFO] PluginManager:220 - loadIPPluginJar : add cryp
2025-06-15 15:58:29,020 [INFO] IPUIPlugin:80 - create IPUIPlugin
2025-06-15 15:58:29,020 [INFO] PluginManager:220 - loadIPPluginJar : add dfsdm
2025-06-15 15:58:29,039 [INFO] IPUIPlugin:80 - create IPUIPlugin
2025-06-15 15:58:29,039 [INFO] PluginManager:220 - loadIPPluginJar : add dma
2025-06-15 15:58:29,095 [INFO] IPUIPlugin:80 - create IPUIPlugin
2025-06-15 15:58:29,095 [INFO] PluginManager:220 - loadIPPluginJar : add dma3
2025-06-15 15:58:29,122 [INFO] IPUIPlugin:80 - create IPUIPlugin
2025-06-15 15:58:29,122 [INFO] PluginManager:220 - loadIPPluginJar : add fatfs
2025-06-15 15:58:29,180 [INFO] IPUIPlugin:80 - create IPUIPlugin
2025-06-15 15:58:29,180 [INFO] PluginManager:220 - loadIPPluginJar : add fmc
2025-06-15 15:58:29,198 [INFO] IPUIPlugin:80 - create IPUIPlugin
2025-06-15 15:58:29,198 [INFO] PluginManager:220 - loadIPPluginJar : add freertos
2025-06-15 15:58:29,225 [INFO] IPUIPlugin:80 - create IPUIPlugin
2025-06-15 15:58:29,225 [INFO] PluginManager:220 - loadIPPluginJar : add genericplugin
2025-06-15 15:58:29,327 [INFO] IPUIPlugin:80 - create IPUIPlugin
2025-06-15 15:58:29,327 [INFO] PluginManager:220 - loadIPPluginJar : add gfxmmu
2025-06-15 15:58:29,446 [INFO] IPUIPlugin:80 - create IPUIPlugin
2025-06-15 15:58:29,446 [INFO] PluginManager:220 - loadIPPluginJar : add gic
2025-06-15 15:58:29,460 [INFO] IPUIPlugin:80 - create IPUIPlugin
2025-06-15 15:58:29,460 [INFO] PluginManager:220 - loadIPPluginJar : add gpio
2025-06-15 15:58:29,543 [INFO] IPUIPlugin:80 - create IPUIPlugin
2025-06-15 15:58:29,544 [INFO] PluginManager:220 - loadIPPluginJar : add gtzc
2025-06-15 15:58:29,575 [INFO] IPUIPlugin:80 - create IPUIPlugin
2025-06-15 15:58:29,575 [INFO] PluginManager:220 - loadIPPluginJar : add hash
2025-06-15 15:58:29,623 [INFO] IPUIPlugin:80 - create IPUIPlugin
2025-06-15 15:58:29,623 [INFO] PluginManager:220 - loadIPPluginJar : add i2c
2025-06-15 15:58:29,665 [INFO] IPUIPlugin:80 - create IPUIPlugin
2025-06-15 15:58:29,665 [INFO] PluginManager:220 - loadIPPluginJar : add i2s
2025-06-15 15:58:29,706 [INFO] IPUIPlugin:80 - create IPUIPlugin
2025-06-15 15:58:29,706 [INFO] PluginManager:220 - loadIPPluginJar : add i3c
2025-06-15 15:58:29,799 [INFO] IPUIPlugin:80 - create IPUIPlugin
2025-06-15 15:58:29,800 [INFO] PluginManager:220 - loadIPPluginJar : add ipddr
2025-06-15 15:58:29,882 [INFO] IPUIPlugin:80 - create IPUIPlugin
2025-06-15 15:58:29,883 [INFO] PluginManager:220 - loadIPPluginJar : add linkedlist
2025-06-15 15:58:29,918 [INFO] IPUIPlugin:80 - create IPUIPlugin
2025-06-15 15:58:29,918 [INFO] PluginManager:220 - loadIPPluginJar : add lorawan
2025-06-15 15:58:29,956 [INFO] IPUIPlugin:80 - create IPUIPlugin
2025-06-15 15:58:29,956 [INFO] PluginManager:220 - loadIPPluginJar : add ltdc
2025-06-15 15:58:29,971 [INFO] IPUIPlugin:80 - create IPUIPlugin
2025-06-15 15:58:29,971 [INFO] PluginManager:220 - loadIPPluginJar : add mdma
2025-06-15 15:58:29,985 [INFO] IPUIPlugin:80 - create IPUIPlugin
2025-06-15 15:58:29,985 [INFO] PluginManager:220 - loadIPPluginJar : add nvic
2025-06-15 15:58:30,025 [INFO] IPUIPlugin:80 - create IPUIPlugin
2025-06-15 15:58:30,025 [INFO] PluginManager:220 - loadIPPluginJar : add opamp
2025-06-15 15:58:30,082 [INFO] IPUIPlugin:80 - create IPUIPlugin
2025-06-15 15:58:30,082 [INFO] PluginManager:220 - loadIPPluginJar : add openamp
2025-06-15 15:58:30,124 [INFO] IPUIPlugin:80 - create IPUIPlugin
2025-06-15 15:58:30,124 [INFO] PluginManager:220 - loadIPPluginJar : add pdm2pcm
2025-06-15 15:58:30,140 [INFO] IPUIPlugin:80 - create IPUIPlugin
2025-06-15 15:58:30,142 [INFO] PluginManager:220 - loadIPPluginJar : add plateformsettings
2025-06-15 15:58:30,167 [INFO] IPUIPlugin:80 - create IPUIPlugin
2025-06-15 15:58:30,167 [INFO] PluginManager:220 - loadIPPluginJar : add quadspi
2025-06-15 15:58:30,181 [INFO] IPUIPlugin:80 - create IPUIPlugin
2025-06-15 15:58:30,181 [INFO] PluginManager:220 - loadIPPluginJar : add resmgrutility
2025-06-15 15:58:30,226 [INFO] IPUIPlugin:80 - create IPUIPlugin
2025-06-15 15:58:30,226 [INFO] PluginManager:220 - loadIPPluginJar : add sai
2025-06-15 15:58:30,263 [INFO] IPUIPlugin:80 - create IPUIPlugin
2025-06-15 15:58:30,263 [INFO] PluginManager:220 - loadIPPluginJar : add spi
2025-06-15 15:58:30,316 [INFO] IPUIPlugin:80 - create IPUIPlugin
2025-06-15 15:58:30,316 [INFO] PluginManager:220 - loadIPPluginJar : add stm32_wpan
2025-06-15 15:58:30,342 [INFO] IPUIPlugin:80 - create IPUIPlugin
2025-06-15 15:58:30,342 [INFO] PluginManager:220 - loadIPPluginJar : add tim
2025-06-15 15:58:30,394 [INFO] IPUIPlugin:80 - create IPUIPlugin
2025-06-15 15:58:30,394 [INFO] PluginManager:220 - loadIPPluginJar : add touchsensing
2025-06-15 15:58:30,417 [INFO] IPUIPlugin:80 - create IPUIPlugin
2025-06-15 15:58:30,418 [INFO] PluginManager:220 - loadIPPluginJar : add tracer_emb
2025-06-15 15:58:30,443 [INFO] IPUIPlugin:80 - create IPUIPlugin
2025-06-15 15:58:30,443 [INFO] PluginManager:220 - loadIPPluginJar : add ts
2025-06-15 15:58:30,467 [INFO] IPUIPlugin:80 - create IPUIPlugin
2025-06-15 15:58:30,467 [INFO] PluginManager:220 - loadIPPluginJar : add tsc
2025-06-15 15:58:30,491 [INFO] IPUIPlugin:80 - create IPUIPlugin
2025-06-15 15:58:30,491 [INFO] PluginManager:220 - loadIPPluginJar : add ucpd
2025-06-15 15:58:30,533 [INFO] IPUIPlugin:80 - create IPUIPlugin
2025-06-15 15:58:30,533 [INFO] PluginManager:220 - loadIPPluginJar : add usart
2025-06-15 15:58:30,575 [INFO] IPUIPlugin:80 - create IPUIPlugin
2025-06-15 15:58:30,575 [INFO] PluginManager:220 - loadIPPluginJar : add usbx
2025-06-15 15:58:30,694 [INFO] CADModel:165 - CPN selected for project level
2025-06-15 15:58:30,694 [INFO] CADModel:114 - Register for checkConnection events
2025-06-15 15:58:30,694 [FATAL] Updater:308 - Updater called before beeing initialized
2025-06-15 15:58:30,694 [ERROR] CADModel:125 - Updater not yet initialized, retry later 
2025-06-15 15:58:30,824 [INFO] CADModel:165 - CPN selected for project level
2025-06-15 15:58:30,824 [INFO] CADModel:114 - Register for checkConnection events
2025-06-15 15:58:30,824 [FATAL] Updater:308 - Updater called before beeing initialized
2025-06-15 15:58:30,824 [ERROR] CADModel:125 - Updater not yet initialized, retry later 
2025-06-15 15:58:30,827 [FATAL] Updater:308 - Updater called before beeing initialized
2025-06-15 15:58:30,917 [FATAL] Updater:308 - Updater called before beeing initialized
2025-06-15 15:58:30,932 [INFO] DbMcusAds:53 - JSON generation date=Wed May 07 16:07:55 ICT 2025 (1746608875484)
2025-06-15 15:58:30,932 [FATAL] Updater:308 - Updater called before beeing initialized
2025-06-15 15:58:31,017 [WARN] DetailPanel:346 - Failed to get advertising image, set to default
2025-06-15 15:58:31,116 [FATAL] Updater:308 - Updater called before beeing initialized
2025-06-15 15:58:31,118 [FATAL] Updater:308 - Updater called before beeing initialized
2025-06-15 15:58:31,118 [FATAL] Updater:308 - Updater called before beeing initialized
2025-06-15 15:58:31,118 [WARN] DetailPanel:346 - Failed to get advertising image, set to default
2025-06-15 15:58:31,119 [FATAL] Updater:308 - Updater called before beeing initialized
2025-06-15 15:58:31,176 [ERROR] Updater:1120 - MainUpdater not yet initialized. External WinMGr cannot be set.
2025-06-15 15:58:31,187 [INFO] Updater:1056 - Updater Version found : 6.8.1
2025-06-15 15:58:31,205 [INFO] ApplicationProperties:184 - Using Application install path: C:\ST\STM32CubeIDE_1.12.1\STM32CubeIDE\plugins\com.st.stm32cube.common.mx_6.8.1.202304191431
2025-06-15 15:58:31,260 [INFO] ThirdPartyUpdaterWithRetryManager:70 - Updater plugin not ready yet. [2/15]
2025-06-15 15:58:32,239 [INFO] MainUpdater:2854 - connection check result : 10
2025-06-15 15:58:32,240 [INFO] MainUpdater:283 - Updater Check For Update Now.
2025-06-15 15:58:32,240 [INFO] MicroXplorer:498 - Change Database Version : DB.6.0.81
2025-06-15 15:58:32,441 [INFO] CheckServerUpdateThread:120 - End of CheckServer Thread
2025-06-15 15:58:32,477 [INFO] MainUpdater:2854 - connection check result : 10
2025-06-15 15:58:32,487 [INFO] MainUpdater:2854 - connection check result : 10
2025-06-15 15:58:32,659 [INFO] MicroXplorer:468 - Change Database Path : 
2025-06-15 15:58:32,659 [INFO] MicroXplorer:498 - Change Database Version : DB.6.0.81
2025-06-15 15:58:32,659 [WARN] ThirdParty:871 - waiting for thirdparty lock release [close project]
2025-06-15 15:58:34,472 [WARN] PackLoader:240 - Cannot read IP mode file for STMicroelectronics.FP-SNS-MOTENVWB1.1.4.0
2025-06-15 15:58:34,487 [WARN] PackLoader:240 - Cannot read IP mode file for STMicroelectronics.FP-ATR-ASTRA1.2.0.2
2025-06-15 15:58:34,500 [WARN] PackLoader:240 - Cannot read IP mode file for STMicroelectronics.FP-ATR-ASTRA1.2.0.1
2025-06-15 15:58:34,515 [WARN] PackLoader:240 - Cannot read IP mode file for STMicroelectronics.X-CUBE-SMBUS.2.1.0
2025-06-15 15:58:34,526 [ERROR] Engine:466 - C:\Users\LEGION\.stm32cubemx\thirdparties\pdsc\STMicroelectronics.X-CUBE-ST60.1.0.0.pdsc: PDSC version is not supported
2025-06-15 15:58:34,539 [WARN] PackLoader:240 - Cannot read IP mode file for STMicroelectronics.X-CUBE-TOUCHGFX.4.23.0
2025-06-15 15:58:34,550 [WARN] PackLoader:240 - Cannot read IP mode file for STMicroelectronics.X-CUBE-TOUCHGFX.4.23.2
2025-06-15 15:58:34,580 [WARN] PackLoader:240 - Cannot read IP mode file for STMicroelectronics.X-CUBE-AZRTOS-F7.1.1.0
2025-06-15 15:58:34,601 [WARN] PackLoader:240 - Cannot read IP mode file for STMicroelectronics.FP-SNS-MOTENV1.4.3.2
2025-06-15 15:58:34,616 [ERROR] RealEvaluatedCondition:428 - Found unsupported composite condition: CLASS='Data Exchange' GROUP='STM32_MetaDataManager'
2025-06-15 15:58:34,616 [ERROR] RealEvaluatedCondition:428 - Found unsupported composite condition: GROUP='STM32_MetaDataManager' CLASS='Data Exchange'
2025-06-15 15:58:34,617 [WARN] PackLoader:240 - Cannot read IP mode file for STMicroelectronics.FP-SNS-MOTENV1.4.3.1
2025-06-15 15:58:34,632 [WARN] PackLoader:240 - Cannot read IP mode file for STMicroelectronics.FP-SNS-FLIGHT1.5.0.1
2025-06-15 15:58:34,685 [WARN] PackLoader:240 - Cannot read IP mode file for STMicroelectronics.X-CUBE-MEMS1.11.0.0
2025-06-15 15:58:34,840 [WARN] PackLoader:240 - Cannot read IP mode file for STMicroelectronics.X-CUBE-BLE1.6.2.4
2025-06-15 15:58:34,858 [WARN] PackLoader:240 - Cannot read IP mode file for STMicroelectronics.FP-SNS-FLIGHT1.5.0.2
2025-06-15 15:58:34,879 [WARN] PackLoader:240 - Cannot read IP mode file for STMicroelectronics.X-CUBE-DISPLAY.3.0.0
2025-06-15 15:58:34,899 [WARN] PackLoader:240 - Cannot read IP mode file for STMicroelectronics.X-CUBE-BLE1.7.0.0
2025-06-15 15:58:34,914 [ERROR] Engine:466 - C:\Users\LEGION\.stm32cubemx\thirdparties\pdsc\quantropi.X-CUBE-qispace-sdk-base.2.0.0.pdsc: PDSC version is not supported
2025-06-15 15:58:34,960 [WARN] PackLoader:240 - Cannot read IP mode file for STMicroelectronics.X-CUBE-BLEMGR.3.1.0
2025-06-15 15:58:34,988 [WARN] PackLoader:240 - Cannot read IP mode file for STMicroelectronics.FP-SNS-SMARTAG2.1.2.0
2025-06-15 15:58:35,003 [ERROR] Engine:466 - C:\Users\LEGION\.stm32cubemx\thirdparties\pdsc\STMicroelectronics.FP-SNS-FLIGHT1.5.1.0.pdsc: PDSC version is not supported
2025-06-15 15:58:35,027 [INFO] LogOutputStream:77 - [STDOUT_REDIRECT] 1 : Invalid condition id : UX_CORESTACK_Condition cause : null
2025-06-15 15:58:35,027 [INFO] LogOutputStream:77 - [STDOUT_REDIRECT] 1 : Invalid condition id : UX_CORESTACK_Condition cause : null
2025-06-15 15:58:35,029 [INFO] LogOutputStream:77 - [STDOUT_REDIRECT] 1 : Invalid condition id : UX_CORESTACK_Condition cause : null
2025-06-15 15:58:35,029 [INFO] LogOutputStream:77 - [STDOUT_REDIRECT] 1 : Invalid condition id : UX_CORESTACK_Condition cause : null
2025-06-15 15:58:35,030 [INFO] LogOutputStream:77 - [STDOUT_REDIRECT] 1 : Invalid condition id : UX_CORESTACK_Condition cause : null
2025-06-15 15:58:35,033 [WARN] PackLoader:240 - Cannot read IP mode file for STMicroelectronics.X-CUBE-AZRTOS-WL.2.0.0
2025-06-15 15:58:35,052 [WARN] PackLoader:240 - Cannot read IP mode file for STMicroelectronics.FP-SNS-MOTENV1.5.0.0
2025-06-15 15:58:35,068 [WARN] PackLoader:240 - Cannot read IP mode file for wolfSSL.I-CUBE-wolfMQTT.1.19.0
2025-06-15 15:58:35,093 [WARN] PackLoader:240 - Cannot read IP mode file for WES.I-CUBE-Cesium.1.3.0
2025-06-15 15:58:35,110 [WARN] PackLoader:240 - Cannot read IP mode file for STMicroelectronics.X-CUBE-BLE2.3.3.0
2025-06-15 15:58:35,128 [WARN] PackLoader:240 - Cannot read IP mode file for STMicroelectronics.X-CUBE-BLE1.7.1.0
2025-06-15 15:58:35,147 [WARN] PackLoader:240 - Cannot read IP mode file for STMicroelectronics.X-CUBE-TCPP.4.1.0
2025-06-15 15:58:35,165 [WARN] PackLoader:240 - Cannot read IP mode file for STMicroelectronics.X-CUBE-TOUCHGFX.4.21.4
2025-06-15 15:58:35,180 [WARN] PackLoader:240 - Cannot read IP mode file for STMicroelectronics.X-CUBE-AI.10.1.0
2025-06-15 15:58:35,197 [WARN] PackLoader:240 - Cannot read IP mode file for STMicroelectronics.X-CUBE-ALGOBUILD.1.3.0
2025-06-15 15:58:35,251 [WARN] PackLoader:240 - Cannot read IP mode file for STMicroelectronics.X-CUBE-MEMS1.11.2.0
2025-06-15 15:58:35,367 [WARN] PackLoader:240 - Cannot read IP mode file for STMicroelectronics.X-CUBE-AZRTOS-G0.1.1.0
2025-06-15 15:58:35,387 [WARN] PackLoader:240 - Cannot read IP mode file for STMicroelectronics.X-CUBE-SAFEA1.1.2.2
2025-06-15 15:58:35,406 [WARN] PackLoader:240 - Cannot read IP mode file for STMicroelectronics.X-CUBE-NFC4.3.0.0
2025-06-15 15:58:35,421 [ERROR] Engine:466 - C:\Users\LEGION\.stm32cubemx\thirdparties\pdsc\EmbeddedOffice.I-CUBE-FS-RTOS.1.0.1.pdsc: PDSC version is not supported
2025-06-15 15:58:35,437 [WARN] PackLoader:240 - Cannot read IP mode file for STMicroelectronics.X-CUBE-WB05N.2.0.0
2025-06-15 15:58:35,456 [WARN] PackLoader:240 - Cannot read IP mode file for STMicroelectronics.X-CUBE-BLEMGR.3.0.0
2025-06-15 15:58:35,474 [WARN] PackLoader:240 - Cannot read IP mode file for wolfSSL.I-CUBE-wolfTPM.3.8.0
2025-06-15 15:58:35,488 [ERROR] Engine:466 - C:\Users\LEGION\.stm32cubemx\thirdparties\pdsc\STMicroelectronics.X-CUBE-TCPP.4.2.0.pdsc: PDSC version is not supported
2025-06-15 15:58:35,503 [ERROR] Engine:466 - C:\Users\LEGION\.stm32cubemx\thirdparties\pdsc\RealThread.X-CUBE-RT-Thread_Nano.4.1.1.pdsc: PDSC version is not supported
2025-06-15 15:58:35,519 [WARN] PackLoader:240 - Cannot read IP mode file for STMicroelectronics.FP-ATR-SIGFOX1.3.2.0
2025-06-15 15:58:35,538 [WARN] PackLoader:240 - Cannot read IP mode file for STMicroelectronics.X-CUBE-EEPRMA1.5.1.0
2025-06-15 15:58:35,553 [ERROR] Engine:466 - C:\Users\LEGION\.stm32cubemx\thirdparties\pdsc\STMicroelectronics.X-CUBE-ST67W61.1.0.0.pdsc: PDSC version is not supported
2025-06-15 15:58:35,593 [WARN] PackLoader:240 - Cannot read IP mode file for SEGGER.I-CUBE-embOS.1.3.1
2025-06-15 15:58:35,642 [WARN] PackLoader:240 - Cannot read IP mode file for STMicroelectronics.X-CUBE-ALGOBUILD.1.4.0
2025-06-15 15:58:35,710 [WARN] PackLoader:240 - Cannot read IP mode file for STMicroelectronics.X-CUBE-MEMS1.11.3.0
2025-06-15 15:58:35,792 [WARN] PackLoader:240 - Cannot read IP mode file for STMicroelectronics.X-CUBE-AI.9.1.0
2025-06-15 15:58:35,813 [WARN] PackLoader:240 - Cannot read IP mode file for STMicroelectronics.X-CUBE-GNSS1.6.0.0
2025-06-15 15:58:35,839 [WARN] PackLoader:240 - Cannot read IP mode file for STMicroelectronics.X-CUBE-AZRTOS-F4.1.1.0
2025-06-15 15:58:35,856 [ERROR] Engine:466 - C:\Users\LEGION\.stm32cubemx\thirdparties\pdsc\Avnet-IotConnect.X-CUBE-IoTC-DA16k-PMOD.1.0.0.pdsc: PDSC version is not supported
2025-06-15 15:58:35,870 [WARN] PackLoader:240 - Cannot read IP mode file for wolfSSL.I-CUBE-wolfSSL.5.6.0
2025-06-15 15:58:35,886 [WARN] PackLoader:240 - Cannot read IP mode file for STMicroelectronics.X-CUBE-FREERTOS.1.2.0
2025-06-15 15:58:35,910 [WARN] PackLoader:240 - Cannot read IP mode file for STMicroelectronics.X-CUBE-AZRTOS-L5.2.0.0
2025-06-15 15:58:35,953 [WARN] PackLoader:240 - Cannot read IP mode file for STMicroelectronics.X-CUBE-MEMS1.9.6.0
2025-06-15 15:58:36,042 [WARN] PackLoader:240 - Cannot read IP mode file for STMicroelectronics.X-CUBE-NFC6.3.1.0
2025-06-15 15:58:36,057 [WARN] PackLoader:240 - Cannot read IP mode file for ITTIA_DB.I-CUBE-ITTIADB.8.8.0
2025-06-15 15:58:36,072 [WARN] PackLoader:240 - Cannot read IP mode file for emotas.I-CUBE-CANOPEN.1.1.3
2025-06-15 15:58:36,087 [WARN] PackLoader:240 - Cannot read IP mode file for STMicroelectronics.X-CUBE-BLEMGR.2.0.0
2025-06-15 15:58:36,101 [ERROR] Engine:466 - C:\Users\LEGION\.stm32cubemx\thirdparties\pdsc\STMicroelectronics.X-CUBE-DPower.1.2.0.pdsc: PDSC version is not supported
2025-06-15 15:58:36,114 [WARN] PackLoader:240 - Cannot read IP mode file for STMicroelectronics.X-CUBE-AI.9.0.0
2025-06-15 15:58:36,138 [WARN] ConditionMgr:438 - getConditionDescription Invalid condition id : UX DEVICE CLASS RTOS Condition cause : null
2025-06-15 15:58:36,138 [WARN] ConditionMgr:438 - getConditionDescription Invalid condition id : UX DEVICE CLASS RTOS Condition cause : null
2025-06-15 15:58:36,139 [WARN] PackLoader:240 - Cannot read IP mode file for STMicroelectronics.X-CUBE-AZRTOS-H7.3.1.0
2025-06-15 15:58:36,141 [WARN] ConditionMgr:1039 - genDependencies : Invalid condition id : UX DEVICE CLASS RTOS Condition cause : null
2025-06-15 15:58:36,141 [WARN] ConditionMgr:1039 - genDependencies : Invalid condition id : UX DEVICE CLASS RTOS Condition cause : null
2025-06-15 15:58:36,141 [WARN] ConditionMgr:1039 - genDependencies : Invalid condition id : UX DEVICE CLASS RTOS Condition cause : null
2025-06-15 15:58:36,141 [WARN] ConditionMgr:1039 - genDependencies : Invalid condition id : UX DEVICE CLASS RTOS Condition cause : null
2025-06-15 15:58:36,142 [WARN] ConditionMgr:1039 - genDependencies : Invalid condition id : UX DEVICE CLASS RTOS Condition cause : null
2025-06-15 15:58:36,157 [WARN] PackLoader:240 - Cannot read IP mode file for STMicroelectronics.X-CUBE-FREERTOS.1.3.1
2025-06-15 15:58:36,174 [WARN] PackLoader:240 - Cannot read IP mode file for STMicroelectronics.X-CUBE-NFC7.1.0.1
2025-06-15 15:58:36,189 [WARN] PackLoader:240 - Cannot read IP mode file for STMicroelectronics.X-CUBE-NFC7.1.0.0
2025-06-15 15:58:36,204 [WARN] PackLoader:240 - Cannot read IP mode file for STMicroelectronics.X-CUBE-NFC6.3.0.0
2025-06-15 15:58:36,218 [WARN] PackLoader:240 - Cannot read IP mode file for STMicroelectronics.X-CUBE-EEPRMA1.4.1.0
2025-06-15 15:58:36,231 [ERROR] Engine:466 - C:\Users\LEGION\.stm32cubemx\thirdparties\pdsc\STMicroelectronics.X-CUBE-DPower.1.3.0.pdsc: PDSC version is not supported
2025-06-15 15:58:36,243 [WARN] PackLoader:240 - Cannot read IP mode file for STMicroelectronics.X-CUBE-AI.8.1.0
2025-06-15 15:58:36,273 [WARN] ConditionMgr:438 - getConditionDescription Invalid condition id : LAN8742 Phy interface Condition cause : null
2025-06-15 15:58:36,273 [WARN] PackLoader:240 - Cannot read IP mode file for STMicroelectronics.X-CUBE-AZRTOS-L4.2.0.0
2025-06-15 15:58:36,274 [WARN] ConditionMgr:1039 - genDependencies : Invalid condition id : LAN8742 Phy interface Condition cause : null
2025-06-15 15:58:36,274 [WARN] ConditionMgr:1039 - genDependencies : Invalid condition id : LAN8742 Phy interface Condition cause : null
2025-06-15 15:58:36,274 [WARN] ConditionMgr:1039 - genDependencies : Invalid condition id : LAN8742 Phy interface Condition cause : null
2025-06-15 15:58:36,288 [WARN] PackLoader:240 - Cannot read IP mode file for STMicroelectronics.X-CUBE-SFXS2LP1.4.0.0
2025-06-15 15:58:36,313 [WARN] PackLoader:240 - Cannot read IP mode file for STMicroelectronics.X-CUBE-ISPU.1.1.0
2025-06-15 15:58:36,335 [WARN] PackLoader:240 - Cannot read IP mode file for STMicroelectronics.X-CUBE-AZRTOS-H7.3.3.0
2025-06-15 15:58:36,348 [ERROR] Engine:466 - C:\Users\LEGION\.stm32cubemx\thirdparties\pdsc\STMicroelectronics.X-CUBE-IPS.3.0.0.pdsc: PDSC version is not supported
2025-06-15 15:58:36,368 [WARN] ConditionMgr:438 - getConditionDescription Invalid condition id : UX DEVICE CLASS RTOS Condition cause : null
2025-06-15 15:58:36,369 [WARN] ConditionMgr:438 - getConditionDescription Invalid condition id : UX DEVICE CLASS RTOS Condition cause : null
2025-06-15 15:58:36,369 [WARN] PackLoader:240 - Cannot read IP mode file for STMicroelectronics.X-CUBE-AZRTOS-WB.2.0.0
2025-06-15 15:58:36,370 [WARN] ConditionMgr:1039 - genDependencies : Invalid condition id : UX DEVICE CLASS RTOS Condition cause : null
2025-06-15 15:58:36,370 [WARN] ConditionMgr:1039 - genDependencies : Invalid condition id : UX DEVICE CLASS RTOS Condition cause : null
2025-06-15 15:58:36,370 [WARN] ConditionMgr:1039 - genDependencies : Invalid condition id : UX DEVICE CLASS RTOS Condition cause : null
2025-06-15 15:58:36,370 [WARN] ConditionMgr:1039 - genDependencies : Invalid condition id : UX DEVICE CLASS RTOS Condition cause : null
2025-06-15 15:58:36,370 [WARN] ConditionMgr:1039 - genDependencies : Invalid condition id : UX DEVICE CLASS RTOS Condition cause : null
2025-06-15 15:58:36,382 [WARN] PackLoader:240 - Cannot read IP mode file for STMicroelectronics.X-CUBE-FREERTOS.1.0.1
2025-06-15 15:58:36,395 [WARN] PackLoader:240 - Cannot read IP mode file for STMicroelectronics.X-CUBE-GNSS1.7.0.0
2025-06-15 15:58:36,409 [WARN] PackLoader:240 - Cannot read IP mode file for STMicroelectronics.X-CUBE-GNSS1.7.0.1
2025-06-15 15:58:36,426 [WARN] PackLoader:240 - Cannot read IP mode file for STMicroelectronics.X-CUBE-TOUCHGFX.4.25.0
2025-06-15 15:58:36,446 [WARN] PackLoader:240 - Cannot read IP mode file for STMicroelectronics.X-CUBE-AZRTOS-L5.1.1.0
2025-06-15 15:58:36,459 [WARN] PackLoader:240 - Cannot read IP mode file for STMicroelectronics.X-CUBE-AI.8.0.1
2025-06-15 15:58:36,475 [WARN] PackLoader:240 - Cannot read IP mode file for STMicroelectronics.X-CUBE-SUBG2.5.0.0
2025-06-15 15:58:36,501 [WARN] PackLoader:240 - Cannot read IP mode file for STMicroelectronics.X-CUBE-AZRTOS-H7RS.1.1.0
2025-06-15 15:58:36,514 [WARN] PackLoader:240 - Cannot read IP mode file for Cesanta.I-CUBE-Mongoose.7.13.0
2025-06-15 15:58:36,533 [WARN] PackLoader:240 - Cannot read IP mode file for STMicroelectronics.X-CUBE-AZRTOS-G4.2.0.0
2025-06-15 15:58:36,552 [WARN] PackLoader:240 - Cannot read IP mode file for STMicroelectronics.X-CUBE-TOF1.3.3.0
2025-06-15 15:58:36,572 [WARN] PackLoader:240 - Cannot read IP mode file for Infineon.AIROC-Wi-Fi-Bluetooth-STM32.1.5.1
2025-06-15 15:58:36,585 [WARN] PackLoader:240 - Cannot read IP mode file for wolfSSL.I-CUBE-wolfSSH.1.4.20
2025-06-15 15:58:36,597 [WARN] PackLoader:240 - Cannot read IP mode file for STMicroelectronics.X-CUBE-NFC7.2.0.0
2025-06-15 15:58:36,608 [WARN] PackLoader:240 - Cannot read IP mode file for STMicroelectronics.FP-SNS-MOTENVWB1.1.3.1
2025-06-15 15:58:36,619 [WARN] PackLoader:240 - Cannot read IP mode file for STMicroelectronics.X-CUBE-ISPU.2.0.0
2025-06-15 15:58:36,630 [ERROR] Engine:466 - C:\Users\LEGION\.stm32cubemx\thirdparties\pdsc\STMicroelectronics.X-CUBE-IPS.3.1.0.pdsc: PDSC version is not supported
2025-06-15 15:58:36,642 [WARN] PackLoader:240 - Cannot read IP mode file for STMicroelectronics.X-CUBE-ALS.1.0.2
2025-06-15 15:58:36,678 [WARN] PackLoader:240 - Cannot read IP mode file for STMicroelectronics.X-CUBE-MEMS1.10.0.0
2025-06-15 15:58:36,750 [WARN] PackLoader:240 - Cannot read IP mode file for STMicroelectronics.X-CUBE-FREERTOS.1.1.0
2025-06-15 15:58:36,763 [WARN] PackLoader:240 - Cannot read IP mode file for STMicroelectronics.X-CUBE-TOUCHGFX.4.24.0
2025-06-15 15:58:36,778 [WARN] PackLoader:240 - Cannot read IP mode file for STMicroelectronics.X-CUBE-TOUCHGFX.4.24.1
2025-06-15 15:58:36,792 [WARN] PackLoader:240 - Cannot read IP mode file for portGmbH.I-Cube-SoM-uGOAL.1.1.0
2025-06-15 15:58:36,810 [WARN] PackLoader:240 - Cannot read IP mode file for STMicroelectronics.X-CUBE-ALS.1.0.1
2025-06-15 15:58:36,829 [WARN] PackLoader:240 - Cannot read IP mode file for STMicroelectronics.X-CUBE-AZRTOS-WB.1.1.0
2025-06-15 15:58:36,855 [WARN] PackLoader:240 - Cannot read IP mode file for STMicroelectronics.X-CUBE-AZRTOS-H7RS.1.0.0
2025-06-15 15:58:36,870 [WARN] PackLoader:240 - Cannot read IP mode file for STMicroelectronics.FP-ATR-ASTRA1.2.0.0
2025-06-15 15:58:36,885 [ERROR] Engine:466 - C:\Users\LEGION\.stm32cubemx\thirdparties\pdsc\STMicroelectronics.X-CUBE-TOF1.3.4.2.pdsc: PDSC version is not supported
2025-06-15 15:58:36,900 [ERROR] Engine:466 - C:\Users\LEGION\.stm32cubemx\thirdparties\pdsc\STMicroelectronics.X-CUBE-TOF1.3.4.3.pdsc: PDSC version is not supported
2025-06-15 15:58:36,919 [WARN] PackLoader:240 - Cannot read IP mode file for STMicroelectronics.X-CUBE-TOF1.3.4.0
2025-06-15 15:58:36,942 [WARN] PackLoader:240 - Cannot read IP mode file for STMicroelectronics.X-CUBE-TOF1.3.4.1
2025-06-15 15:58:36,976 [WARN] PackLoader:240 - Cannot read IP mode file for STMicroelectronics.X-CUBE-AZRTOS-H7.3.2.0
2025-06-15 15:58:36,978 [INFO] ThirdParty:978 - Integrity check success = true
2025-06-15 15:58:36,979 [INFO] IntegrityCheckThread:100 - exiting critical section [integrity check]
2025-06-15 15:58:36,979 [INFO] IntegrityCheckThread:103 - End integrity checks thread
2025-06-15 15:58:36,979 [INFO] ThirdParty:873 - entering critical section [close project]
2025-06-15 15:58:36,980 [INFO] ThirdParty:883 - exiting critical section [close project]
2025-06-15 15:58:36,983 [INFO] PinOutPanel:1499 - setPackage(No Configuration,No Configuration)
2025-06-15 15:58:36,986 [INFO] UtilMem:75 - Begin LoadConfig() Used Memory: 645056600 Bytes (704643072)
2025-06-15 15:58:36,987 [INFO] MicroXplorer:468 - Change Database Path : 
2025-06-15 15:58:36,987 [INFO] MicroXplorer:498 - Change Database Version : DB.6.0.81
2025-06-15 15:58:36,988 [INFO] OpenFileManager:308 - Change cursor
2025-06-15 15:58:37,045 [INFO] Mcu:1937 - Initializing MCU STM32F411C(C-E)Ux STM32F411CEUx STM32F411CEU6
2025-06-15 15:58:38,090 [INFO] Context:659 - Trying to add GPIOservice into a context  which must be forbidden
2025-06-15 15:58:38,651 [INFO] RtosManager:555 - Registered RTOS mode: class=CMSIS, group=RTOS, mode=CMSIS_V1, owner=FREERTOS
2025-06-15 15:58:38,651 [INFO] RtosManager:555 - Registered RTOS mode: class=CMSIS, group=RTOS2, mode=CMSIS_V2, owner=FREERTOS
2025-06-15 15:58:38,651 [INFO] RtosManager:555 - Registered RTOS mode: class=RTOS, group=Core, mode=CMSIS_V1, owner=FREERTOS
2025-06-15 15:58:38,651 [INFO] RtosManager:555 - Registered RTOS mode: class=RTOS, group=Core, mode=CMSIS_V2, owner=FREERTOS
2025-06-15 15:58:38,652 [WARN] ModelIntegratedComponent:184 - Missing modes for component STMicroelectronics:FreeRTOS:0.0.1:STMicroelectronics:RTOS:FreeRTOS:Core:::10.2.0:
2025-06-15 15:58:38,656 [WARN] ModelIntegratedComponent:63 - No mode defined for component null
2025-06-15 15:58:38,656 [WARN] ModelIntegratedComponent:63 - No mode defined for component null
2025-06-15 15:58:38,656 [WARN] ModelIntegratedComponent:63 - No mode defined for component null
2025-06-15 15:58:38,656 [WARN] ModelIntegratedComponent:63 - No mode defined for component null
2025-06-15 15:58:38,656 [WARN] ModelIntegratedComponent:63 - No mode defined for component null
2025-06-15 15:58:38,656 [WARN] ModelIntegratedComponent:63 - No mode defined for component null
2025-06-15 15:58:38,656 [WARN] ModelIntegratedComponent:63 - No mode defined for component null
2025-06-15 15:58:38,656 [WARN] ModelIntegratedComponent:63 - No mode defined for component null
2025-06-15 15:58:38,656 [WARN] ModelIntegratedComponent:63 - No mode defined for component null
2025-06-15 15:58:38,657 [WARN] ModelIntegratedComponent:63 - No mode defined for component null
2025-06-15 15:58:38,657 [WARN] ModelIntegratedComponent:63 - No mode defined for component null
2025-06-15 15:58:38,657 [WARN] ModelIntegratedComponent:63 - No mode defined for component null
2025-06-15 15:58:38,657 [WARN] ModelIntegratedComponent:63 - No mode defined for component null
2025-06-15 15:58:38,657 [WARN] ModelIntegratedComponent:63 - No mode defined for component null
2025-06-15 15:58:38,657 [WARN] ModelIntegratedComponent:63 - No mode defined for component null
2025-06-15 15:58:38,657 [WARN] ModelIntegratedComponent:63 - No mode defined for component null
2025-06-15 15:58:38,657 [WARN] ModelIntegratedComponent:63 - No mode defined for component null
2025-06-15 15:58:38,657 [WARN] ModelIntegratedComponent:63 - No mode defined for component null
2025-06-15 15:58:38,657 [WARN] ModelIntegratedComponent:63 - No mode defined for component null
2025-06-15 15:58:38,657 [WARN] ModelIntegratedComponent:63 - No mode defined for component null
2025-06-15 15:58:38,657 [WARN] ModelIntegratedComponent:63 - No mode defined for component null
2025-06-15 15:58:38,657 [WARN] ModelIntegratedComponent:63 - No mode defined for component null
2025-06-15 15:58:38,657 [WARN] ModelIntegratedComponent:63 - No mode defined for component null
2025-06-15 15:58:38,657 [WARN] ModelIntegratedComponent:63 - No mode defined for component null
2025-06-15 15:58:38,657 [WARN] ModelIntegratedComponent:63 - No mode defined for component null
2025-06-15 15:58:38,657 [WARN] ModelIntegratedComponent:63 - No mode defined for component null
2025-06-15 15:58:38,657 [WARN] ModelIntegratedComponent:63 - No mode defined for component null
2025-06-15 15:58:38,657 [WARN] ModelIntegratedComponent:63 - No mode defined for component null
2025-06-15 15:58:38,657 [WARN] ModelIntegratedComponent:63 - No mode defined for component null
2025-06-15 15:58:38,657 [WARN] ModelIntegratedComponent:63 - No mode defined for component null
2025-06-15 15:58:38,658 [WARN] ModelIntegratedComponent:63 - No mode defined for component null
2025-06-15 15:58:38,658 [WARN] ModelIntegratedComponent:63 - No mode defined for component null
2025-06-15 15:58:38,658 [WARN] ModelIntegratedComponent:63 - No mode defined for component null
2025-06-15 15:58:38,661 [WARN] ModelIntegratedComponent:182 - Modes not found for component STMicroelectronics:USB_DEVICE:1.0.0:STMicroelectronics:USB::USB Device:Audio HS::1.0:USB_DEVICE_1_0_RESTRICTED_HS
2025-06-15 15:58:38,662 [WARN] ModelIntegratedComponent:188 - Modes not found for component STMicroelectronics:USB_DEVICE:1.0.0:STMicroelectronics:USB::USB Device:Audio HS::1.0:USB_DEVICE_1_0_RESTRICTED_HS
2025-06-15 15:58:38,662 [WARN] ModelIntegratedComponent:182 - Modes not found for component STMicroelectronics:USB_DEVICE:1.0.0:STMicroelectronics:USB::USB Device:CDC HS::1.0:USB_DEVICE_1_0_RESTRICTED_HS
2025-06-15 15:58:38,662 [WARN] ModelIntegratedComponent:188 - Modes not found for component STMicroelectronics:USB_DEVICE:1.0.0:STMicroelectronics:USB::USB Device:CDC HS::1.0:USB_DEVICE_1_0_RESTRICTED_HS
2025-06-15 15:58:38,662 [WARN] ModelIntegratedComponent:182 - Modes not found for component STMicroelectronics:USB_DEVICE:1.0.0:STMicroelectronics:USB::USB Device:DFU HS::1.0:USB_DEVICE_1_0_RESTRICTED_HS
2025-06-15 15:58:38,662 [WARN] ModelIntegratedComponent:188 - Modes not found for component STMicroelectronics:USB_DEVICE:1.0.0:STMicroelectronics:USB::USB Device:DFU HS::1.0:USB_DEVICE_1_0_RESTRICTED_HS
2025-06-15 15:58:38,662 [WARN] ModelIntegratedComponent:182 - Modes not found for component STMicroelectronics:USB_DEVICE:1.0.0:STMicroelectronics:USB::USB Device:HID HS::1.0:USB_DEVICE_1_0_RESTRICTED_HS
2025-06-15 15:58:38,662 [WARN] ModelIntegratedComponent:188 - Modes not found for component STMicroelectronics:USB_DEVICE:1.0.0:STMicroelectronics:USB::USB Device:HID HS::1.0:USB_DEVICE_1_0_RESTRICTED_HS
2025-06-15 15:58:38,662 [WARN] ModelIntegratedComponent:182 - Modes not found for component STMicroelectronics:USB_DEVICE:1.0.0:STMicroelectronics:USB::USB Device:Custom HID HS::1.0:USB_DEVICE_1_0_RESTRICTED_HS
2025-06-15 15:58:38,663 [WARN] ModelIntegratedComponent:188 - Modes not found for component STMicroelectronics:USB_DEVICE:1.0.0:STMicroelectronics:USB::USB Device:Custom HID HS::1.0:USB_DEVICE_1_0_RESTRICTED_HS
2025-06-15 15:58:38,663 [WARN] ModelIntegratedComponent:182 - Modes not found for component STMicroelectronics:USB_DEVICE:1.0.0:STMicroelectronics:USB::USB Device:MSC HS::1.0:USB_DEVICE_1_0_RESTRICTED_HS
2025-06-15 15:58:38,663 [WARN] ModelIntegratedComponent:188 - Modes not found for component STMicroelectronics:USB_DEVICE:1.0.0:STMicroelectronics:USB::USB Device:MSC HS::1.0:USB_DEVICE_1_0_RESTRICTED_HS
2025-06-15 15:58:38,721 [WARN] ModelIntegratedComponent:182 - Modes not found for component STMicroelectronics:USB_HOST:1.0.0:STMicroelectronics:USB::USB Host:Audio HS::1.0:USB_HOST_1_0_RESTRICTED_HS
2025-06-15 15:58:38,722 [WARN] ModelIntegratedComponent:188 - Modes not found for component STMicroelectronics:USB_HOST:1.0.0:STMicroelectronics:USB::USB Host:Audio HS::1.0:USB_HOST_1_0_RESTRICTED_HS
2025-06-15 15:58:38,722 [WARN] ModelIntegratedComponent:182 - Modes not found for component STMicroelectronics:USB_HOST:1.0.0:STMicroelectronics:USB::USB Host:CDC HS::1.0:USB_HOST_1_0_RESTRICTED_HS
2025-06-15 15:58:38,722 [WARN] ModelIntegratedComponent:188 - Modes not found for component STMicroelectronics:USB_HOST:1.0.0:STMicroelectronics:USB::USB Host:CDC HS::1.0:USB_HOST_1_0_RESTRICTED_HS
2025-06-15 15:58:38,722 [WARN] ModelIntegratedComponent:182 - Modes not found for component STMicroelectronics:USB_HOST:1.0.0:STMicroelectronics:USB::USB Host:MSC HS::1.0:USB_HOST_1_0_RESTRICTED_HS
2025-06-15 15:58:38,722 [WARN] ModelIntegratedComponent:188 - Modes not found for component STMicroelectronics:USB_HOST:1.0.0:STMicroelectronics:USB::USB Host:MSC HS::1.0:USB_HOST_1_0_RESTRICTED_HS
2025-06-15 15:58:38,722 [WARN] ModelIntegratedComponent:182 - Modes not found for component STMicroelectronics:USB_HOST:1.0.0:STMicroelectronics:USB::USB Host:HID HS::1.0:USB_HOST_1_0_RESTRICTED_HS
2025-06-15 15:58:38,722 [WARN] ModelIntegratedComponent:188 - Modes not found for component STMicroelectronics:USB_HOST:1.0.0:STMicroelectronics:USB::USB Host:HID HS::1.0:USB_HOST_1_0_RESTRICTED_HS
2025-06-15 15:58:38,722 [WARN] ModelIntegratedComponent:182 - Modes not found for component STMicroelectronics:USB_HOST:1.0.0:STMicroelectronics:USB::USB Host:MTP HS::1.0:USB_HOST_1_0_RESTRICTED_HS
2025-06-15 15:58:38,722 [WARN] ModelIntegratedComponent:188 - Modes not found for component STMicroelectronics:USB_HOST:1.0.0:STMicroelectronics:USB::USB Host:MTP HS::1.0:USB_HOST_1_0_RESTRICTED_HS
2025-06-15 15:58:38,860 [INFO] ThirdPartyModel:298 - Start build external matchings
2025-06-15 15:58:40,240 [INFO] ThirdPartyModel:316 - End build external matchings
2025-06-15 15:58:40,301 [INFO] ImportTextPane:194 - (OptionalMessage_ERROR) IP (RCC) : Parameter (RTCHSEDivFreq_Value) has invalid value (12500000)
2025-06-15 15:58:40,302 [WARN] IP:2113 - DEVICE_SERIAL0_CDC_FS not found: check if there is a RefParameter without a condition.
2025-06-15 15:58:40,302 [WARN] IP:2113 - DEVICE_SERIAL1_CDC_FS not found: check if there is a RefParameter without a condition.
2025-06-15 15:58:40,302 [WARN] IP:2113 - DEVICE_SERIAL2_CDC_FS not found: check if there is a RefParameter without a condition.
2025-06-15 15:58:40,519 [INFO] UtilMem:75 - End LoadConfig() Used Memory: 681409152 Bytes (727711744)
2025-06-15 15:58:40,713 [INFO] ApiDb:581 - Connected to CubeFinder SQLite database (C:\Users\LEGION\.stmcufinder\plugins\mcufinder\mcu\cube-finder-db.db)
2025-06-15 15:58:40,794 [INFO] ApiDb:668 - CubeFinder database Data Model version=2.1
2025-06-15 15:58:40,795 [INFO] ApiDb:669 - CubeFinder database Configuration version=3.0.39
2025-06-15 15:58:40,795 [INFO] ApiDb:670 - CubeFinder database generation date=2025-05-20 (1747743314)
2025-06-15 15:58:40,795 [INFO] ApiDb:671 - CubeFinder database FW Pack versions=[FP-ATR-ASTRA1_V2.0.0, FP-SNS-FLIGHT1_V5.1.0, FP-SNS-MOTENV1_V5.0.0, FP-SNS-MOTENVWB1_V1.4.0, FP-SNS-SMARTAG2_V1.2.0, FP-SNS-STBOX1_V2.0.0, STM32Cube_FW_C0_V1.4.0, STM32Cube_FW_F4_V1.28.2, STM32Cube_FW_F7_V1.17.3, STM32Cube_FW_G0_V1.6.2, STM32Cube_FW_G4_V1.6.1, STM32Cube_FW_H5_V1.5.0, STM32Cube_FW_H7RS_V1.2.0, STM32Cube_FW_H7_V1.12.1, STM32Cube_FW_L0_V1.12.2, STM32Cube_FW_L4_V1.18.1, STM32Cube_FW_L5_V1.5.1, STM32Cube_FW_N6_V1.1.1, STM32Cube_FW_U0_V1.2.0, STM32Cube_FW_U3_V1.1.0, STM32Cube_FW_U5_V1.7.0, STM32Cube_FW_WB0_V1.2.0, STM32Cube_FW_WBA_V1.6.0, STM32Cube_FW_WB_V1.22.0, STM32Cube_FW_WL3_V1.1.0, STM32Cube_FW_WL_V1.3.1, X-CUBE-ALGOBUILD_V1.4.0, X-CUBE-ALS_V1.0.2, X-CUBE-AZRTOS-F4_V1.1.0, X-CUBE-AZRTOS-F7_V1.1.0, X-CUBE-AZRTOS-G0_V1.1.0, X-CUBE-AZRTOS-G4_V2.0.0, X-CUBE-AZRTOS-H7RS_V1.1.0, X-CUBE-AZRTOS-H7_V3.3.0, X-CUBE-AZRTOS-L4_V2.0.0, X-CUBE-AZRTOS-L5_V2.0.0, X-CUBE-AZRTOS-WB_V2.0.0, X-CUBE-AZRTOS-WL_V2.0.0, X-CUBE-BLE1_V7.1.0, X-CUBE-BLE2_V3.3.0, X-CUBE-BLEMGR_V4.0.0, X-CUBE-EEPRMA1_V5.1.0, X-CUBE-FREERTOS_V1.3.1, X-CUBE-GNSS1_V6.0.0, X-CUBE-MEMS1_V11.2.0, X-CUBE-NFC4_V3.0.0, X-CUBE-NFC7_V2.0.0, X-CUBE-SFXS2LP1_V4.0.0, X-CUBE-SUBG2_V5.0.0, X-CUBE-TOF1_V3.4.3]
2025-06-15 15:58:43,042 [INFO] ApiDb:240 - Found 297 in-development CPN: [B-G473E-ZEST1S, B-WB1M-WPAN1, B-WL5M-SUBG1, NUCLEO-C031C6, NUCLEO-H503RB, NUCLEO-H563ZI, NUCLEO-U545RE-Q, NUCLEO-U5A5ZJ-Q, NUCLEO-WBA52CG, STEVAL-PROTEUS1, STEVAL-STWINBX1, STM320518-EVAL, STM32C0116-DK, STM32C011D6Y3TR, STM32C011D6Y6TR, STM32C011F4P3, STM32C011F4P6, STM32C011F4U3, STM32C011F4U6TR, STM32C011F6P3, STM32C011F6P6, STM32C011F6U3, STM32C011F6U6TR, STM32C011J4M3, STM32C011J4M6, STM32C011J6M3, STM32C011J6M6, STM32C0316-DK, STM32C031C4T3, STM32C031C4T6, STM32C031C4U3, STM32C031C4U6, STM32C031C6T3, STM32C031C6T6, STM32C031C6U3, STM32C031C6U6, STM32C031F4P3, STM32C031F4P6, STM32C031F6P3, STM32C031F6P6, STM32C031G4U3, STM32C031G4U6, STM32C031G6U3, STM32C031G6U6, STM32C031K4T3, STM32C031K4T6, STM32C031K4U3, STM32C031K4U6, STM32C031K6T3, STM32C031K6T6, STM32C031K6U3, STM32C031K6U6, STM32G071K8TXN, STM32G071K8UXN, STM32G081GBU6N, STM32G081KBT6N, STM32G081KBUXN, STM32G0B1CCT6N, STM32G0B1KCT6, STM32G0B1NEY6TR, STM32G0B1RCT6N, STM32G0C1CCT6, STM32G0C1CCT6N, STM32G0C1CCU6N, STM32G0C1CET6N, STM32G0C1CEU6N, STM32G0C1KCT6, STM32G0C1NEY6TR, STM32G0C1RCI6N, STM32G0C1RCT6N, STM32G0C1REI6N, STM32G0C1RET6N, STM32G0C1VCI6, STM32G0C1VEI6, STM32G471CCT6, STM32G471CCU6, STM32G471CET3, STM32G471CET6, STM32G471CEU3, STM32G471CEU6, STM32G471MCT6, STM32G471MET3, STM32G471MET6, STM32G471MEY6TR, STM32G471QCT6, STM32G471QET3, STM32G471RCT6, STM32G471RET3, STM32G471RET6, STM32G471VCH6, STM32G471VCI6, STM32G471VCT6, STM32G471VEH3, STM32G471VEH6, STM32G471VEI3, STM32G471VEI6, STM32G471VET3, STM32G471VET6, STM32G474CCT6, STM32H503CBT6, STM32H503CBU6, STM32H503EBY6TR, STM32H503KBU6, STM32H503RBT6, STM32H562AGI6, STM32H562AII6, STM32H562IGK6, STM32H562IGT6, STM32H562IIK6, STM32H562IIT6, STM32H562RGT6, STM32H562RGV6, STM32H562RIT6, STM32H562RIV6, STM32H562VGT6, STM32H562VIT6, STM32H562ZGT6, STM32H562ZIT6, STM32H563AGI6, STM32H563AII3Q, STM32H563AII6, STM32H563IGK6, STM32H563IGT6, STM32H563IIK3Q, STM32H563IIK6, STM32H563IIT3Q, STM32H563IIT6, STM32H563MIY3QTR, STM32H563RGT6, STM32H563RGV6, STM32H563RIT6, STM32H563RIV6, STM32H563VGT6, STM32H563VIT3Q, STM32H563VIT6, STM32H563ZGT6, STM32H563ZIT3Q, STM32H563ZIT6, STM32H573AII3Q, STM32H573AII6, STM32H573I-DK, STM32H573IIK3Q, STM32H573IIK6, STM32H573IIT3Q, STM32H573IIT6, STM32H573MIY3QTR, STM32H573RIT6, STM32H573RIV6, STM32H573VIT3Q, STM32H573VIT6, STM32H573ZIT3Q, STM32H573ZIT6, STM32L4R5QGI6STR, STM32MP131AAE3, STM32MP131AAF3, STM32MP131AAG3, STM32MP131CAE3, STM32MP131CAF3, STM32MP131CAG3, STM32MP131DAE7, STM32MP131DAF7, STM32MP131DAG7, STM32MP131FAE7, STM32MP131FAF7, STM32MP131FAG7, STM32MP133AAE3, STM32MP133AAF3, STM32MP133AAG3, STM32MP133CAE3, STM32MP133CAF3, STM32MP133CAG3, STM32MP133DAE7, STM32MP133DAF7, STM32MP133DAG7, STM32MP133FAE7, STM32MP133FAF7, STM32MP133FAG7, STM32MP135AAE3, STM32MP135AAF3, STM32MP135AAG3, STM32MP135CAE3, STM32MP135CAF3, STM32MP135CAG3, STM32MP135DAE7, STM32MP135DAF7, STM32MP135DAG7, STM32MP135F-DK, STM32MP135FAE7, STM32MP135FAF7, STM32MP135FAF7T, STM32MP135FAF7U, STM32MP135FAG7, STM32U535CBT6, STM32U535CBT6Q, STM32U535CBU6, STM32U535CBU6Q, STM32U535CCT6, STM32U535CCT6Q, STM32U535CCU6, STM32U535CCU6Q, STM32U535CET6, STM32U535CET6Q, STM32U535CEU6, STM32U535CEU6Q, STM32U535JEY6QTR, STM32U535NCY6QTR, STM32U535NEY6QTR, STM32U535RBI6, STM32U535RBI6Q, STM32U535RBT6, STM32U535RBT6Q, STM32U535RCI6, STM32U535RCI6Q, STM32U535RCT6, STM32U535RCT6Q, STM32U535REI6, STM32U535REI6Q, STM32U535RET6, STM32U535RET6Q, STM32U535VCI6, STM32U535VCI6Q, STM32U535VCT6, STM32U535VCT6Q, STM32U535VEI6, STM32U535VEI6Q, STM32U535VET6, STM32U535VET6Q, STM32U545CET6, STM32U545CET6Q, STM32U545CEU6, STM32U545CEU6Q, STM32U545JEY6QTR, STM32U545NEY6QTR, STM32U545REI6, STM32U545REI6Q, STM32U545RET6, STM32U545RET6Q, STM32U545VEI6, STM32U545VEI6Q, STM32U545VET6, STM32U545VET6Q, STM32U595AIH6, STM32U595AIH6Q, STM32U595AJH6, STM32U595AJH6Q, STM32U595QII6, STM32U595QII6Q, STM32U595QJI6, STM32U595QJI6Q, STM32U595RIT6, STM32U595RIT6Q, STM32U595RJT6, STM32U595RJT6Q, STM32U595VIT6, STM32U595VIT6Q, STM32U595VJT6, STM32U595VJT6Q, STM32U595ZIT6, STM32U595ZIT6Q, STM32U595ZIY6QTR, STM32U595ZJT6, STM32U595ZJT6Q, STM32U595ZJY6QTR, STM32U599BJY6QTR, STM32U599NIH6Q, STM32U599NJH6Q, STM32U599VIT6Q, STM32U599VJT6, STM32U599VJT6Q, STM32U599ZIT6Q, STM32U599ZIY6QTR, STM32U599ZJT6Q, STM32U599ZJY6QTR, STM32U5A5AJH6, STM32U5A5AJH6Q, STM32U5A5QJI6, STM32U5A5QJI6Q, STM32U5A5RJT6, STM32U5A5RJT6Q, STM32U5A5VJT6, STM32U5A5VJT6Q, STM32U5A5ZJT6, STM32U5A5ZJT6Q, STM32U5A5ZJY6QTR, STM32U5A9BJY6QTR, STM32U5A9J-DK, STM32U5A9NJH6Q, STM32U5A9VJT6Q, STM32U5A9ZJT6Q, STM32U5A9ZJY6QTR, STM32WB1MMCH6, STM32WBA52CEU6, STM32WBA52CEU6T, STM32WBA52CGU6, STM32WBA52CGU6T, STM32WL5MOCH6, STM32WL5MOCH6TR]
2025-06-15 15:58:43,045 [INFO] DbMcus:216 - Found 4635 MCUs, 4635 are supported
2025-06-15 15:58:43,047 [INFO] ApiDb:423 - Load user favorites file C:\Users\LEGION/.stm32cubeide/favorites.mcus.txt: 0 item(s)
2025-06-15 15:58:43,047 [INFO] ApiDb:427 - User favorites MCUs=[]
2025-06-15 15:58:43,047 [INFO] DbMcus:222 - Set 0 / 0 favorites MCUs
2025-06-15 15:58:43,495 [WARN] ThirdParty:833 - waiting for thirdparty lock release [change project]
2025-06-15 15:58:43,496 [INFO] ThirdParty:835 - entering critical section [change project]
2025-06-15 15:58:43,511 [INFO] ThirdParty:1030 - CMSIS Pack Vendor :STMicroelectronics X-CUBE-GNSS1 6.0.0
2025-06-15 15:58:43,512 [INFO] ThirdParty:1030 - CMSIS Pack Vendor :STMicroelectronics USB_HOST 2.0.0
2025-06-15 15:58:43,512 [INFO] ThirdParty:1030 - CMSIS Pack Vendor :STMicroelectronics FP-SNS-MOTENVWB1 1.4.0
2025-06-15 15:58:43,520 [INFO] ThirdParty:1030 - CMSIS Pack Vendor :STMicroelectronics X-CUBE-AZRTOS-F4 1.1.0
2025-06-15 15:58:43,520 [INFO] ThirdParty:1030 - CMSIS Pack Vendor :STMicroelectronics LIBJPEG 8.0.0
2025-06-15 15:58:43,520 [INFO] ThirdParty:1030 - CMSIS Pack Vendor :STMicroelectronics FP-ATR-ASTRA1 2.0.2
2025-06-15 15:58:43,520 [INFO] ThirdParty:1030 - CMSIS Pack Vendor :STMicroelectronics FP-ATR-ASTRA1 2.0.1
2025-06-15 15:58:43,520 [INFO] ThirdParty:1030 - CMSIS Pack Vendor :STMicroelectronics X-CUBE-SMBUS 2.1.0
2025-06-15 15:58:43,520 [INFO] ThirdParty:1030 - CMSIS Pack Vendor :wolfSSL I-CUBE-wolfSSL 5.6.0
2025-06-15 15:58:43,520 [INFO] ThirdParty:1030 - CMSIS Pack Vendor :STMicroelectronics X-CUBE-FREERTOS 1.2.0
2025-06-15 15:58:43,520 [INFO] ThirdParty:1030 - CMSIS Pack Vendor :STMicroelectronics X-CUBE-TOUCHGFX 4.23.0
2025-06-15 15:58:43,520 [INFO] ThirdParty:1030 - CMSIS Pack Vendor :STMicroelectronics X-CUBE-TOUCHGFX 4.23.2
2025-06-15 15:58:43,520 [INFO] ThirdParty:1030 - CMSIS Pack Vendor :STMicroelectronics X-CUBE-AZRTOS-F7 1.1.0
2025-06-15 15:58:43,520 [INFO] ThirdParty:1030 - CMSIS Pack Vendor :STMicroelectronics X-CUBE-AZRTOS-L5 2.0.0
2025-06-15 15:58:43,520 [INFO] ThirdParty:1030 - CMSIS Pack Vendor :STMicroelectronics USB_DEVICE 2.0.0
2025-06-15 15:58:43,520 [INFO] ThirdParty:1030 - CMSIS Pack Vendor :STMicroelectronics X-CUBE-MEMS1 9.6.0
2025-06-15 15:58:43,520 [INFO] ThirdParty:1030 - CMSIS Pack Vendor :STMicroelectronics X-CUBE-NFC6 3.1.0
2025-06-15 15:58:43,520 [INFO] ThirdParty:1030 - CMSIS Pack Vendor :ITTIA_DB I-CUBE-ITTIADB 8.8.0
2025-06-15 15:58:43,520 [INFO] ThirdParty:1030 - CMSIS Pack Vendor :STMicroelectronics FP-SNS-MOTENV1 4.3.2
2025-06-15 15:58:43,520 [INFO] ThirdParty:1030 - CMSIS Pack Vendor :STMicroelectronics FP-SNS-MOTENV1 4.3.1
2025-06-15 15:58:43,520 [INFO] ThirdParty:1030 - CMSIS Pack Vendor :STMicroelectronics FP-SNS-FLIGHT1 5.0.1
2025-06-15 15:58:43,520 [INFO] ThirdParty:1030 - CMSIS Pack Vendor :STMicroelectronics X-CUBE-MEMS1 11.0.0
2025-06-15 15:58:43,520 [INFO] ThirdParty:1030 - CMSIS Pack Vendor :STMicroelectronics X-CUBE-BLE1 6.2.4
2025-06-15 15:58:43,521 [INFO] ThirdParty:1030 - CMSIS Pack Vendor :STMicroelectronics FreeRTOS 0.0.1
2025-06-15 15:58:43,521 [INFO] ThirdParty:1030 - CMSIS Pack Vendor :emotas I-CUBE-CANOPEN 1.1.3
2025-06-15 15:58:43,521 [INFO] ThirdParty:1030 - CMSIS Pack Vendor :STMicroelectronics X-CUBE-BLEMGR 2.0.0
2025-06-15 15:58:43,521 [INFO] ThirdParty:1030 - CMSIS Pack Vendor :STMicroelectronics FP-SNS-FLIGHT1 5.0.2
2025-06-15 15:58:43,521 [INFO] ThirdParty:1030 - CMSIS Pack Vendor :STMicroelectronics X-CUBE-AI 9.0.0
2025-06-15 15:58:43,521 [INFO] ThirdParty:1030 - CMSIS Pack Vendor :STMicroelectronics X-CUBE-AZRTOS-H7 3.1.0
2025-06-15 15:58:43,521 [INFO] ThirdParty:1030 - CMSIS Pack Vendor :STMicroelectronics PDM2PCM 3.3.0
2025-06-15 15:58:43,521 [INFO] ThirdParty:1030 - CMSIS Pack Vendor :STMicroelectronics X-CUBE-DISPLAY 3.0.0
2025-06-15 15:58:43,521 [INFO] ThirdParty:1030 - CMSIS Pack Vendor :STMicroelectronics X-CUBE-BLE1 7.0.0
2025-06-15 15:58:43,521 [INFO] ThirdParty:1030 - CMSIS Pack Vendor :STMicroelectronics X-CUBE-FREERTOS 1.3.1
2025-06-15 15:58:43,521 [INFO] ThirdParty:1030 - CMSIS Pack Vendor :STMicroelectronics HAL Drivers 0.0.0
2025-06-15 15:58:43,521 [INFO] ThirdParty:1030 - CMSIS Pack Vendor :STMicroelectronics X-CUBE-NFC7 1.0.1
2025-06-15 15:58:43,521 [INFO] ThirdParty:1030 - CMSIS Pack Vendor :STMicroelectronics MBEDTLS 2.14.1
2025-06-15 15:58:43,521 [INFO] ThirdParty:1030 - CMSIS Pack Vendor :STMicroelectronics X-CUBE-NFC7 1.0.0
2025-06-15 15:58:43,521 [INFO] ThirdParty:1030 - CMSIS Pack Vendor :STMicroelectronics X-CUBE-NFC6 3.0.0
2025-06-15 15:58:43,521 [INFO] ThirdParty:1030 - CMSIS Pack Vendor :STMicroelectronics X-CUBE-EEPRMA1 4.1.0
2025-06-15 15:58:43,521 [INFO] ThirdParty:1030 - CMSIS Pack Vendor :STMicroelectronics X-CUBE-BLEMGR 3.1.0
2025-06-15 15:58:43,521 [INFO] ThirdParty:1030 - CMSIS Pack Vendor :STMicroelectronics FP-SNS-SMARTAG2 1.2.0
2025-06-15 15:58:43,521 [INFO] ThirdParty:1030 - CMSIS Pack Vendor :STMicroelectronics X-CUBE-AZRTOS-WL 2.0.0
2025-06-15 15:58:43,521 [INFO] ThirdParty:1030 - CMSIS Pack Vendor :STMicroelectronics FP-SNS-MOTENV1 5.0.0
2025-06-15 15:58:43,521 [INFO] ThirdParty:1030 - CMSIS Pack Vendor :STMicroelectronics USB_DEVICE 1.0.0
2025-06-15 15:58:43,521 [INFO] ThirdParty:1030 - CMSIS Pack Vendor :STMicroelectronics X-CUBE-AI 8.1.0
2025-06-15 15:58:43,521 [INFO] ThirdParty:1030 - CMSIS Pack Vendor :wolfSSL I-CUBE-wolfMQTT 1.19.0
2025-06-15 15:58:43,521 [INFO] ThirdParty:1030 - CMSIS Pack Vendor :STMicroelectronics X-CUBE-AZRTOS-L4 2.0.0
2025-06-15 15:58:43,521 [INFO] ThirdParty:1030 - CMSIS Pack Vendor :STMicroelectronics ThreadX 0.0.2
2025-06-15 15:58:43,521 [INFO] ThirdParty:1030 - CMSIS Pack Vendor :WES I-CUBE-Cesium 1.3.0
2025-06-15 15:58:43,521 [INFO] ThirdParty:1030 - CMSIS Pack Vendor :STMicroelectronics lwIP 2.1.2
2025-06-15 15:58:43,521 [INFO] ThirdParty:1030 - CMSIS Pack Vendor :STMicroelectronics X-CUBE-SFXS2LP1 4.0.0
2025-06-15 15:58:43,521 [INFO] ThirdParty:1030 - CMSIS Pack Vendor :STMicroelectronics X-CUBE-BLE2 3.3.0
2025-06-15 15:58:43,521 [INFO] ThirdParty:1030 - CMSIS Pack Vendor :STMicroelectronics PDM2PCM 3.2.0
2025-06-15 15:58:43,521 [INFO] ThirdParty:1030 - CMSIS Pack Vendor :STMicroelectronics X-CUBE-ISPU 1.1.0
2025-06-15 15:58:43,521 [INFO] ThirdParty:1030 - CMSIS Pack Vendor :STMicroelectronics X-CUBE-AZRTOS-H7 3.3.0
2025-06-15 15:58:43,521 [INFO] ThirdParty:1030 - CMSIS Pack Vendor :STMicroelectronics X-CUBE-BLE1 7.1.0
2025-06-15 15:58:43,521 [INFO] ThirdParty:1030 - CMSIS Pack Vendor :STMicroelectronics USB_DEVICE 3.0.0
2025-06-15 15:58:43,521 [INFO] ThirdParty:1030 - CMSIS Pack Vendor :STMicroelectronics X-CUBE-TCPP 4.1.0
2025-06-15 15:58:43,521 [INFO] ThirdParty:1030 - CMSIS Pack Vendor :STMicroelectronics X-CUBE-AZRTOS-WB 2.0.0
2025-06-15 15:58:43,521 [INFO] ThirdParty:1030 - CMSIS Pack Vendor :STMicroelectronics X-CUBE-FREERTOS 1.0.1
2025-06-15 15:58:43,521 [INFO] ThirdParty:1030 - CMSIS Pack Vendor :STMicroelectronics X-CUBE-GNSS1 7.0.0
2025-06-15 15:58:43,522 [INFO] ThirdParty:1030 - CMSIS Pack Vendor :STMicroelectronics X-CUBE-GNSS1 7.0.1
2025-06-15 15:58:43,522 [INFO] ThirdParty:1030 - CMSIS Pack Vendor :STMicroelectronics X-CUBE-TOUCHGFX 4.21.4
2025-06-15 15:58:43,522 [INFO] ThirdParty:1030 - CMSIS Pack Vendor :STMicroelectronics X-CUBE-TOUCHGFX 4.25.0
2025-06-15 15:58:43,522 [INFO] ThirdParty:1030 - CMSIS Pack Vendor :STMicroelectronics X-CUBE-AI 10.1.0
2025-06-15 15:58:43,522 [INFO] ThirdParty:1030 - CMSIS Pack Vendor :STMicroelectronics X-CUBE-ALGOBUILD 1.3.0
2025-06-15 15:58:43,522 [INFO] ThirdParty:1030 - CMSIS Pack Vendor :STMicroelectronics X-CUBE-AZRTOS-L5 1.1.0
2025-06-15 15:58:43,522 [INFO] ThirdParty:1030 - CMSIS Pack Vendor :STMicroelectronics X-CUBE-MEMS1 11.2.0
2025-06-15 15:58:43,522 [INFO] ThirdParty:1030 - CMSIS Pack Vendor :STMicroelectronics X-CUBE-AZRTOS-G0 1.1.0
2025-06-15 15:58:43,522 [INFO] ThirdParty:1030 - CMSIS Pack Vendor :STMicroelectronics X-CUBE-AI 8.0.1
2025-06-15 15:58:43,522 [INFO] ThirdParty:1030 - CMSIS Pack Vendor :STMicroelectronics X-CUBE-SAFEA1 1.2.2
2025-06-15 15:58:43,522 [INFO] ThirdParty:1030 - CMSIS Pack Vendor :STMicroelectronics X-CUBE-NFC4 3.0.0
2025-06-15 15:58:43,522 [INFO] ThirdParty:1030 - CMSIS Pack Vendor :STMicroelectronics X-CUBE-SUBG2 5.0.0
2025-06-15 15:58:43,522 [INFO] ThirdParty:1030 - CMSIS Pack Vendor :STMicroelectronics X-CUBE-AZRTOS-H7RS 1.1.0
2025-06-15 15:58:43,522 [INFO] ThirdParty:1030 - CMSIS Pack Vendor :STMicroelectronics STM32_WPAN 1.0.0
2025-06-15 15:58:43,522 [INFO] ThirdParty:1030 - CMSIS Pack Vendor :STMicroelectronics lwIP 2.0.3
2025-06-15 15:58:43,522 [INFO] ThirdParty:1030 - CMSIS Pack Vendor :Cesanta I-CUBE-Mongoose 7.13.0
2025-06-15 15:58:43,522 [INFO] ThirdParty:1030 - CMSIS Pack Vendor :STMicroelectronics USB_HOST 1.0.0
2025-06-15 15:58:43,522 [INFO] ThirdParty:1030 - CMSIS Pack Vendor :STMicroelectronics X-CUBE-AZRTOS-G4 2.0.0
2025-06-15 15:58:43,522 [INFO] ThirdParty:1030 - CMSIS Pack Vendor :STMicroelectronics X-CUBE-WB05N 2.0.0
2025-06-15 15:58:43,522 [INFO] ThirdParty:1030 - CMSIS Pack Vendor :STMicroelectronics PDM2PCM 3.1.0
2025-06-15 15:58:43,522 [INFO] ThirdParty:1030 - CMSIS Pack Vendor :STMicroelectronics X-CUBE-TOF1 3.3.0
2025-06-15 15:58:43,522 [INFO] ThirdParty:1030 - CMSIS Pack Vendor :Infineon AIROC-Wi-Fi-Bluetooth-STM32 1.5.1
2025-06-15 15:58:43,522 [INFO] ThirdParty:1030 - CMSIS Pack Vendor :STMicroelectronics X-CUBE-BLEMGR 3.0.0
2025-06-15 15:58:43,522 [INFO] ThirdParty:1030 - CMSIS Pack Vendor :wolfSSL I-CUBE-wolfTPM 3.8.0
2025-06-15 15:58:43,522 [INFO] ThirdParty:1030 - CMSIS Pack Vendor :wolfSSL I-CUBE-wolfSSH 1.4.20
2025-06-15 15:58:43,522 [INFO] ThirdParty:1030 - CMSIS Pack Vendor :STMicroelectronics X-CUBE-NFC7 2.0.0
2025-06-15 15:58:43,522 [INFO] ThirdParty:1030 - CMSIS Pack Vendor :STMicroelectronics FP-SNS-MOTENVWB1 1.3.1
2025-06-15 15:58:43,522 [INFO] ThirdParty:1030 - CMSIS Pack Vendor :STMicroelectronics FP-ATR-SIGFOX1 3.2.0
2025-06-15 15:58:43,522 [INFO] ThirdParty:1030 - CMSIS Pack Vendor :STMicroelectronics X-CUBE-ISPU 2.0.0
2025-06-15 15:58:43,522 [INFO] ThirdParty:1030 - CMSIS Pack Vendor :STMicroelectronics X-CUBE-EEPRMA1 5.1.0
2025-06-15 15:58:43,522 [INFO] ThirdParty:1030 - CMSIS Pack Vendor :STMicroelectronics MBEDTLS 2.16.2
2025-06-15 15:58:43,522 [INFO] ThirdParty:1030 - CMSIS Pack Vendor :STMicroelectronics X-CUBE-ALS 1.0.2
2025-06-15 15:58:43,522 [INFO] ThirdParty:1030 - CMSIS Pack Vendor :STMicroelectronics X-CUBE-MEMS1 10.0.0
2025-06-15 15:58:43,522 [INFO] ThirdParty:1030 - CMSIS Pack Vendor :STMicroelectronics X-CUBE-FREERTOS 1.1.0
2025-06-15 15:58:43,522 [INFO] ThirdParty:1030 - CMSIS Pack Vendor :STMicroelectronics X-CUBE-TOUCHGFX 4.24.0
2025-06-15 15:58:43,522 [INFO] ThirdParty:1030 - CMSIS Pack Vendor :STMicroelectronics X-CUBE-TOUCHGFX 4.24.1
2025-06-15 15:58:43,523 [INFO] ThirdParty:1030 - CMSIS Pack Vendor :portGmbH I-Cube-SoM-uGOAL 1.1.0
2025-06-15 15:58:43,523 [INFO] ThirdParty:1030 - CMSIS Pack Vendor :STMicroelectronics X-CUBE-ALS 1.0.1
2025-06-15 15:58:43,523 [INFO] ThirdParty:1030 - CMSIS Pack Vendor :STMicroelectronics ThreadX 1.0.0
2025-06-15 15:58:43,523 [INFO] ThirdParty:1030 - CMSIS Pack Vendor :STMicroelectronics X-CUBE-AZRTOS-WB 1.1.0
2025-06-15 15:58:43,523 [INFO] ThirdParty:1030 - CMSIS Pack Vendor :SEGGER I-CUBE-embOS 1.3.1
2025-06-15 15:58:43,523 [INFO] ThirdParty:1030 - CMSIS Pack Vendor :STMicroelectronics X-CUBE-ALGOBUILD 1.4.0
2025-06-15 15:58:43,523 [INFO] ThirdParty:1030 - CMSIS Pack Vendor :STMicroelectronics X-CUBE-MEMS1 11.3.0
2025-06-15 15:58:43,523 [INFO] ThirdParty:1030 - CMSIS Pack Vendor :STMicroelectronics X-CUBE-AZRTOS-H7RS 1.0.0
2025-06-15 15:58:43,523 [INFO] ThirdParty:1030 - CMSIS Pack Vendor :STMicroelectronics FP-ATR-ASTRA1 2.0.0
2025-06-15 15:58:43,523 [INFO] ThirdParty:1030 - CMSIS Pack Vendor :STMicroelectronics X-CUBE-AI 9.1.0
2025-06-15 15:58:43,523 [INFO] ThirdParty:1030 - CMSIS Pack Vendor :STMicroelectronics X-CUBE-TOF1 3.4.0
2025-06-15 15:58:43,523 [INFO] ThirdParty:1030 - CMSIS Pack Vendor :STMicroelectronics X-CUBE-TOF1 3.4.1
2025-06-15 15:58:43,523 [INFO] ThirdParty:1030 - CMSIS Pack Vendor :STMicroelectronics X-CUBE-AZRTOS-H7 3.2.0
2025-06-15 15:58:43,523 [INFO] ThirdParty:841 - exiting critical section [change project]
2025-06-15 15:58:43,826 [INFO] PinOutPanel:1499 - setPackage(No Configuration,No Configuration)
2025-06-15 15:58:43,827 [INFO] PinOutPanel:1499 - setPackage(STM32F411CEUx,UFQFPN48)
2025-06-15 15:58:44,318 [INFO] UtilMem:75 - Before build in PCC Used Memory: 695127448 Bytes (727711744)
2025-06-15 15:58:45,177 [INFO] UtilMem:75 - After build in PCC Used Memory: 698649504 Bytes (727711744)
2025-06-15 15:58:45,293 [INFO] ApiDbMcu:507 - Load IP Config File for USB_DEVICE
2025-06-15 15:58:45,323 [INFO] IPUIPlugin:80 - create IPUIPlugin
2025-06-15 15:58:45,323 [INFO] IPUIPlugin:80 - create IPUIPlugin
2025-06-15 15:58:45,323 [INFO] IPUIPlugin:80 - create IPUIPlugin
2025-06-15 15:58:45,323 [INFO] IPUIPlugin:80 - create IPUIPlugin
2025-06-15 15:58:45,323 [INFO] IPUIPlugin:80 - create IPUIPlugin
2025-06-15 15:58:45,324 [INFO] IPUIPlugin:80 - create IPUIPlugin
2025-06-15 15:58:45,324 [INFO] IPUIPlugin:80 - create IPUIPlugin
2025-06-15 15:58:45,324 [INFO] IPUIPlugin:80 - create IPUIPlugin
2025-06-15 15:58:45,324 [INFO] IPUIPlugin:80 - create IPUIPlugin
2025-06-15 15:58:45,324 [INFO] IPUIPlugin:80 - create IPUIPlugin
2025-06-15 15:58:45,324 [INFO] IPUIPlugin:80 - create IPUIPlugin
2025-06-15 15:58:45,324 [INFO] IPUIPlugin:80 - create IPUIPlugin
2025-06-15 15:58:45,324 [INFO] IPUIPlugin:80 - create IPUIPlugin
2025-06-15 15:58:45,324 [INFO] IPUIPlugin:80 - create IPUIPlugin
2025-06-15 15:58:45,325 [INFO] IPUIPlugin:80 - create IPUIPlugin
2025-06-15 15:58:45,325 [INFO] IPUIPlugin:80 - create IPUIPlugin
2025-06-15 15:58:45,325 [INFO] IPUIPlugin:80 - create IPUIPlugin
2025-06-15 15:58:45,325 [INFO] IPUIPlugin:80 - create IPUIPlugin
2025-06-15 15:58:45,325 [INFO] IPUIPlugin:80 - create IPUIPlugin
2025-06-15 15:58:45,326 [INFO] IPUIPlugin:80 - create IPUIPlugin
2025-06-15 15:58:45,326 [INFO] IPUIPlugin:80 - create IPUIPlugin
2025-06-15 15:58:45,326 [INFO] IPUIPlugin:80 - create IPUIPlugin
2025-06-15 15:58:45,326 [INFO] IPUIPlugin:80 - create IPUIPlugin
2025-06-15 15:58:45,326 [INFO] IPUIPlugin:80 - create IPUIPlugin
2025-06-15 15:58:45,326 [INFO] IPUIPlugin:80 - create IPUIPlugin
2025-06-15 15:58:45,348 [INFO] IPUIPlugin:80 - create IPUIPlugin
2025-06-15 15:58:45,348 [INFO] IPUIPlugin:80 - create IPUIPlugin
2025-06-15 15:58:45,349 [INFO] IPUIPlugin:80 - create IPUIPlugin
2025-06-15 15:58:45,349 [INFO] IPUIPlugin:80 - create IPUIPlugin
2025-06-15 15:58:45,349 [INFO] IPUIPlugin:80 - create IPUIPlugin
2025-06-15 15:58:45,349 [INFO] IPUIPlugin:80 - create IPUIPlugin
2025-06-15 15:58:45,350 [INFO] IPUIPlugin:80 - create IPUIPlugin
2025-06-15 15:58:45,350 [INFO] IPUIPlugin:80 - create IPUIPlugin
2025-06-15 15:58:45,350 [INFO] IPUIPlugin:80 - create IPUIPlugin
2025-06-15 15:58:45,350 [INFO] IPUIPlugin:80 - create IPUIPlugin
2025-06-15 15:58:45,350 [INFO] IPUIPlugin:80 - create IPUIPlugin
2025-06-15 15:58:45,351 [INFO] IPUIPlugin:80 - create IPUIPlugin
2025-06-15 15:58:45,351 [INFO] IPUIPlugin:80 - create IPUIPlugin
2025-06-15 15:58:45,351 [INFO] IPUIPlugin:80 - create IPUIPlugin
2025-06-15 15:58:45,357 [INFO] IPUIPlugin:80 - create IPUIPlugin
2025-06-15 15:58:45,358 [INFO] IPUIPlugin:80 - create IPUIPlugin
2025-06-15 15:58:45,358 [INFO] IPUIPlugin:80 - create IPUIPlugin
2025-06-15 15:58:45,358 [INFO] IPUIPlugin:80 - create IPUIPlugin
2025-06-15 15:58:45,390 [INFO] ApiDbMcu:507 - Load IP Config File for PDM2PCM
2025-06-15 15:58:45,402 [WARN] IP:2113 - I2C_Coeff_DF not found: check if there is a RefParameter without a condition.
2025-06-15 15:58:45,402 [WARN] IP:2113 - Analog_Filter not found: check if there is a RefParameter without a condition.
2025-06-15 15:58:45,621 [INFO] CADModel:165 - CPN selected for project levelSTM32F411CEU6
2025-06-15 15:58:45,621 [INFO] CADModel:114 - Register for checkConnection events
2025-06-15 15:58:45,670 [INFO] OpenFileManager:328 - Restore cursor
2025-06-15 15:58:45,783 [WARN] IP:2113 - DEVICE_SERIAL0_CDC_FS not found: check if there is a RefParameter without a condition.
2025-06-15 15:58:45,783 [WARN] IP:2113 - DEVICE_SERIAL1_CDC_FS not found: check if there is a RefParameter without a condition.
2025-06-15 15:58:45,783 [WARN] IP:2113 - DEVICE_SERIAL2_CDC_FS not found: check if there is a RefParameter without a condition.
2025-06-15 15:58:45,784 [WARN] IP:2113 - DEVICE_SERIAL0_CDC_FS not found: check if there is a RefParameter without a condition.
2025-06-15 15:58:45,784 [WARN] IP:2113 - DEVICE_SERIAL1_CDC_FS not found: check if there is a RefParameter without a condition.
2025-06-15 15:58:45,784 [WARN] IP:2113 - DEVICE_SERIAL2_CDC_FS not found: check if there is a RefParameter without a condition.
2025-06-15 15:58:45,812 [WARN] IP:2113 - I2C_Coeff_DF not found: check if there is a RefParameter without a condition.
2025-06-15 15:58:45,812 [WARN] IP:2113 - Analog_Filter not found: check if there is a RefParameter without a condition.
2025-06-15 15:58:45,812 [WARN] IP:2113 - I2C_Coeff_DF not found: check if there is a RefParameter without a condition.
2025-06-15 15:58:45,813 [WARN] IP:2113 - Analog_Filter not found: check if there is a RefParameter without a condition.
2025-06-15 17:07:07,421 [INFO] Activator:176 - 


2025-06-15 17:07:07,422 [INFO] Activator:177 - !SESSION log4j initialized
2025-06-15 17:07:13,305 [INFO] LogOutputStream:77 - [STDOUT_REDIRECT] 
2025-06-15 17:07:34,649 [ERROR] LogOutputStream:75 - [STDERR_REDIRECT] SLF4J: Failed to load class "org.slf4j.impl.StaticLoggerBinder".
2025-06-15 17:07:34,649 [ERROR] LogOutputStream:75 - [STDERR_REDIRECT] SLF4J: Defaulting to no-operation (NOP) logger implementation
2025-06-15 17:07:34,650 [ERROR] LogOutputStream:75 - [STDERR_REDIRECT] SLF4J: See http://www.slf4j.org/codes.html#StaticLoggerBinder for further details.
2025-06-15 17:26:54,771 [INFO] ApplicationProperties:184 - Using Application install path: C:\ST\STM32CubeIDE_1.12.1\STM32CubeIDE\plugins\com.st.stm32cube.common.mx_6.8.1.202304191431
2025-06-15 17:26:54,800 [INFO] DbMcusXml:78 - Set database path to: C:\ST\STM32CubeIDE_1.12.1\STM32CubeIDE\plugins\com.st.stm32cube.common.mx_6.8.1.202304191431\\db\/mcu/
2025-06-15 17:26:54,801 [INFO] ApiDb:274 - Set plugin database path to: C:\ST\STM32CubeIDE_1.12.1\STM32CubeIDE\plugins\com.st.stm32cube.common.mx_6.8.1.202304191431\\db\/plugins/boardmanager/
2025-06-15 17:26:54,802 [WARN] ApiDb:259 - Overriding images path with different value:  => C:\ST\STM32CubeIDE_1.12.1\STM32CubeIDE\plugins\com.st.stm32cube.common.mx_6.8.1.202304191431\\db\/plugins/mcufinder/images/
2025-06-15 17:26:54,829 [INFO] ApiDb:250 - Set database path to: C:\Users\LEGION\.stmcufinder\plugins\mcufinder//mcu/
2025-06-15 17:26:54,831 [INFO] DbMcusAds:125 - Set database path to: C:\Users\LEGION\.stmcufinder\plugins\mcufinder//mcu/
2025-06-15 17:26:55,135 [INFO] CrossReferenceDbSqlite:203 - Set database path to: C:\Users\LEGION\.stmcufinder\plugins\mcufinder//mcu/cs/
2025-06-15 17:26:55,208 [INFO] RulesReader:64 - Compatibility file has been processed (293 Rules)
2025-06-15 17:26:55,278 [INFO] DbMcusXml:78 - Set database path to: C:\ST\STM32CubeIDE_1.12.1\STM32CubeIDE\plugins\com.st.stm32cube.common.mx_6.8.1.202304191431\\db\/mcu/
2025-06-15 17:26:55,278 [INFO] ApiDb:274 - Set plugin database path to: C:\ST\STM32CubeIDE_1.12.1\STM32CubeIDE\plugins\com.st.stm32cube.common.mx_6.8.1.202304191431\\db\/plugins/boardmanager/
2025-06-15 17:26:55,278 [INFO] ApiDb:261 - Set plugin images path to: C:\ST\STM32CubeIDE_1.12.1\STM32CubeIDE\plugins\com.st.stm32cube.common.mx_6.8.1.202304191431\\db\/plugins/mcufinder/images/
2025-06-15 17:26:55,278 [WARN] DbFile:41 - Overriding database path with different value: C:\Users\LEGION\.stmcufinder\plugins\mcufinder/ => C:\Users\LEGION\.stmcufinder\plugins\mcufinder
2025-06-15 17:26:55,278 [INFO] ApiDb:250 - Set database path to: C:\Users\LEGION\.stmcufinder\plugins\mcufinder//mcu/
2025-06-15 17:26:55,278 [WARN] DbFile:41 - Overriding database path with different value: C:\Users\LEGION\.stmcufinder\plugins\mcufinder/ => C:\Users\LEGION\.stmcufinder\plugins\mcufinder
2025-06-15 17:26:55,278 [INFO] DbMcusAds:125 - Set database path to: C:\Users\LEGION\.stmcufinder\plugins\mcufinder//mcu/
2025-06-15 17:26:55,279 [WARN] DbFile:41 - Overriding database path with different value: C:\Users\LEGION\.stmcufinder\plugins\mcufinder/ => C:\Users\LEGION\.stmcufinder\plugins\mcufinder
2025-06-15 17:26:55,279 [WARN] DbFile:41 - Overriding database path with different value: C:\Users\LEGION\.stmcufinder\plugins\mcufinder/ => C:\Users\LEGION\.stmcufinder\plugins\mcufinder
2025-06-15 17:26:55,279 [INFO] CrossReferenceDbSqlite:203 - Set database path to: C:\Users\LEGION\.stmcufinder\plugins\mcufinder//mcu/cs/
2025-06-15 17:26:55,344 [INFO] MainPanel:253 - HeapMemory: 659554304
2025-06-15 17:26:55,426 [INFO] DbMcusXml:78 - Set database path to: C:\ST\STM32CubeIDE_1.12.1\STM32CubeIDE\plugins\com.st.stm32cube.common.mx_6.8.1.202304191431\\db\/mcu/
2025-06-15 17:26:55,427 [INFO] ApiDb:274 - Set plugin database path to: C:\ST\STM32CubeIDE_1.12.1\STM32CubeIDE\plugins\com.st.stm32cube.common.mx_6.8.1.202304191431\\db\/plugins/boardmanager/
2025-06-15 17:26:55,427 [INFO] ApiDb:261 - Set plugin images path to: C:\ST\STM32CubeIDE_1.12.1\STM32CubeIDE\plugins\com.st.stm32cube.common.mx_6.8.1.202304191431\\db\/plugins/mcufinder/images/
2025-06-15 17:26:55,427 [WARN] DbFile:41 - Overriding database path with different value: C:\Users\LEGION\.stmcufinder\plugins\mcufinder/ => C:\Users\LEGION\.stmcufinder\plugins\mcufinder
2025-06-15 17:26:55,427 [INFO] ApiDb:250 - Set database path to: C:\Users\LEGION\.stmcufinder\plugins\mcufinder//mcu/
2025-06-15 17:26:55,427 [WARN] DbFile:41 - Overriding database path with different value: C:\Users\LEGION\.stmcufinder\plugins\mcufinder/ => C:\Users\LEGION\.stmcufinder\plugins\mcufinder
2025-06-15 17:26:55,427 [INFO] DbMcusAds:125 - Set database path to: C:\Users\LEGION\.stmcufinder\plugins\mcufinder//mcu/
2025-06-15 17:26:55,428 [WARN] DbFile:41 - Overriding database path with different value: C:\Users\LEGION\.stmcufinder\plugins\mcufinder/ => C:\Users\LEGION\.stmcufinder\plugins\mcufinder
2025-06-15 17:26:55,428 [WARN] DbFile:41 - Overriding database path with different value: C:\Users\LEGION\.stmcufinder\plugins\mcufinder/ => C:\Users\LEGION\.stmcufinder\plugins\mcufinder
2025-06-15 17:26:55,428 [INFO] CrossReferenceDbSqlite:203 - Set database path to: C:\Users\LEGION\.stmcufinder\plugins\mcufinder//mcu/cs/
2025-06-15 17:26:55,444 [INFO] ApplicationProperties:184 - Using Application install path: C:\ST\STM32CubeIDE_1.12.1\STM32CubeIDE\plugins\com.st.stm32cube.common.mx_6.8.1.202304191431
2025-06-15 17:26:55,445 [INFO] PluginManage:196 - Search for loadable plugins [exclusion list=, ]
2025-06-15 17:26:55,446 [INFO] PluginManage:310 - Check plugin analytics
2025-06-15 17:26:55,582 [INFO] AnalyticsPlugin:253 - Accepted Software Licenses: STM32CubeMX.6.11.1
2025-06-15 17:26:55,582 [INFO] AnalyticsPlugin:255 - Accepted CMSIS Pack Licenses: NimaLTD.I-CUBE-EE.3.2.2
2025-06-15 17:26:55,583 [INFO] AnalyticsPlugin:257 - Accepted Firmware Licenses: FW.F4.1.27.0,FW.G0.1.6.0,FW.F4.1.28.0
2025-06-15 17:26:55,590 [INFO] PluginManage:359 - Loaded plugin analytics (category:tool,tabindex:-1)
2025-06-15 17:26:55,590 [INFO] PluginManage:310 - Check plugin cadmodel
2025-06-15 17:26:55,596 [INFO] CADModel:105 - Init CAD model plugin
2025-06-15 17:26:55,596 [INFO] PluginManage:359 - Loaded plugin cadmodel (category:power,tabindex:5)
2025-06-15 17:26:55,597 [INFO] PluginManage:310 - Check plugin clock
2025-06-15 17:26:55,608 [INFO] PluginManage:359 - Loaded plugin clock (category:base,tabindex:2)
2025-06-15 17:26:55,608 [INFO] PluginManage:310 - Check plugin ddr
2025-06-15 17:26:55,611 [INFO] PluginManage:359 - Loaded plugin ddr (category:tool,tabindex:6)
2025-06-15 17:26:55,611 [INFO] PluginManage:310 - Check plugin filemanager
2025-06-15 17:26:55,725 [INFO] PluginManage:359 - Loaded plugin filemanager (category:base,tabindex:10)
2025-06-15 17:26:55,725 [INFO] PluginManage:310 - Check plugin ipmanager
2025-06-15 17:26:55,733 [INFO] PluginManage:359 - Loaded plugin ipmanager (category:base,tabindex:5)
2025-06-15 17:26:55,733 [INFO] PluginManage:310 - Check plugin lpbam
2025-06-15 17:26:55,742 [INFO] PluginManage:359 - Loaded plugin lpbam (category:base,tabindex:0)
2025-06-15 17:26:55,742 [INFO] PluginManage:310 - Check plugin pinoutandconfiguration
2025-06-15 17:26:55,751 [INFO] PluginManage:359 - Loaded plugin pinoutandconfiguration (category:base,tabindex:1)
2025-06-15 17:26:55,751 [INFO] PluginManage:310 - Check plugin pinoutconfig
2025-06-15 17:26:55,824 [WARN] SupportedApi:132 - Cannot load RTOS API schema: s4s-elt-must-match.1: The content of 'definitions' must match (annotation?, (simpleType | complexType)?, (unique | key | keyref)*)). A problem was found starting at: attribute.
2025-06-15 17:26:55,936 [INFO] PluginManage:359 - Loaded plugin pinoutconfig (category:base,tabindex:0)
2025-06-15 17:26:55,936 [INFO] PluginManage:310 - Check plugin power
2025-06-15 17:26:55,947 [INFO] PluginManage:359 - Loaded plugin power (category:power,tabindex:4)
2025-06-15 17:26:55,947 [INFO] PluginManage:310 - Check plugin projectmanager
2025-06-15 17:26:55,960 [INFO] PluginManage:359 - Loaded plugin projectmanager (category:projectmanager,tabindex:3)
2025-06-15 17:26:55,960 [INFO] PluginManage:310 - Check plugin thirdparty
2025-06-15 17:26:56,078 [INFO] PluginManage:359 - Loaded plugin thirdparty (category:base,tabindex:-1)
2025-06-15 17:26:56,078 [WARN] IntegrityCheckThread:84 - waiting for thirdparty lock release [integrity check]
2025-06-15 17:26:56,078 [INFO] PluginManage:310 - Check plugin tools
2025-06-15 17:26:56,078 [INFO] IntegrityCheckThread:86 - entering critical section [integrity check]
2025-06-15 17:26:56,079 [INFO] ThirdPartyUpdaterWithRetryManager:70 - Updater plugin not ready yet. [1/15]
2025-06-15 17:26:56,080 [INFO] PluginManage:359 - Loaded plugin tools (category:base,tabindex:7)
2025-06-15 17:26:56,080 [INFO] PluginManage:310 - Check plugin tutovideos
2025-06-15 17:26:56,250 [INFO] PluginManage:359 - Loaded plugin tutovideos (category:base,tabindex:-1)
2025-06-15 17:26:56,250 [INFO] PluginManage:310 - Check plugin updater
2025-06-15 17:26:56,263 [INFO] PluginManage:359 - Loaded plugin updater (category:base,tabindex:12)
2025-06-15 17:26:56,264 [INFO] PluginManage:283 - PluginManage : Loaded plugins [15]
2025-06-15 17:26:56,484 [INFO] PinOutPanel:1499 - setPackage(No Configuration,No Configuration)
2025-06-15 17:26:56,540 [INFO] CADModel:165 - CPN selected for project level
2025-06-15 17:26:56,540 [INFO] CADModel:114 - Register for checkConnection events
2025-06-15 17:26:56,556 [INFO] IPUIPlugin:80 - create IPUIPlugin
2025-06-15 17:26:56,556 [INFO] PluginManager:220 - loadIPPluginJar : add adc
2025-06-15 17:26:56,558 [INFO] IPUIPlugin:80 - create IPUIPlugin
2025-06-15 17:26:56,558 [INFO] PluginManager:220 - loadIPPluginJar : add aes
2025-06-15 17:26:56,560 [INFO] IPUIPlugin:80 - create IPUIPlugin
2025-06-15 17:26:56,560 [INFO] PluginManager:220 - loadIPPluginJar : add can
2025-06-15 17:26:56,562 [INFO] IPUIPlugin:80 - create IPUIPlugin
2025-06-15 17:26:56,562 [INFO] PluginManager:220 - loadIPPluginJar : add comp
2025-06-15 17:26:56,564 [INFO] IPUIPlugin:80 - create IPUIPlugin
2025-06-15 17:26:56,564 [INFO] PluginManager:220 - loadIPPluginJar : add cryp
2025-06-15 17:26:56,565 [INFO] IPUIPlugin:80 - create IPUIPlugin
2025-06-15 17:26:56,565 [INFO] PluginManager:220 - loadIPPluginJar : add dfsdm
2025-06-15 17:26:56,570 [INFO] IPUIPlugin:80 - create IPUIPlugin
2025-06-15 17:26:56,571 [INFO] PluginManager:220 - loadIPPluginJar : add dma
2025-06-15 17:26:56,573 [INFO] IPUIPlugin:80 - create IPUIPlugin
2025-06-15 17:26:56,573 [INFO] PluginManager:220 - loadIPPluginJar : add dma3
2025-06-15 17:26:56,574 [INFO] IPUIPlugin:80 - create IPUIPlugin
2025-06-15 17:26:56,574 [INFO] PluginManager:220 - loadIPPluginJar : add fatfs
2025-06-15 17:26:56,578 [INFO] IPUIPlugin:80 - create IPUIPlugin
2025-06-15 17:26:56,578 [INFO] PluginManager:220 - loadIPPluginJar : add fmc
2025-06-15 17:26:56,583 [INFO] IPUIPlugin:80 - create IPUIPlugin
2025-06-15 17:26:56,583 [INFO] PluginManager:220 - loadIPPluginJar : add freertos
2025-06-15 17:26:56,584 [INFO] IPUIPlugin:80 - create IPUIPlugin
2025-06-15 17:26:56,584 [INFO] PluginManager:220 - loadIPPluginJar : add genericplugin
2025-06-15 17:26:56,586 [INFO] IPUIPlugin:80 - create IPUIPlugin
2025-06-15 17:26:56,586 [INFO] PluginManager:220 - loadIPPluginJar : add gfxmmu
2025-06-15 17:26:56,590 [INFO] IPUIPlugin:80 - create IPUIPlugin
2025-06-15 17:26:56,590 [INFO] PluginManager:220 - loadIPPluginJar : add gic
2025-06-15 17:26:56,593 [INFO] IPUIPlugin:80 - create IPUIPlugin
2025-06-15 17:26:56,593 [INFO] PluginManager:220 - loadIPPluginJar : add gpio
2025-06-15 17:26:56,596 [INFO] IPUIPlugin:80 - create IPUIPlugin
2025-06-15 17:26:56,596 [INFO] PluginManager:220 - loadIPPluginJar : add gtzc
2025-06-15 17:26:56,598 [INFO] IPUIPlugin:80 - create IPUIPlugin
2025-06-15 17:26:56,598 [INFO] PluginManager:220 - loadIPPluginJar : add hash
2025-06-15 17:26:56,600 [INFO] IPUIPlugin:80 - create IPUIPlugin
2025-06-15 17:26:56,600 [INFO] PluginManager:220 - loadIPPluginJar : add i2c
2025-06-15 17:26:56,602 [INFO] IPUIPlugin:80 - create IPUIPlugin
2025-06-15 17:26:56,602 [INFO] PluginManager:220 - loadIPPluginJar : add i2s
2025-06-15 17:26:56,604 [INFO] IPUIPlugin:80 - create IPUIPlugin
2025-06-15 17:26:56,604 [INFO] PluginManager:220 - loadIPPluginJar : add i3c
2025-06-15 17:26:56,608 [INFO] IPUIPlugin:80 - create IPUIPlugin
2025-06-15 17:26:56,608 [INFO] PluginManager:220 - loadIPPluginJar : add ipddr
2025-06-15 17:26:56,614 [INFO] IPUIPlugin:80 - create IPUIPlugin
2025-06-15 17:26:56,614 [INFO] PluginManager:220 - loadIPPluginJar : add linkedlist
2025-06-15 17:26:56,616 [INFO] IPUIPlugin:80 - create IPUIPlugin
2025-06-15 17:26:56,616 [INFO] PluginManager:220 - loadIPPluginJar : add lorawan
2025-06-15 17:26:56,618 [INFO] IPUIPlugin:80 - create IPUIPlugin
2025-06-15 17:26:56,618 [INFO] PluginManager:220 - loadIPPluginJar : add ltdc
2025-06-15 17:26:56,622 [INFO] IPUIPlugin:80 - create IPUIPlugin
2025-06-15 17:26:56,622 [INFO] PluginManager:220 - loadIPPluginJar : add mdma
2025-06-15 17:26:56,625 [INFO] IPUIPlugin:80 - create IPUIPlugin
2025-06-15 17:26:56,626 [INFO] PluginManager:220 - loadIPPluginJar : add nvic
2025-06-15 17:26:56,628 [INFO] IPUIPlugin:80 - create IPUIPlugin
2025-06-15 17:26:56,628 [INFO] PluginManager:220 - loadIPPluginJar : add opamp
2025-06-15 17:26:56,631 [INFO] IPUIPlugin:80 - create IPUIPlugin
2025-06-15 17:26:56,631 [INFO] PluginManager:220 - loadIPPluginJar : add openamp
2025-06-15 17:26:56,634 [INFO] IPUIPlugin:80 - create IPUIPlugin
2025-06-15 17:26:56,634 [INFO] PluginManager:220 - loadIPPluginJar : add pdm2pcm
2025-06-15 17:26:56,647 [INFO] IPUIPlugin:80 - create IPUIPlugin
2025-06-15 17:26:56,650 [INFO] PluginManager:220 - loadIPPluginJar : add plateformsettings
2025-06-15 17:26:56,652 [INFO] IPUIPlugin:80 - create IPUIPlugin
2025-06-15 17:26:56,652 [INFO] PluginManager:220 - loadIPPluginJar : add quadspi
2025-06-15 17:26:56,656 [INFO] IPUIPlugin:80 - create IPUIPlugin
2025-06-15 17:26:56,656 [INFO] PluginManager:220 - loadIPPluginJar : add resmgrutility
2025-06-15 17:26:56,658 [INFO] IPUIPlugin:80 - create IPUIPlugin
2025-06-15 17:26:56,658 [INFO] PluginManager:220 - loadIPPluginJar : add sai
2025-06-15 17:26:56,660 [INFO] IPUIPlugin:80 - create IPUIPlugin
2025-06-15 17:26:56,660 [INFO] PluginManager:220 - loadIPPluginJar : add spi
2025-06-15 17:26:56,665 [INFO] IPUIPlugin:80 - create IPUIPlugin
2025-06-15 17:26:56,665 [INFO] PluginManager:220 - loadIPPluginJar : add stm32_wpan
2025-06-15 17:26:56,667 [INFO] IPUIPlugin:80 - create IPUIPlugin
2025-06-15 17:26:56,667 [INFO] PluginManager:220 - loadIPPluginJar : add tim
2025-06-15 17:26:56,670 [INFO] IPUIPlugin:80 - create IPUIPlugin
2025-06-15 17:26:56,670 [INFO] PluginManager:220 - loadIPPluginJar : add touchsensing
2025-06-15 17:26:56,672 [INFO] IPUIPlugin:80 - create IPUIPlugin
2025-06-15 17:26:56,672 [INFO] PluginManager:220 - loadIPPluginJar : add tracer_emb
2025-06-15 17:26:56,674 [INFO] IPUIPlugin:80 - create IPUIPlugin
2025-06-15 17:26:56,674 [INFO] PluginManager:220 - loadIPPluginJar : add ts
2025-06-15 17:26:56,675 [INFO] IPUIPlugin:80 - create IPUIPlugin
2025-06-15 17:26:56,675 [INFO] PluginManager:220 - loadIPPluginJar : add tsc
2025-06-15 17:26:56,677 [INFO] IPUIPlugin:80 - create IPUIPlugin
2025-06-15 17:26:56,677 [INFO] PluginManager:220 - loadIPPluginJar : add ucpd
2025-06-15 17:26:56,679 [INFO] IPUIPlugin:80 - create IPUIPlugin
2025-06-15 17:26:56,679 [INFO] PluginManager:220 - loadIPPluginJar : add usart
2025-06-15 17:26:56,682 [INFO] IPUIPlugin:80 - create IPUIPlugin
2025-06-15 17:26:56,682 [INFO] PluginManager:220 - loadIPPluginJar : add usbx
2025-06-15 17:26:56,802 [INFO] CADModel:165 - CPN selected for project level
2025-06-15 17:26:56,802 [INFO] CADModel:114 - Register for checkConnection events
2025-06-15 17:26:56,802 [FATAL] Updater:308 - Updater called before beeing initialized
2025-06-15 17:26:56,802 [ERROR] CADModel:125 - Updater not yet initialized, retry later 
2025-06-15 17:26:56,954 [INFO] CADModel:165 - CPN selected for project level
2025-06-15 17:26:56,954 [INFO] CADModel:114 - Register for checkConnection events
2025-06-15 17:26:56,954 [FATAL] Updater:308 - Updater called before beeing initialized
2025-06-15 17:26:56,954 [ERROR] CADModel:125 - Updater not yet initialized, retry later 
2025-06-15 17:26:56,958 [FATAL] Updater:308 - Updater called before beeing initialized
2025-06-15 17:26:57,053 [FATAL] Updater:308 - Updater called before beeing initialized
2025-06-15 17:26:57,058 [INFO] DbMcusAds:53 - JSON generation date=Wed May 07 16:07:55 ICT 2025 (1746608875484)
2025-06-15 17:26:57,058 [FATAL] Updater:308 - Updater called before beeing initialized
2025-06-15 17:26:57,089 [WARN] DetailPanel:346 - Failed to get advertising image, set to default
2025-06-15 17:26:57,178 [FATAL] Updater:308 - Updater called before beeing initialized
2025-06-15 17:26:57,181 [FATAL] Updater:308 - Updater called before beeing initialized
2025-06-15 17:26:57,181 [FATAL] Updater:308 - Updater called before beeing initialized
2025-06-15 17:26:57,181 [WARN] DetailPanel:346 - Failed to get advertising image, set to default
2025-06-15 17:26:57,182 [FATAL] Updater:308 - Updater called before beeing initialized
2025-06-15 17:26:57,232 [ERROR] Updater:1120 - MainUpdater not yet initialized. External WinMGr cannot be set.
2025-06-15 17:26:57,233 [INFO] Updater:1056 - Updater Version found : 6.8.1
2025-06-15 17:26:57,249 [INFO] ApplicationProperties:184 - Using Application install path: C:\ST\STM32CubeIDE_1.12.1\STM32CubeIDE\plugins\com.st.stm32cube.common.mx_6.8.1.202304191431
2025-06-15 17:26:57,289 [INFO] MainUpdater:519 - Copy updater definitions from MX database
2025-06-15 17:26:57,404 [INFO] MainUpdater:2854 - connection check result : 10
2025-06-15 17:26:57,404 [INFO] MainUpdater:3548 - Updater definition file requires update
2025-06-15 17:26:57,405 [INFO] MainUpdater:283 - Updater Check For Update Now.
2025-06-15 17:26:57,405 [INFO] MicroXplorer:498 - Change Database Version : DB.6.0.81
2025-06-15 17:26:57,818 [INFO] ServerAccessManage:473 - Download File updaters.zip
2025-06-15 17:26:58,333 [INFO] FileExtend:240 - Unzip File : updaters.zip
2025-06-15 17:26:58,334 [INFO] FileExtend:255 - Standard Zip Deflate
2025-06-15 17:26:59,001 [INFO] ServerAccessManage:473 - Download File PacksControlFlags.xml
2025-06-15 17:26:59,082 [WARN] MainUpdater:1187 - Updater busy. Cannot search thirdparties
2025-06-15 17:26:59,083 [INFO] ThirdPartyUpdaterWithRetryManager:96 - Updater plugin is busy. [1/15]
2025-06-15 17:26:59,147 [INFO] ServerAccessManage:473 - Download File cubemx.pidx
2025-06-15 17:26:59,282 [INFO] LoadServerUpdatesThread:373 - End of LoadServerUpdate Thread
2025-06-15 17:26:59,446 [INFO] CheckServerUpdateThread:120 - End of CheckServer Thread
2025-06-15 17:26:59,458 [INFO] MainUpdater:2854 - connection check result : 10
2025-06-15 17:26:59,459 [INFO] MainUpdater:2854 - connection check result : 10
2025-06-15 17:26:59,493 [INFO] MicroXplorer:468 - Change Database Path : 
2025-06-15 17:26:59,493 [INFO] MicroXplorer:498 - Change Database Version : DB.6.0.81
2025-06-15 17:26:59,493 [WARN] ThirdParty:871 - waiting for thirdparty lock release [close project]
2025-06-15 17:27:02,291 [WARN] PackLoader:240 - Cannot read IP mode file for STMicroelectronics.FP-SNS-MOTENVWB1.1.4.0
2025-06-15 17:27:02,299 [WARN] PackLoader:240 - Cannot read IP mode file for STMicroelectronics.FP-ATR-ASTRA1.2.0.2
2025-06-15 17:27:02,302 [WARN] PackLoader:240 - Cannot read IP mode file for STMicroelectronics.FP-ATR-ASTRA1.2.0.1
2025-06-15 17:27:02,317 [WARN] PackLoader:240 - Cannot read IP mode file for STMicroelectronics.X-CUBE-SMBUS.2.1.0
2025-06-15 17:27:02,328 [ERROR] Engine:466 - C:\Users\LEGION\.stm32cubemx\thirdparties\pdsc\STMicroelectronics.X-CUBE-ST60.1.0.0.pdsc: PDSC version is not supported
2025-06-15 17:27:02,331 [WARN] PackLoader:240 - Cannot read IP mode file for STMicroelectronics.X-CUBE-TOUCHGFX.4.23.0
2025-06-15 17:27:02,333 [WARN] PackLoader:240 - Cannot read IP mode file for STMicroelectronics.X-CUBE-TOUCHGFX.4.23.2
2025-06-15 17:27:02,362 [WARN] PackLoader:240 - Cannot read IP mode file for STMicroelectronics.X-CUBE-AZRTOS-F7.1.1.0
2025-06-15 17:27:02,370 [WARN] PackLoader:240 - Cannot read IP mode file for STMicroelectronics.FP-SNS-MOTENV1.4.3.2
2025-06-15 17:27:02,374 [ERROR] RealEvaluatedCondition:428 - Found unsupported composite condition: GROUP='STM32_MetaDataManager' CLASS='Data Exchange'
2025-06-15 17:27:02,374 [ERROR] RealEvaluatedCondition:428 - Found unsupported composite condition: GROUP='STM32_MetaDataManager' CLASS='Data Exchange'
2025-06-15 17:27:02,375 [WARN] PackLoader:240 - Cannot read IP mode file for STMicroelectronics.FP-SNS-MOTENV1.4.3.1
2025-06-15 17:27:02,379 [WARN] PackLoader:240 - Cannot read IP mode file for STMicroelectronics.FP-SNS-FLIGHT1.5.0.1
2025-06-15 17:27:02,414 [WARN] PackLoader:240 - Cannot read IP mode file for STMicroelectronics.X-CUBE-MEMS1.11.0.0
2025-06-15 17:27:02,507 [WARN] PackLoader:240 - Cannot read IP mode file for STMicroelectronics.X-CUBE-BLE1.6.2.4
2025-06-15 17:27:02,512 [WARN] PackLoader:240 - Cannot read IP mode file for STMicroelectronics.FP-SNS-FLIGHT1.5.0.2
2025-06-15 17:27:02,533 [ERROR] Engine:466 - C:\Users\LEGION\.stm32cubemx\thirdparties\pdsc\Infineon.AIROC-Wi-Fi-Bluetooth-STM32.1.7.0.pdsc: PDSC version is not supported
2025-06-15 17:27:02,552 [WARN] PackLoader:240 - Cannot read IP mode file for STMicroelectronics.X-CUBE-DISPLAY.3.0.0
2025-06-15 17:27:02,559 [WARN] PackLoader:240 - Cannot read IP mode file for STMicroelectronics.X-CUBE-BLE1.7.0.0
2025-06-15 17:27:02,578 [WARN] PackLoader:240 - Cannot read IP mode file for STMicroelectronics.X-CUBE-NFC10.1.0.0
2025-06-15 17:27:02,594 [ERROR] Engine:466 - C:\Users\LEGION\.stm32cubemx\thirdparties\pdsc\STMicroelectronics.X-CUBE-BLEMGR.4.0.0.pdsc: PDSC version is not supported
2025-06-15 17:27:02,615 [WARN] PackLoader:240 - Cannot read IP mode file for emotas.I-CUBE-CANOPEN.1.3.0
2025-06-15 17:27:02,619 [ERROR] Engine:466 - C:\Users\LEGION\.stm32cubemx\thirdparties\pdsc\quantropi.X-CUBE-qispace-sdk-base.2.0.0.pdsc: PDSC version is not supported
2025-06-15 17:27:02,627 [WARN] PackLoader:240 - Cannot read IP mode file for STMicroelectronics.X-CUBE-BLEMGR.3.1.0
2025-06-15 17:27:02,645 [WARN] PackLoader:240 - Cannot read IP mode file for STMicroelectronics.FP-SNS-SMARTAG2.1.2.0
2025-06-15 17:27:02,649 [ERROR] Engine:466 - C:\Users\LEGION\.stm32cubemx\thirdparties\pdsc\STMicroelectronics.FP-SNS-FLIGHT1.5.1.0.pdsc: PDSC version is not supported
2025-06-15 17:27:02,671 [INFO] LogOutputStream:77 - [STDOUT_REDIRECT] 1 : Invalid condition id : UX_CORESTACK_Condition cause : null
2025-06-15 17:27:02,672 [INFO] LogOutputStream:77 - [STDOUT_REDIRECT] 1 : Invalid condition id : UX_CORESTACK_Condition cause : null
2025-06-15 17:27:02,673 [INFO] LogOutputStream:77 - [STDOUT_REDIRECT] 1 : Invalid condition id : UX_CORESTACK_Condition cause : null
2025-06-15 17:27:02,673 [INFO] LogOutputStream:77 - [STDOUT_REDIRECT] 1 : Invalid condition id : UX_CORESTACK_Condition cause : null
2025-06-15 17:27:02,674 [INFO] LogOutputStream:77 - [STDOUT_REDIRECT] 1 : Invalid condition id : UX_CORESTACK_Condition cause : null
2025-06-15 17:27:02,676 [WARN] PackLoader:240 - Cannot read IP mode file for STMicroelectronics.X-CUBE-AZRTOS-WL.2.0.0
2025-06-15 17:27:02,694 [WARN] PackLoader:240 - Cannot read IP mode file for STMicroelectronics.FP-SNS-MOTENV1.5.0.0
2025-06-15 17:27:02,699 [WARN] PackLoader:240 - Cannot read IP mode file for wolfSSL.I-CUBE-wolfMQTT.1.19.0
2025-06-15 17:27:02,719 [WARN] PackLoader:240 - Cannot read IP mode file for WES.I-CUBE-Cesium.1.3.0
2025-06-15 17:27:02,735 [WARN] PackLoader:240 - Cannot read IP mode file for STMicroelectronics.X-CUBE-BLE2.3.3.0
2025-06-15 17:27:02,754 [WARN] PackLoader:240 - Cannot read IP mode file for STMicroelectronics.X-CUBE-NFC9.1.0.0
2025-06-15 17:27:02,772 [WARN] PackLoader:240 - Cannot read IP mode file for wolfSSL.I-CUBE-wolfSSL.5.8.0
2025-06-15 17:27:02,788 [WARN] PackLoader:240 - Cannot read IP mode file for STMicroelectronics.X-CUBE-BLE1.7.1.0
2025-06-15 17:27:02,803 [WARN] PackLoader:240 - Cannot read IP mode file for wolfSSL.I-CUBE-wolfMQTT.1.19.2
2025-06-15 17:27:02,817 [WARN] PackLoader:240 - Cannot read IP mode file for STMicroelectronics.X-CUBE-TCPP.4.1.0
2025-06-15 17:27:02,821 [WARN] PackLoader:240 - Cannot read IP mode file for STMicroelectronics.X-CUBE-TOUCHGFX.4.21.4
2025-06-15 17:27:02,840 [WARN] PackLoader:240 - Cannot read IP mode file for STMicroelectronics.X-CUBE-AI.10.1.0
2025-06-15 17:27:02,844 [WARN] PackLoader:240 - Cannot read IP mode file for STMicroelectronics.X-CUBE-ALGOBUILD.1.3.0
2025-06-15 17:27:02,881 [WARN] PackLoader:240 - Cannot read IP mode file for STMicroelectronics.X-CUBE-MEMS1.11.2.0
2025-06-15 17:27:03,001 [WARN] PackLoader:240 - Cannot read IP mode file for STMicroelectronics.X-CUBE-AZRTOS-G0.1.1.0
2025-06-15 17:27:03,024 [WARN] PackLoader:240 - Cannot read IP mode file for STMicroelectronics.X-CUBE-SAFEA1.1.2.2
2025-06-15 17:27:03,043 [WARN] PackLoader:240 - Cannot read IP mode file for STMicroelectronics.X-CUBE-NFC4.3.0.0
2025-06-15 17:27:03,059 [ERROR] Engine:466 - C:\Users\LEGION\.stm32cubemx\thirdparties\pdsc\EmbeddedOffice.I-CUBE-FS-RTOS.1.0.1.pdsc: PDSC version is not supported
2025-06-15 17:27:03,076 [WARN] PackLoader:240 - Cannot read IP mode file for STMicroelectronics.X-CUBE-WB05N.2.0.0
2025-06-15 17:27:03,084 [WARN] PackLoader:240 - Cannot read IP mode file for STMicroelectronics.X-CUBE-BLEMGR.3.0.0
2025-06-15 17:27:03,091 [WARN] PackLoader:240 - Cannot read IP mode file for wolfSSL.I-CUBE-wolfTPM.3.8.0
2025-06-15 17:27:03,106 [ERROR] Engine:466 - C:\Users\LEGION\.stm32cubemx\thirdparties\pdsc\STMicroelectronics.X-CUBE-TCPP.4.2.0.pdsc: PDSC version is not supported
2025-06-15 17:27:03,120 [ERROR] Engine:466 - C:\Users\LEGION\.stm32cubemx\thirdparties\pdsc\RealThread.X-CUBE-RT-Thread_Nano.4.1.1.pdsc: PDSC version is not supported
2025-06-15 17:27:03,125 [WARN] PackLoader:240 - Cannot read IP mode file for STMicroelectronics.FP-ATR-SIGFOX1.3.2.0
2025-06-15 17:27:03,142 [WARN] PackLoader:240 - Cannot read IP mode file for STMicroelectronics.X-CUBE-EEPRMA1.5.1.0
2025-06-15 17:27:03,176 [WARN] PackLoader:240 - Cannot read IP mode file for ITTIA_DB.I-CUBE-ITTIADB.8.9.0
2025-06-15 17:27:03,190 [ERROR] Engine:466 - C:\Users\LEGION\.stm32cubemx\thirdparties\pdsc\STMicroelectronics.X-CUBE-ST67W61.1.0.0.pdsc: PDSC version is not supported
2025-06-15 17:27:03,224 [WARN] PackLoader:240 - Cannot read IP mode file for SEGGER.I-CUBE-embOS.1.3.1
2025-06-15 17:27:03,273 [WARN] PackLoader:240 - Cannot read IP mode file for STMicroelectronics.X-CUBE-ALGOBUILD.1.4.0
2025-06-15 17:27:03,336 [WARN] PackLoader:240 - Cannot read IP mode file for STMicroelectronics.X-CUBE-MEMS1.11.3.0
2025-06-15 17:27:03,414 [WARN] PackLoader:240 - Cannot read IP mode file for STMicroelectronics.X-CUBE-AI.9.1.0
2025-06-15 17:27:03,419 [WARN] PackLoader:240 - Cannot read IP mode file for STMicroelectronics.X-CUBE-GNSS1.6.0.0
2025-06-15 17:27:03,444 [WARN] PackLoader:240 - Cannot read IP mode file for STMicroelectronics.X-CUBE-AZRTOS-F4.1.1.0
2025-06-15 17:27:03,448 [ERROR] Engine:466 - C:\Users\LEGION\.stm32cubemx\thirdparties\pdsc\Avnet-IotConnect.X-CUBE-IoTC-DA16k-PMOD.1.0.0.pdsc: PDSC version is not supported
2025-06-15 17:27:03,450 [WARN] PackLoader:240 - Cannot read IP mode file for wolfSSL.I-CUBE-wolfSSL.5.6.0
2025-06-15 17:27:03,462 [WARN] PackLoader:240 - Cannot read IP mode file for STMicroelectronics.X-CUBE-ISPU.2.1.0
2025-06-15 17:27:03,466 [WARN] PackLoader:240 - Cannot read IP mode file for STMicroelectronics.X-CUBE-FREERTOS.1.2.0
2025-06-15 17:27:03,490 [WARN] PackLoader:240 - Cannot read IP mode file for STMicroelectronics.X-CUBE-AZRTOS-L5.2.0.0
2025-06-15 17:27:03,511 [WARN] PackLoader:240 - Cannot read IP mode file for STMicroelectronics.X-CUBE-MEMS1.9.6.0
2025-06-15 17:27:03,582 [WARN] PackLoader:240 - Cannot read IP mode file for STMicroelectronics.X-CUBE-NFC6.3.1.0
2025-06-15 17:27:03,586 [WARN] PackLoader:240 - Cannot read IP mode file for ITTIA_DB.I-CUBE-ITTIADB.8.8.0
2025-06-15 17:27:03,589 [WARN] PackLoader:240 - Cannot read IP mode file for emotas.I-CUBE-CANOPEN.1.1.3
2025-06-15 17:27:03,594 [WARN] PackLoader:240 - Cannot read IP mode file for STMicroelectronics.X-CUBE-BLEMGR.2.0.0
2025-06-15 17:27:03,596 [ERROR] Engine:466 - C:\Users\LEGION\.stm32cubemx\thirdparties\pdsc\STMicroelectronics.X-CUBE-DPower.1.2.0.pdsc: PDSC version is not supported
2025-06-15 17:27:03,598 [WARN] PackLoader:240 - Cannot read IP mode file for STMicroelectronics.X-CUBE-AI.9.0.0
2025-06-15 17:27:03,606 [WARN] ConditionMgr:438 - getConditionDescription Invalid condition id : UX DEVICE CLASS RTOS Condition cause : null
2025-06-15 17:27:03,606 [WARN] ConditionMgr:438 - getConditionDescription Invalid condition id : UX DEVICE CLASS RTOS Condition cause : null
2025-06-15 17:27:03,607 [WARN] PackLoader:240 - Cannot read IP mode file for STMicroelectronics.X-CUBE-AZRTOS-H7.3.1.0
2025-06-15 17:27:03,608 [WARN] ConditionMgr:1039 - genDependencies : Invalid condition id : UX DEVICE CLASS RTOS Condition cause : null
2025-06-15 17:27:03,608 [WARN] ConditionMgr:1039 - genDependencies : Invalid condition id : UX DEVICE CLASS RTOS Condition cause : null
2025-06-15 17:27:03,608 [WARN] ConditionMgr:1039 - genDependencies : Invalid condition id : UX DEVICE CLASS RTOS Condition cause : null
2025-06-15 17:27:03,609 [WARN] ConditionMgr:1039 - genDependencies : Invalid condition id : UX DEVICE CLASS RTOS Condition cause : null
2025-06-15 17:27:03,609 [WARN] ConditionMgr:1039 - genDependencies : Invalid condition id : UX DEVICE CLASS RTOS Condition cause : null
2025-06-15 17:27:03,622 [WARN] PackLoader:240 - Cannot read IP mode file for STMicroelectronics.X-CUBE-FREERTOS.1.3.1
2025-06-15 17:27:03,625 [WARN] PackLoader:240 - Cannot read IP mode file for STMicroelectronics.X-CUBE-NFC7.1.0.1
2025-06-15 17:27:03,627 [WARN] PackLoader:240 - Cannot read IP mode file for STMicroelectronics.X-CUBE-NFC7.1.0.0
2025-06-15 17:27:03,631 [WARN] PackLoader:240 - Cannot read IP mode file for STMicroelectronics.X-CUBE-NFC6.3.0.0
2025-06-15 17:27:03,634 [WARN] PackLoader:240 - Cannot read IP mode file for STMicroelectronics.X-CUBE-EEPRMA1.4.1.0
2025-06-15 17:27:03,646 [ERROR] Engine:466 - C:\Users\LEGION\.stm32cubemx\thirdparties\pdsc\STMicroelectronics.X-CUBE-DPower.1.3.0.pdsc: PDSC version is not supported
2025-06-15 17:27:03,648 [WARN] PackLoader:240 - Cannot read IP mode file for STMicroelectronics.X-CUBE-AI.8.1.0
2025-06-15 17:27:03,669 [WARN] ConditionMgr:438 - getConditionDescription Invalid condition id : LAN8742 Phy interface Condition cause : null
2025-06-15 17:27:03,669 [WARN] PackLoader:240 - Cannot read IP mode file for STMicroelectronics.X-CUBE-AZRTOS-L4.2.0.0
2025-06-15 17:27:03,670 [WARN] ConditionMgr:1039 - genDependencies : Invalid condition id : LAN8742 Phy interface Condition cause : null
2025-06-15 17:27:03,670 [WARN] ConditionMgr:1039 - genDependencies : Invalid condition id : LAN8742 Phy interface Condition cause : null
2025-06-15 17:27:03,671 [WARN] ConditionMgr:1039 - genDependencies : Invalid condition id : LAN8742 Phy interface Condition cause : null
2025-06-15 17:27:03,686 [WARN] PackLoader:240 - Cannot read IP mode file for STMicroelectronics.X-CUBE-SFXS2LP1.4.0.0
2025-06-15 17:27:03,689 [WARN] PackLoader:240 - Cannot read IP mode file for STMicroelectronics.X-CUBE-ISPU.1.1.0
2025-06-15 17:27:03,713 [WARN] PackLoader:240 - Cannot read IP mode file for STMicroelectronics.X-CUBE-AZRTOS-H7.3.3.0
2025-06-15 17:27:03,728 [ERROR] Engine:466 - C:\Users\LEGION\.stm32cubemx\thirdparties\pdsc\STMicroelectronics.X-CUBE-IPS.3.0.0.pdsc: PDSC version is not supported
2025-06-15 17:27:03,750 [WARN] ConditionMgr:438 - getConditionDescription Invalid condition id : UX DEVICE CLASS RTOS Condition cause : null
2025-06-15 17:27:03,750 [WARN] ConditionMgr:438 - getConditionDescription Invalid condition id : UX DEVICE CLASS RTOS Condition cause : null
2025-06-15 17:27:03,751 [WARN] PackLoader:240 - Cannot read IP mode file for STMicroelectronics.X-CUBE-AZRTOS-WB.2.0.0
2025-06-15 17:27:03,751 [WARN] ConditionMgr:1039 - genDependencies : Invalid condition id : UX DEVICE CLASS RTOS Condition cause : null
2025-06-15 17:27:03,751 [WARN] ConditionMgr:1039 - genDependencies : Invalid condition id : UX DEVICE CLASS RTOS Condition cause : null
2025-06-15 17:27:03,752 [WARN] ConditionMgr:1039 - genDependencies : Invalid condition id : UX DEVICE CLASS RTOS Condition cause : null
2025-06-15 17:27:03,752 [WARN] ConditionMgr:1039 - genDependencies : Invalid condition id : UX DEVICE CLASS RTOS Condition cause : null
2025-06-15 17:27:03,752 [WARN] ConditionMgr:1039 - genDependencies : Invalid condition id : UX DEVICE CLASS RTOS Condition cause : null
2025-06-15 17:27:03,755 [WARN] PackLoader:240 - Cannot read IP mode file for STMicroelectronics.X-CUBE-FREERTOS.1.0.1
2025-06-15 17:27:03,759 [WARN] PackLoader:240 - Cannot read IP mode file for STMicroelectronics.X-CUBE-GNSS1.7.0.0
2025-06-15 17:27:03,772 [WARN] PackLoader:240 - Cannot read IP mode file for STMicroelectronics.X-CUBE-GNSS1.7.0.1
2025-06-15 17:27:03,786 [WARN] PackLoader:240 - Cannot read IP mode file for STMicroelectronics.X-CUBE-TOUCHGFX.4.25.0
2025-06-15 17:27:03,798 [ERROR] Engine:466 - C:\Users\LEGION\.stm32cubemx\thirdparties\pdsc\STMicroelectronics.FP-SNS-STBOX1.2.0.0.pdsc: PDSC version is not supported
2025-06-15 17:27:03,805 [WARN] PackLoader:240 - Cannot read IP mode file for STMicroelectronics.X-CUBE-AZRTOS-L5.1.1.0
2025-06-15 17:27:03,808 [WARN] PackLoader:240 - Cannot read IP mode file for STMicroelectronics.X-CUBE-AI.8.0.1
2025-06-15 17:27:03,824 [WARN] PackLoader:240 - Cannot read IP mode file for STMicroelectronics.X-CUBE-SUBG2.5.0.0
2025-06-15 17:27:03,849 [WARN] PackLoader:240 - Cannot read IP mode file for STMicroelectronics.X-CUBE-AZRTOS-H7RS.1.1.0
2025-06-15 17:27:03,853 [ERROR] Engine:466 - C:\Users\LEGION\STM32Cube\Repository\Packs\NimaLTD\I-CUBE-EE\3.2.2\NimaLTD.I-CUBE-EE.pdsc: PDSC version is not supported
2025-06-15 17:27:03,856 [WARN] PackLoader:240 - Cannot read IP mode file for Cesanta.I-CUBE-Mongoose.7.13.0
2025-06-15 17:27:03,875 [WARN] PackLoader:240 - Cannot read IP mode file for STMicroelectronics.X-CUBE-AZRTOS-G4.2.0.0
2025-06-15 17:27:03,882 [WARN] PackLoader:240 - Cannot read IP mode file for STMicroelectronics.X-CUBE-TOF1.3.3.0
2025-06-15 17:27:03,892 [WARN] PackLoader:240 - Cannot read IP mode file for Infineon.AIROC-Wi-Fi-Bluetooth-STM32.1.5.1
2025-06-15 17:27:03,898 [WARN] PackLoader:240 - Cannot read IP mode file for wolfSSL.I-CUBE-wolfSSH.1.4.20
2025-06-15 17:27:03,911 [WARN] PackLoader:240 - Cannot read IP mode file for STMicroelectronics.X-CUBE-NFC7.2.0.0
2025-06-15 17:27:03,913 [WARN] PackLoader:240 - Cannot read IP mode file for STMicroelectronics.FP-SNS-MOTENVWB1.1.3.1
2025-06-15 17:27:03,916 [WARN] PackLoader:240 - Cannot read IP mode file for STMicroelectronics.X-CUBE-ISPU.2.0.0
2025-06-15 17:27:03,929 [ERROR] Engine:466 - C:\Users\LEGION\.stm32cubemx\thirdparties\pdsc\STMicroelectronics.X-CUBE-IPS.3.1.0.pdsc: PDSC version is not supported
2025-06-15 17:27:03,941 [WARN] PackLoader:240 - Cannot read IP mode file for STMicroelectronics.X-CUBE-ALS.1.0.2
2025-06-15 17:27:03,958 [WARN] PackLoader:240 - Cannot read IP mode file for STMicroelectronics.X-CUBE-MEMS1.10.0.0
2025-06-15 17:27:04,025 [WARN] PackLoader:240 - Cannot read IP mode file for STMicroelectronics.X-CUBE-FREERTOS.1.1.0
2025-06-15 17:27:04,028 [WARN] PackLoader:240 - Cannot read IP mode file for STMicroelectronics.X-CUBE-TOUCHGFX.4.24.0
2025-06-15 17:27:04,030 [WARN] PackLoader:240 - Cannot read IP mode file for STMicroelectronics.X-CUBE-TOUCHGFX.4.24.1
2025-06-15 17:27:04,047 [WARN] PackLoader:240 - Cannot read IP mode file for portGmbH.I-Cube-SoM-uGOAL.1.1.0
2025-06-15 17:27:04,051 [WARN] PackLoader:240 - Cannot read IP mode file for STMicroelectronics.X-CUBE-ALS.1.0.1
2025-06-15 17:27:04,059 [WARN] PackLoader:240 - Cannot read IP mode file for STMicroelectronics.X-CUBE-AZRTOS-WB.1.1.0
2025-06-15 17:27:04,074 [WARN] PackLoader:240 - Cannot read IP mode file for STMicroelectronics.X-CUBE-AZRTOS-H7RS.1.0.0
2025-06-15 17:27:04,080 [WARN] PackLoader:240 - Cannot read IP mode file for STMicroelectronics.FP-ATR-ASTRA1.2.0.0
2025-06-15 17:27:04,084 [ERROR] Engine:466 - C:\Users\LEGION\.stm32cubemx\thirdparties\pdsc\STMicroelectronics.X-CUBE-TOF1.3.4.2.pdsc: PDSC version is not supported
2025-06-15 17:27:04,099 [ERROR] Engine:466 - C:\Users\LEGION\.stm32cubemx\thirdparties\pdsc\STMicroelectronics.X-CUBE-TOF1.3.4.3.pdsc: PDSC version is not supported
2025-06-15 17:27:04,106 [WARN] PackLoader:240 - Cannot read IP mode file for STMicroelectronics.X-CUBE-TOF1.3.4.0
2025-06-15 17:27:04,117 [WARN] PackLoader:240 - Cannot read IP mode file for STMicroelectronics.X-CUBE-TOF1.3.4.1
2025-06-15 17:27:04,132 [WARN] PackLoader:240 - Cannot read IP mode file for STMicroelectronics.X-CUBE-AZRTOS-H7.3.2.0
2025-06-15 17:27:04,136 [INFO] ThirdParty:978 - Integrity check success = true
2025-06-15 17:27:04,136 [INFO] IntegrityCheckThread:100 - exiting critical section [integrity check]
2025-06-15 17:27:04,136 [INFO] IntegrityCheckThread:103 - End integrity checks thread
2025-06-15 17:27:04,136 [INFO] ThirdParty:873 - entering critical section [close project]
2025-06-15 17:27:04,137 [INFO] ThirdParty:883 - exiting critical section [close project]
2025-06-15 17:27:04,140 [INFO] PinOutPanel:1499 - setPackage(No Configuration,No Configuration)
2025-06-15 17:27:04,144 [INFO] UtilMem:75 - Begin LoadConfig() Used Memory: 777932480 Bytes (954204160)
2025-06-15 17:27:04,146 [INFO] MicroXplorer:468 - Change Database Path : 
2025-06-15 17:27:04,146 [INFO] MicroXplorer:498 - Change Database Version : DB.6.0.81
2025-06-15 17:27:04,146 [INFO] OpenFileManager:308 - Change cursor
2025-06-15 17:27:04,174 [INFO] Mcu:1937 - Initializing MCU STM32F411C(C-E)Ux STM32F411CEUx STM32F411CEU6
2025-06-15 17:27:04,965 [INFO] Context:659 - Trying to add GPIOservice into a context  which must be forbidden
2025-06-15 17:27:05,405 [INFO] RtosManager:555 - Registered RTOS mode: class=CMSIS, group=RTOS, mode=CMSIS_V1, owner=FREERTOS
2025-06-15 17:27:05,405 [INFO] RtosManager:555 - Registered RTOS mode: class=CMSIS, group=RTOS2, mode=CMSIS_V2, owner=FREERTOS
2025-06-15 17:27:05,405 [INFO] RtosManager:555 - Registered RTOS mode: class=RTOS, group=Core, mode=CMSIS_V1, owner=FREERTOS
2025-06-15 17:27:05,405 [INFO] RtosManager:555 - Registered RTOS mode: class=RTOS, group=Core, mode=CMSIS_V2, owner=FREERTOS
2025-06-15 17:27:05,405 [WARN] ModelIntegratedComponent:184 - Missing modes for component STMicroelectronics:FreeRTOS:0.0.1:STMicroelectronics:RTOS:FreeRTOS:Core:::10.2.0:
2025-06-15 17:27:05,410 [WARN] ModelIntegratedComponent:63 - No mode defined for component null
2025-06-15 17:27:05,410 [WARN] ModelIntegratedComponent:63 - No mode defined for component null
2025-06-15 17:27:05,410 [WARN] ModelIntegratedComponent:63 - No mode defined for component null
2025-06-15 17:27:05,410 [WARN] ModelIntegratedComponent:63 - No mode defined for component null
2025-06-15 17:27:05,410 [WARN] ModelIntegratedComponent:63 - No mode defined for component null
2025-06-15 17:27:05,410 [WARN] ModelIntegratedComponent:63 - No mode defined for component null
2025-06-15 17:27:05,410 [WARN] ModelIntegratedComponent:63 - No mode defined for component null
2025-06-15 17:27:05,410 [WARN] ModelIntegratedComponent:63 - No mode defined for component null
2025-06-15 17:27:05,410 [WARN] ModelIntegratedComponent:63 - No mode defined for component null
2025-06-15 17:27:05,410 [WARN] ModelIntegratedComponent:63 - No mode defined for component null
2025-06-15 17:27:05,411 [WARN] ModelIntegratedComponent:63 - No mode defined for component null
2025-06-15 17:27:05,411 [WARN] ModelIntegratedComponent:63 - No mode defined for component null
2025-06-15 17:27:05,411 [WARN] ModelIntegratedComponent:63 - No mode defined for component null
2025-06-15 17:27:05,411 [WARN] ModelIntegratedComponent:63 - No mode defined for component null
2025-06-15 17:27:05,411 [WARN] ModelIntegratedComponent:63 - No mode defined for component null
2025-06-15 17:27:05,411 [WARN] ModelIntegratedComponent:63 - No mode defined for component null
2025-06-15 17:27:05,411 [WARN] ModelIntegratedComponent:63 - No mode defined for component null
2025-06-15 17:27:05,411 [WARN] ModelIntegratedComponent:63 - No mode defined for component null
2025-06-15 17:27:05,411 [WARN] ModelIntegratedComponent:63 - No mode defined for component null
2025-06-15 17:27:05,411 [WARN] ModelIntegratedComponent:63 - No mode defined for component null
2025-06-15 17:27:05,411 [WARN] ModelIntegratedComponent:63 - No mode defined for component null
2025-06-15 17:27:05,411 [WARN] ModelIntegratedComponent:63 - No mode defined for component null
2025-06-15 17:27:05,411 [WARN] ModelIntegratedComponent:63 - No mode defined for component null
2025-06-15 17:27:05,412 [WARN] ModelIntegratedComponent:63 - No mode defined for component null
2025-06-15 17:27:05,412 [WARN] ModelIntegratedComponent:63 - No mode defined for component null
2025-06-15 17:27:05,412 [WARN] ModelIntegratedComponent:63 - No mode defined for component null
2025-06-15 17:27:05,412 [WARN] ModelIntegratedComponent:63 - No mode defined for component null
2025-06-15 17:27:05,412 [WARN] ModelIntegratedComponent:63 - No mode defined for component null
2025-06-15 17:27:05,412 [WARN] ModelIntegratedComponent:63 - No mode defined for component null
2025-06-15 17:27:05,412 [WARN] ModelIntegratedComponent:63 - No mode defined for component null
2025-06-15 17:27:05,412 [WARN] ModelIntegratedComponent:63 - No mode defined for component null
2025-06-15 17:27:05,413 [WARN] ModelIntegratedComponent:63 - No mode defined for component null
2025-06-15 17:27:05,413 [WARN] ModelIntegratedComponent:63 - No mode defined for component null
2025-06-15 17:27:05,417 [WARN] ModelIntegratedComponent:182 - Modes not found for component STMicroelectronics:USB_DEVICE:1.0.0:STMicroelectronics:USB::USB Device:Audio HS::1.0:USB_DEVICE_1_0_RESTRICTED_HS
2025-06-15 17:27:05,417 [WARN] ModelIntegratedComponent:188 - Modes not found for component STMicroelectronics:USB_DEVICE:1.0.0:STMicroelectronics:USB::USB Device:Audio HS::1.0:USB_DEVICE_1_0_RESTRICTED_HS
2025-06-15 17:27:05,417 [WARN] ModelIntegratedComponent:182 - Modes not found for component STMicroelectronics:USB_DEVICE:1.0.0:STMicroelectronics:USB::USB Device:CDC HS::1.0:USB_DEVICE_1_0_RESTRICTED_HS
2025-06-15 17:27:05,417 [WARN] ModelIntegratedComponent:188 - Modes not found for component STMicroelectronics:USB_DEVICE:1.0.0:STMicroelectronics:USB::USB Device:CDC HS::1.0:USB_DEVICE_1_0_RESTRICTED_HS
2025-06-15 17:27:05,417 [WARN] ModelIntegratedComponent:182 - Modes not found for component STMicroelectronics:USB_DEVICE:1.0.0:STMicroelectronics:USB::USB Device:DFU HS::1.0:USB_DEVICE_1_0_RESTRICTED_HS
2025-06-15 17:27:05,417 [WARN] ModelIntegratedComponent:188 - Modes not found for component STMicroelectronics:USB_DEVICE:1.0.0:STMicroelectronics:USB::USB Device:DFU HS::1.0:USB_DEVICE_1_0_RESTRICTED_HS
2025-06-15 17:27:05,417 [WARN] ModelIntegratedComponent:182 - Modes not found for component STMicroelectronics:USB_DEVICE:1.0.0:STMicroelectronics:USB::USB Device:HID HS::1.0:USB_DEVICE_1_0_RESTRICTED_HS
2025-06-15 17:27:05,417 [WARN] ModelIntegratedComponent:188 - Modes not found for component STMicroelectronics:USB_DEVICE:1.0.0:STMicroelectronics:USB::USB Device:HID HS::1.0:USB_DEVICE_1_0_RESTRICTED_HS
2025-06-15 17:27:05,417 [WARN] ModelIntegratedComponent:182 - Modes not found for component STMicroelectronics:USB_DEVICE:1.0.0:STMicroelectronics:USB::USB Device:Custom HID HS::1.0:USB_DEVICE_1_0_RESTRICTED_HS
2025-06-15 17:27:05,417 [WARN] ModelIntegratedComponent:188 - Modes not found for component STMicroelectronics:USB_DEVICE:1.0.0:STMicroelectronics:USB::USB Device:Custom HID HS::1.0:USB_DEVICE_1_0_RESTRICTED_HS
2025-06-15 17:27:05,417 [WARN] ModelIntegratedComponent:182 - Modes not found for component STMicroelectronics:USB_DEVICE:1.0.0:STMicroelectronics:USB::USB Device:MSC HS::1.0:USB_DEVICE_1_0_RESTRICTED_HS
2025-06-15 17:27:05,417 [WARN] ModelIntegratedComponent:188 - Modes not found for component STMicroelectronics:USB_DEVICE:1.0.0:STMicroelectronics:USB::USB Device:MSC HS::1.0:USB_DEVICE_1_0_RESTRICTED_HS
2025-06-15 17:27:05,468 [WARN] ModelIntegratedComponent:182 - Modes not found for component STMicroelectronics:USB_HOST:1.0.0:STMicroelectronics:USB::USB Host:Audio HS::1.0:USB_HOST_1_0_RESTRICTED_HS
2025-06-15 17:27:05,468 [WARN] ModelIntegratedComponent:188 - Modes not found for component STMicroelectronics:USB_HOST:1.0.0:STMicroelectronics:USB::USB Host:Audio HS::1.0:USB_HOST_1_0_RESTRICTED_HS
2025-06-15 17:27:05,468 [WARN] ModelIntegratedComponent:182 - Modes not found for component STMicroelectronics:USB_HOST:1.0.0:STMicroelectronics:USB::USB Host:CDC HS::1.0:USB_HOST_1_0_RESTRICTED_HS
2025-06-15 17:27:05,468 [WARN] ModelIntegratedComponent:188 - Modes not found for component STMicroelectronics:USB_HOST:1.0.0:STMicroelectronics:USB::USB Host:CDC HS::1.0:USB_HOST_1_0_RESTRICTED_HS
2025-06-15 17:27:05,468 [WARN] ModelIntegratedComponent:182 - Modes not found for component STMicroelectronics:USB_HOST:1.0.0:STMicroelectronics:USB::USB Host:MSC HS::1.0:USB_HOST_1_0_RESTRICTED_HS
2025-06-15 17:27:05,468 [WARN] ModelIntegratedComponent:188 - Modes not found for component STMicroelectronics:USB_HOST:1.0.0:STMicroelectronics:USB::USB Host:MSC HS::1.0:USB_HOST_1_0_RESTRICTED_HS
2025-06-15 17:27:05,469 [WARN] ModelIntegratedComponent:182 - Modes not found for component STMicroelectronics:USB_HOST:1.0.0:STMicroelectronics:USB::USB Host:HID HS::1.0:USB_HOST_1_0_RESTRICTED_HS
2025-06-15 17:27:05,469 [WARN] ModelIntegratedComponent:188 - Modes not found for component STMicroelectronics:USB_HOST:1.0.0:STMicroelectronics:USB::USB Host:HID HS::1.0:USB_HOST_1_0_RESTRICTED_HS
2025-06-15 17:27:05,469 [WARN] ModelIntegratedComponent:182 - Modes not found for component STMicroelectronics:USB_HOST:1.0.0:STMicroelectronics:USB::USB Host:MTP HS::1.0:USB_HOST_1_0_RESTRICTED_HS
2025-06-15 17:27:05,469 [WARN] ModelIntegratedComponent:188 - Modes not found for component STMicroelectronics:USB_HOST:1.0.0:STMicroelectronics:USB::USB Host:MTP HS::1.0:USB_HOST_1_0_RESTRICTED_HS
2025-06-15 17:27:05,594 [INFO] ThirdPartyModel:298 - Start build external matchings
2025-06-15 17:27:07,074 [INFO] ThirdPartyModel:316 - End build external matchings
2025-06-15 17:27:07,122 [INFO] ImportTextPane:194 - (OptionalMessage_ERROR) IP (RCC) : Parameter (RTCHSEDivFreq_Value) has invalid value (12500000)
2025-06-15 17:27:07,124 [WARN] IP:2113 - DEVICE_SERIAL0_CDC_FS not found: check if there is a RefParameter without a condition.
2025-06-15 17:27:07,124 [WARN] IP:2113 - DEVICE_SERIAL1_CDC_FS not found: check if there is a RefParameter without a condition.
2025-06-15 17:27:07,124 [WARN] IP:2113 - DEVICE_SERIAL2_CDC_FS not found: check if there is a RefParameter without a condition.
2025-06-15 17:27:07,350 [INFO] UtilMem:75 - End LoadConfig() Used Memory: 769923448 Bytes (954204160)
2025-06-15 17:27:07,499 [INFO] ApiDb:581 - Connected to CubeFinder SQLite database (C:\Users\LEGION\.stmcufinder\plugins\mcufinder\mcu\cube-finder-db.db)
2025-06-15 17:27:07,587 [INFO] ApiDb:668 - CubeFinder database Data Model version=2.1
2025-06-15 17:27:07,587 [INFO] ApiDb:669 - CubeFinder database Configuration version=3.0.39
2025-06-15 17:27:07,587 [INFO] ApiDb:670 - CubeFinder database generation date=2025-05-20 (1747743314)
2025-06-15 17:27:07,587 [INFO] ApiDb:671 - CubeFinder database FW Pack versions=[FP-ATR-ASTRA1_V2.0.0, FP-SNS-FLIGHT1_V5.1.0, FP-SNS-MOTENV1_V5.0.0, FP-SNS-MOTENVWB1_V1.4.0, FP-SNS-SMARTAG2_V1.2.0, FP-SNS-STBOX1_V2.0.0, STM32Cube_FW_C0_V1.4.0, STM32Cube_FW_F4_V1.28.2, STM32Cube_FW_F7_V1.17.3, STM32Cube_FW_G0_V1.6.2, STM32Cube_FW_G4_V1.6.1, STM32Cube_FW_H5_V1.5.0, STM32Cube_FW_H7RS_V1.2.0, STM32Cube_FW_H7_V1.12.1, STM32Cube_FW_L0_V1.12.2, STM32Cube_FW_L4_V1.18.1, STM32Cube_FW_L5_V1.5.1, STM32Cube_FW_N6_V1.1.1, STM32Cube_FW_U0_V1.2.0, STM32Cube_FW_U3_V1.1.0, STM32Cube_FW_U5_V1.7.0, STM32Cube_FW_WB0_V1.2.0, STM32Cube_FW_WBA_V1.6.0, STM32Cube_FW_WB_V1.22.0, STM32Cube_FW_WL3_V1.1.0, STM32Cube_FW_WL_V1.3.1, X-CUBE-ALGOBUILD_V1.4.0, X-CUBE-ALS_V1.0.2, X-CUBE-AZRTOS-F4_V1.1.0, X-CUBE-AZRTOS-F7_V1.1.0, X-CUBE-AZRTOS-G0_V1.1.0, X-CUBE-AZRTOS-G4_V2.0.0, X-CUBE-AZRTOS-H7RS_V1.1.0, X-CUBE-AZRTOS-H7_V3.3.0, X-CUBE-AZRTOS-L4_V2.0.0, X-CUBE-AZRTOS-L5_V2.0.0, X-CUBE-AZRTOS-WB_V2.0.0, X-CUBE-AZRTOS-WL_V2.0.0, X-CUBE-BLE1_V7.1.0, X-CUBE-BLE2_V3.3.0, X-CUBE-BLEMGR_V4.0.0, X-CUBE-EEPRMA1_V5.1.0, X-CUBE-FREERTOS_V1.3.1, X-CUBE-GNSS1_V6.0.0, X-CUBE-MEMS1_V11.2.0, X-CUBE-NFC4_V3.0.0, X-CUBE-NFC7_V2.0.0, X-CUBE-SFXS2LP1_V4.0.0, X-CUBE-SUBG2_V5.0.0, X-CUBE-TOF1_V3.4.3]
2025-06-15 17:27:09,978 [INFO] ApiDb:240 - Found 297 in-development CPN: [B-G473E-ZEST1S, B-WB1M-WPAN1, B-WL5M-SUBG1, NUCLEO-C031C6, NUCLEO-H503RB, NUCLEO-H563ZI, NUCLEO-U545RE-Q, NUCLEO-U5A5ZJ-Q, NUCLEO-WBA52CG, STEVAL-PROTEUS1, STEVAL-STWINBX1, STM320518-EVAL, STM32C0116-DK, STM32C011D6Y3TR, STM32C011D6Y6TR, STM32C011F4P3, STM32C011F4P6, STM32C011F4U3, STM32C011F4U6TR, STM32C011F6P3, STM32C011F6P6, STM32C011F6U3, STM32C011F6U6TR, STM32C011J4M3, STM32C011J4M6, STM32C011J6M3, STM32C011J6M6, STM32C0316-DK, STM32C031C4T3, STM32C031C4T6, STM32C031C4U3, STM32C031C4U6, STM32C031C6T3, STM32C031C6T6, STM32C031C6U3, STM32C031C6U6, STM32C031F4P3, STM32C031F4P6, STM32C031F6P3, STM32C031F6P6, STM32C031G4U3, STM32C031G4U6, STM32C031G6U3, STM32C031G6U6, STM32C031K4T3, STM32C031K4T6, STM32C031K4U3, STM32C031K4U6, STM32C031K6T3, STM32C031K6T6, STM32C031K6U3, STM32C031K6U6, STM32G071K8TXN, STM32G071K8UXN, STM32G081GBU6N, STM32G081KBT6N, STM32G081KBUXN, STM32G0B1CCT6N, STM32G0B1KCT6, STM32G0B1NEY6TR, STM32G0B1RCT6N, STM32G0C1CCT6, STM32G0C1CCT6N, STM32G0C1CCU6N, STM32G0C1CET6N, STM32G0C1CEU6N, STM32G0C1KCT6, STM32G0C1NEY6TR, STM32G0C1RCI6N, STM32G0C1RCT6N, STM32G0C1REI6N, STM32G0C1RET6N, STM32G0C1VCI6, STM32G0C1VEI6, STM32G471CCT6, STM32G471CCU6, STM32G471CET3, STM32G471CET6, STM32G471CEU3, STM32G471CEU6, STM32G471MCT6, STM32G471MET3, STM32G471MET6, STM32G471MEY6TR, STM32G471QCT6, STM32G471QET3, STM32G471RCT6, STM32G471RET3, STM32G471RET6, STM32G471VCH6, STM32G471VCI6, STM32G471VCT6, STM32G471VEH3, STM32G471VEH6, STM32G471VEI3, STM32G471VEI6, STM32G471VET3, STM32G471VET6, STM32G474CCT6, STM32H503CBT6, STM32H503CBU6, STM32H503EBY6TR, STM32H503KBU6, STM32H503RBT6, STM32H562AGI6, STM32H562AII6, STM32H562IGK6, STM32H562IGT6, STM32H562IIK6, STM32H562IIT6, STM32H562RGT6, STM32H562RGV6, STM32H562RIT6, STM32H562RIV6, STM32H562VGT6, STM32H562VIT6, STM32H562ZGT6, STM32H562ZIT6, STM32H563AGI6, STM32H563AII3Q, STM32H563AII6, STM32H563IGK6, STM32H563IGT6, STM32H563IIK3Q, STM32H563IIK6, STM32H563IIT3Q, STM32H563IIT6, STM32H563MIY3QTR, STM32H563RGT6, STM32H563RGV6, STM32H563RIT6, STM32H563RIV6, STM32H563VGT6, STM32H563VIT3Q, STM32H563VIT6, STM32H563ZGT6, STM32H563ZIT3Q, STM32H563ZIT6, STM32H573AII3Q, STM32H573AII6, STM32H573I-DK, STM32H573IIK3Q, STM32H573IIK6, STM32H573IIT3Q, STM32H573IIT6, STM32H573MIY3QTR, STM32H573RIT6, STM32H573RIV6, STM32H573VIT3Q, STM32H573VIT6, STM32H573ZIT3Q, STM32H573ZIT6, STM32L4R5QGI6STR, STM32MP131AAE3, STM32MP131AAF3, STM32MP131AAG3, STM32MP131CAE3, STM32MP131CAF3, STM32MP131CAG3, STM32MP131DAE7, STM32MP131DAF7, STM32MP131DAG7, STM32MP131FAE7, STM32MP131FAF7, STM32MP131FAG7, STM32MP133AAE3, STM32MP133AAF3, STM32MP133AAG3, STM32MP133CAE3, STM32MP133CAF3, STM32MP133CAG3, STM32MP133DAE7, STM32MP133DAF7, STM32MP133DAG7, STM32MP133FAE7, STM32MP133FAF7, STM32MP133FAG7, STM32MP135AAE3, STM32MP135AAF3, STM32MP135AAG3, STM32MP135CAE3, STM32MP135CAF3, STM32MP135CAG3, STM32MP135DAE7, STM32MP135DAF7, STM32MP135DAG7, STM32MP135F-DK, STM32MP135FAE7, STM32MP135FAF7, STM32MP135FAF7T, STM32MP135FAF7U, STM32MP135FAG7, STM32U535CBT6, STM32U535CBT6Q, STM32U535CBU6, STM32U535CBU6Q, STM32U535CCT6, STM32U535CCT6Q, STM32U535CCU6, STM32U535CCU6Q, STM32U535CET6, STM32U535CET6Q, STM32U535CEU6, STM32U535CEU6Q, STM32U535JEY6QTR, STM32U535NCY6QTR, STM32U535NEY6QTR, STM32U535RBI6, STM32U535RBI6Q, STM32U535RBT6, STM32U535RBT6Q, STM32U535RCI6, STM32U535RCI6Q, STM32U535RCT6, STM32U535RCT6Q, STM32U535REI6, STM32U535REI6Q, STM32U535RET6, STM32U535RET6Q, STM32U535VCI6, STM32U535VCI6Q, STM32U535VCT6, STM32U535VCT6Q, STM32U535VEI6, STM32U535VEI6Q, STM32U535VET6, STM32U535VET6Q, STM32U545CET6, STM32U545CET6Q, STM32U545CEU6, STM32U545CEU6Q, STM32U545JEY6QTR, STM32U545NEY6QTR, STM32U545REI6, STM32U545REI6Q, STM32U545RET6, STM32U545RET6Q, STM32U545VEI6, STM32U545VEI6Q, STM32U545VET6, STM32U545VET6Q, STM32U595AIH6, STM32U595AIH6Q, STM32U595AJH6, STM32U595AJH6Q, STM32U595QII6, STM32U595QII6Q, STM32U595QJI6, STM32U595QJI6Q, STM32U595RIT6, STM32U595RIT6Q, STM32U595RJT6, STM32U595RJT6Q, STM32U595VIT6, STM32U595VIT6Q, STM32U595VJT6, STM32U595VJT6Q, STM32U595ZIT6, STM32U595ZIT6Q, STM32U595ZIY6QTR, STM32U595ZJT6, STM32U595ZJT6Q, STM32U595ZJY6QTR, STM32U599BJY6QTR, STM32U599NIH6Q, STM32U599NJH6Q, STM32U599VIT6Q, STM32U599VJT6, STM32U599VJT6Q, STM32U599ZIT6Q, STM32U599ZIY6QTR, STM32U599ZJT6Q, STM32U599ZJY6QTR, STM32U5A5AJH6, STM32U5A5AJH6Q, STM32U5A5QJI6, STM32U5A5QJI6Q, STM32U5A5RJT6, STM32U5A5RJT6Q, STM32U5A5VJT6, STM32U5A5VJT6Q, STM32U5A5ZJT6, STM32U5A5ZJT6Q, STM32U5A5ZJY6QTR, STM32U5A9BJY6QTR, STM32U5A9J-DK, STM32U5A9NJH6Q, STM32U5A9VJT6Q, STM32U5A9ZJT6Q, STM32U5A9ZJY6QTR, STM32WB1MMCH6, STM32WBA52CEU6, STM32WBA52CEU6T, STM32WBA52CGU6, STM32WBA52CGU6T, STM32WL5MOCH6, STM32WL5MOCH6TR]
2025-06-15 17:27:09,982 [INFO] DbMcus:216 - Found 4635 MCUs, 4635 are supported
2025-06-15 17:27:09,985 [INFO] ApiDb:423 - Load user favorites file C:\Users\LEGION/.stm32cubeide/favorites.mcus.txt: 0 item(s)
2025-06-15 17:27:09,985 [INFO] ApiDb:427 - User favorites MCUs=[]
2025-06-15 17:27:09,985 [INFO] DbMcus:222 - Set 0 / 0 favorites MCUs
2025-06-15 17:27:10,363 [WARN] ThirdParty:833 - waiting for thirdparty lock release [change project]
2025-06-15 17:27:10,363 [INFO] ThirdParty:835 - entering critical section [change project]
2025-06-15 17:27:10,364 [INFO] ThirdParty:1030 - CMSIS Pack Vendor :STMicroelectronics X-CUBE-GNSS1 6.0.0
2025-06-15 17:27:10,364 [INFO] ThirdParty:1030 - CMSIS Pack Vendor :STMicroelectronics USB_HOST 2.0.0
2025-06-15 17:27:10,364 [INFO] ThirdParty:1030 - CMSIS Pack Vendor :STMicroelectronics FP-SNS-MOTENVWB1 1.4.0
2025-06-15 17:27:10,364 [INFO] ThirdParty:1030 - CMSIS Pack Vendor :STMicroelectronics X-CUBE-AZRTOS-F4 1.1.0
2025-06-15 17:27:10,364 [INFO] ThirdParty:1030 - CMSIS Pack Vendor :STMicroelectronics LIBJPEG 8.0.0
2025-06-15 17:27:10,364 [INFO] ThirdParty:1030 - CMSIS Pack Vendor :STMicroelectronics FP-ATR-ASTRA1 2.0.2
2025-06-15 17:27:10,364 [INFO] ThirdParty:1030 - CMSIS Pack Vendor :STMicroelectronics FP-ATR-ASTRA1 2.0.1
2025-06-15 17:27:10,364 [INFO] ThirdParty:1030 - CMSIS Pack Vendor :STMicroelectronics X-CUBE-SMBUS 2.1.0
2025-06-15 17:27:10,364 [INFO] ThirdParty:1030 - CMSIS Pack Vendor :wolfSSL I-CUBE-wolfSSL 5.6.0
2025-06-15 17:27:10,364 [INFO] ThirdParty:1030 - CMSIS Pack Vendor :STMicroelectronics X-CUBE-ISPU 2.1.0
2025-06-15 17:27:10,364 [INFO] ThirdParty:1030 - CMSIS Pack Vendor :STMicroelectronics X-CUBE-FREERTOS 1.2.0
2025-06-15 17:27:10,364 [INFO] ThirdParty:1030 - CMSIS Pack Vendor :STMicroelectronics X-CUBE-TOUCHGFX 4.23.0
2025-06-15 17:27:10,364 [INFO] ThirdParty:1030 - CMSIS Pack Vendor :STMicroelectronics X-CUBE-TOUCHGFX 4.23.2
2025-06-15 17:27:10,364 [INFO] ThirdParty:1030 - CMSIS Pack Vendor :STMicroelectronics X-CUBE-AZRTOS-F7 1.1.0
2025-06-15 17:27:10,364 [INFO] ThirdParty:1030 - CMSIS Pack Vendor :STMicroelectronics X-CUBE-AZRTOS-L5 2.0.0
2025-06-15 17:27:10,364 [INFO] ThirdParty:1030 - CMSIS Pack Vendor :STMicroelectronics USB_DEVICE 2.0.0
2025-06-15 17:27:10,364 [INFO] ThirdParty:1030 - CMSIS Pack Vendor :STMicroelectronics X-CUBE-MEMS1 9.6.0
2025-06-15 17:27:10,364 [INFO] ThirdParty:1030 - CMSIS Pack Vendor :STMicroelectronics X-CUBE-NFC6 3.1.0
2025-06-15 17:27:10,364 [INFO] ThirdParty:1030 - CMSIS Pack Vendor :ITTIA_DB I-CUBE-ITTIADB 8.8.0
2025-06-15 17:27:10,364 [INFO] ThirdParty:1030 - CMSIS Pack Vendor :STMicroelectronics FP-SNS-MOTENV1 4.3.2
2025-06-15 17:27:10,364 [INFO] ThirdParty:1030 - CMSIS Pack Vendor :STMicroelectronics FP-SNS-MOTENV1 4.3.1
2025-06-15 17:27:10,364 [INFO] ThirdParty:1030 - CMSIS Pack Vendor :STMicroelectronics FP-SNS-FLIGHT1 5.0.1
2025-06-15 17:27:10,364 [INFO] ThirdParty:1030 - CMSIS Pack Vendor :STMicroelectronics X-CUBE-MEMS1 11.0.0
2025-06-15 17:27:10,364 [INFO] ThirdParty:1030 - CMSIS Pack Vendor :STMicroelectronics X-CUBE-BLE1 6.2.4
2025-06-15 17:27:10,364 [INFO] ThirdParty:1030 - CMSIS Pack Vendor :STMicroelectronics FreeRTOS 0.0.1
2025-06-15 17:27:10,364 [INFO] ThirdParty:1030 - CMSIS Pack Vendor :emotas I-CUBE-CANOPEN 1.1.3
2025-06-15 17:27:10,364 [INFO] ThirdParty:1030 - CMSIS Pack Vendor :STMicroelectronics X-CUBE-BLEMGR 2.0.0
2025-06-15 17:27:10,364 [INFO] ThirdParty:1030 - CMSIS Pack Vendor :STMicroelectronics FP-SNS-FLIGHT1 5.0.2
2025-06-15 17:27:10,364 [INFO] ThirdParty:1030 - CMSIS Pack Vendor :STMicroelectronics X-CUBE-AI 9.0.0
2025-06-15 17:27:10,364 [INFO] ThirdParty:1030 - CMSIS Pack Vendor :STMicroelectronics X-CUBE-AZRTOS-H7 3.1.0
2025-06-15 17:27:10,365 [INFO] ThirdParty:1030 - CMSIS Pack Vendor :STMicroelectronics PDM2PCM 3.3.0
2025-06-15 17:27:10,365 [INFO] ThirdParty:1030 - CMSIS Pack Vendor :STMicroelectronics X-CUBE-DISPLAY 3.0.0
2025-06-15 17:27:10,365 [INFO] ThirdParty:1030 - CMSIS Pack Vendor :STMicroelectronics X-CUBE-BLE1 7.0.0
2025-06-15 17:27:10,365 [INFO] ThirdParty:1030 - CMSIS Pack Vendor :STMicroelectronics X-CUBE-NFC10 1.0.0
2025-06-15 17:27:10,365 [INFO] ThirdParty:1030 - CMSIS Pack Vendor :STMicroelectronics X-CUBE-FREERTOS 1.3.1
2025-06-15 17:27:10,365 [INFO] ThirdParty:1030 - CMSIS Pack Vendor :STMicroelectronics HAL Drivers 0.0.0
2025-06-15 17:27:10,365 [INFO] ThirdParty:1030 - CMSIS Pack Vendor :emotas I-CUBE-CANOPEN 1.3.0
2025-06-15 17:27:10,365 [INFO] ThirdParty:1030 - CMSIS Pack Vendor :STMicroelectronics X-CUBE-NFC7 1.0.1
2025-06-15 17:27:10,365 [INFO] ThirdParty:1030 - CMSIS Pack Vendor :STMicroelectronics MBEDTLS 2.14.1
2025-06-15 17:27:10,365 [INFO] ThirdParty:1030 - CMSIS Pack Vendor :STMicroelectronics X-CUBE-NFC7 1.0.0
2025-06-15 17:27:10,365 [INFO] ThirdParty:1030 - CMSIS Pack Vendor :STMicroelectronics X-CUBE-NFC6 3.0.0
2025-06-15 17:27:10,365 [INFO] ThirdParty:1030 - CMSIS Pack Vendor :STMicroelectronics X-CUBE-EEPRMA1 4.1.0
2025-06-15 17:27:10,365 [INFO] ThirdParty:1030 - CMSIS Pack Vendor :STMicroelectronics X-CUBE-BLEMGR 3.1.0
2025-06-15 17:27:10,365 [INFO] ThirdParty:1030 - CMSIS Pack Vendor :STMicroelectronics FP-SNS-SMARTAG2 1.2.0
2025-06-15 17:27:10,365 [INFO] ThirdParty:1030 - CMSIS Pack Vendor :STMicroelectronics X-CUBE-AZRTOS-WL 2.0.0
2025-06-15 17:27:10,365 [INFO] ThirdParty:1030 - CMSIS Pack Vendor :STMicroelectronics FP-SNS-MOTENV1 5.0.0
2025-06-15 17:27:10,365 [INFO] ThirdParty:1030 - CMSIS Pack Vendor :STMicroelectronics USB_DEVICE 1.0.0
2025-06-15 17:27:10,365 [INFO] ThirdParty:1030 - CMSIS Pack Vendor :STMicroelectronics X-CUBE-AI 8.1.0
2025-06-15 17:27:10,365 [INFO] ThirdParty:1030 - CMSIS Pack Vendor :wolfSSL I-CUBE-wolfMQTT 1.19.0
2025-06-15 17:27:10,365 [INFO] ThirdParty:1030 - CMSIS Pack Vendor :STMicroelectronics X-CUBE-AZRTOS-L4 2.0.0
2025-06-15 17:27:10,365 [INFO] ThirdParty:1030 - CMSIS Pack Vendor :STMicroelectronics ThreadX 0.0.2
2025-06-15 17:27:10,365 [INFO] ThirdParty:1030 - CMSIS Pack Vendor :WES I-CUBE-Cesium 1.3.0
2025-06-15 17:27:10,365 [INFO] ThirdParty:1030 - CMSIS Pack Vendor :STMicroelectronics lwIP 2.1.2
2025-06-15 17:27:10,365 [INFO] ThirdParty:1030 - CMSIS Pack Vendor :STMicroelectronics X-CUBE-SFXS2LP1 4.0.0
2025-06-15 17:27:10,365 [INFO] ThirdParty:1030 - CMSIS Pack Vendor :STMicroelectronics X-CUBE-BLE2 3.3.0
2025-06-15 17:27:10,365 [INFO] ThirdParty:1030 - CMSIS Pack Vendor :STMicroelectronics PDM2PCM 3.2.0
2025-06-15 17:27:10,365 [INFO] ThirdParty:1030 - CMSIS Pack Vendor :STMicroelectronics X-CUBE-ISPU 1.1.0
2025-06-15 17:27:10,365 [INFO] ThirdParty:1030 - CMSIS Pack Vendor :STMicroelectronics X-CUBE-AZRTOS-H7 3.3.0
2025-06-15 17:27:10,365 [INFO] ThirdParty:1030 - CMSIS Pack Vendor :STMicroelectronics X-CUBE-NFC9 1.0.0
2025-06-15 17:27:10,365 [INFO] ThirdParty:1030 - CMSIS Pack Vendor :wolfSSL I-CUBE-wolfSSL 5.8.0
2025-06-15 17:27:10,365 [INFO] ThirdParty:1030 - CMSIS Pack Vendor :STMicroelectronics X-CUBE-BLE1 7.1.0
2025-06-15 17:27:10,365 [INFO] ThirdParty:1030 - CMSIS Pack Vendor :wolfSSL I-CUBE-wolfMQTT 1.19.2
2025-06-15 17:27:10,365 [INFO] ThirdParty:1030 - CMSIS Pack Vendor :STMicroelectronics USB_DEVICE 3.0.0
2025-06-15 17:27:10,365 [INFO] ThirdParty:1030 - CMSIS Pack Vendor :STMicroelectronics X-CUBE-TCPP 4.1.0
2025-06-15 17:27:10,365 [INFO] ThirdParty:1030 - CMSIS Pack Vendor :STMicroelectronics X-CUBE-AZRTOS-WB 2.0.0
2025-06-15 17:27:10,365 [INFO] ThirdParty:1030 - CMSIS Pack Vendor :STMicroelectronics X-CUBE-FREERTOS 1.0.1
2025-06-15 17:27:10,365 [INFO] ThirdParty:1030 - CMSIS Pack Vendor :STMicroelectronics X-CUBE-GNSS1 7.0.0
2025-06-15 17:27:10,365 [INFO] ThirdParty:1030 - CMSIS Pack Vendor :STMicroelectronics X-CUBE-GNSS1 7.0.1
2025-06-15 17:27:10,366 [INFO] ThirdParty:1030 - CMSIS Pack Vendor :STMicroelectronics X-CUBE-TOUCHGFX 4.21.4
2025-06-15 17:27:10,366 [INFO] ThirdParty:1030 - CMSIS Pack Vendor :STMicroelectronics X-CUBE-TOUCHGFX 4.25.0
2025-06-15 17:27:10,366 [INFO] ThirdParty:1030 - CMSIS Pack Vendor :STMicroelectronics X-CUBE-AI 10.1.0
2025-06-15 17:27:10,366 [INFO] ThirdParty:1030 - CMSIS Pack Vendor :STMicroelectronics X-CUBE-ALGOBUILD 1.3.0
2025-06-15 17:27:10,366 [INFO] ThirdParty:1030 - CMSIS Pack Vendor :STMicroelectronics X-CUBE-AZRTOS-L5 1.1.0
2025-06-15 17:27:10,366 [INFO] ThirdParty:1030 - CMSIS Pack Vendor :STMicroelectronics X-CUBE-MEMS1 11.2.0
2025-06-15 17:27:10,366 [INFO] ThirdParty:1030 - CMSIS Pack Vendor :STMicroelectronics X-CUBE-AZRTOS-G0 1.1.0
2025-06-15 17:27:10,366 [INFO] ThirdParty:1030 - CMSIS Pack Vendor :STMicroelectronics X-CUBE-AI 8.0.1
2025-06-15 17:27:10,366 [INFO] ThirdParty:1030 - CMSIS Pack Vendor :STMicroelectronics X-CUBE-SAFEA1 1.2.2
2025-06-15 17:27:10,366 [INFO] ThirdParty:1030 - CMSIS Pack Vendor :STMicroelectronics X-CUBE-NFC4 3.0.0
2025-06-15 17:27:10,366 [INFO] ThirdParty:1030 - CMSIS Pack Vendor :STMicroelectronics X-CUBE-SUBG2 5.0.0
2025-06-15 17:27:10,366 [INFO] ThirdParty:1030 - CMSIS Pack Vendor :STMicroelectronics X-CUBE-AZRTOS-H7RS 1.1.0
2025-06-15 17:27:10,366 [INFO] ThirdParty:1030 - CMSIS Pack Vendor :STMicroelectronics STM32_WPAN 1.0.0
2025-06-15 17:27:10,366 [INFO] ThirdParty:1030 - CMSIS Pack Vendor :STMicroelectronics lwIP 2.0.3
2025-06-15 17:27:10,366 [INFO] ThirdParty:1030 - CMSIS Pack Vendor :Cesanta I-CUBE-Mongoose 7.13.0
2025-06-15 17:27:10,366 [INFO] ThirdParty:1030 - CMSIS Pack Vendor :STMicroelectronics USB_HOST 1.0.0
2025-06-15 17:27:10,366 [INFO] ThirdParty:1030 - CMSIS Pack Vendor :STMicroelectronics X-CUBE-AZRTOS-G4 2.0.0
2025-06-15 17:27:10,366 [INFO] ThirdParty:1030 - CMSIS Pack Vendor :STMicroelectronics X-CUBE-WB05N 2.0.0
2025-06-15 17:27:10,366 [INFO] ThirdParty:1030 - CMSIS Pack Vendor :STMicroelectronics PDM2PCM 3.1.0
2025-06-15 17:27:10,366 [INFO] ThirdParty:1030 - CMSIS Pack Vendor :STMicroelectronics X-CUBE-TOF1 3.3.0
2025-06-15 17:27:10,366 [INFO] ThirdParty:1030 - CMSIS Pack Vendor :Infineon AIROC-Wi-Fi-Bluetooth-STM32 1.5.1
2025-06-15 17:27:10,366 [INFO] ThirdParty:1030 - CMSIS Pack Vendor :STMicroelectronics X-CUBE-BLEMGR 3.0.0
2025-06-15 17:27:10,367 [INFO] ThirdParty:1030 - CMSIS Pack Vendor :wolfSSL I-CUBE-wolfTPM 3.8.0
2025-06-15 17:27:10,367 [INFO] ThirdParty:1030 - CMSIS Pack Vendor :wolfSSL I-CUBE-wolfSSH 1.4.20
2025-06-15 17:27:10,367 [INFO] ThirdParty:1030 - CMSIS Pack Vendor :STMicroelectronics X-CUBE-NFC7 2.0.0
2025-06-15 17:27:10,367 [INFO] ThirdParty:1030 - CMSIS Pack Vendor :STMicroelectronics FP-SNS-MOTENVWB1 1.3.1
2025-06-15 17:27:10,367 [INFO] ThirdParty:1030 - CMSIS Pack Vendor :STMicroelectronics FP-ATR-SIGFOX1 3.2.0
2025-06-15 17:27:10,367 [INFO] ThirdParty:1030 - CMSIS Pack Vendor :STMicroelectronics X-CUBE-ISPU 2.0.0
2025-06-15 17:27:10,367 [INFO] ThirdParty:1030 - CMSIS Pack Vendor :STMicroelectronics X-CUBE-EEPRMA1 5.1.0
2025-06-15 17:27:10,367 [INFO] ThirdParty:1030 - CMSIS Pack Vendor :STMicroelectronics MBEDTLS 2.16.2
2025-06-15 17:27:10,367 [INFO] ThirdParty:1030 - CMSIS Pack Vendor :STMicroelectronics X-CUBE-ALS 1.0.2
2025-06-15 17:27:10,367 [INFO] ThirdParty:1030 - CMSIS Pack Vendor :STMicroelectronics X-CUBE-MEMS1 10.0.0
2025-06-15 17:27:10,367 [INFO] ThirdParty:1030 - CMSIS Pack Vendor :STMicroelectronics X-CUBE-FREERTOS 1.1.0
2025-06-15 17:27:10,367 [INFO] ThirdParty:1030 - CMSIS Pack Vendor :STMicroelectronics X-CUBE-TOUCHGFX 4.24.0
2025-06-15 17:27:10,367 [INFO] ThirdParty:1030 - CMSIS Pack Vendor :ITTIA_DB I-CUBE-ITTIADB 8.9.0
2025-06-15 17:27:10,367 [INFO] ThirdParty:1030 - CMSIS Pack Vendor :STMicroelectronics X-CUBE-TOUCHGFX 4.24.1
2025-06-15 17:27:10,367 [INFO] ThirdParty:1030 - CMSIS Pack Vendor :portGmbH I-Cube-SoM-uGOAL 1.1.0
2025-06-15 17:27:10,367 [INFO] ThirdParty:1030 - CMSIS Pack Vendor :STMicroelectronics X-CUBE-ALS 1.0.1
2025-06-15 17:27:10,367 [INFO] ThirdParty:1030 - CMSIS Pack Vendor :STMicroelectronics ThreadX 1.0.0
2025-06-15 17:27:10,367 [INFO] ThirdParty:1030 - CMSIS Pack Vendor :STMicroelectronics X-CUBE-AZRTOS-WB 1.1.0
2025-06-15 17:27:10,367 [INFO] ThirdParty:1030 - CMSIS Pack Vendor :SEGGER I-CUBE-embOS 1.3.1
2025-06-15 17:27:10,367 [INFO] ThirdParty:1030 - CMSIS Pack Vendor :STMicroelectronics X-CUBE-ALGOBUILD 1.4.0
2025-06-15 17:27:10,367 [INFO] ThirdParty:1030 - CMSIS Pack Vendor :STMicroelectronics X-CUBE-MEMS1 11.3.0
2025-06-15 17:27:10,367 [INFO] ThirdParty:1030 - CMSIS Pack Vendor :STMicroelectronics X-CUBE-AZRTOS-H7RS 1.0.0
2025-06-15 17:27:10,367 [INFO] ThirdParty:1030 - CMSIS Pack Vendor :STMicroelectronics FP-ATR-ASTRA1 2.0.0
2025-06-15 17:27:10,367 [INFO] ThirdParty:1030 - CMSIS Pack Vendor :STMicroelectronics X-CUBE-AI 9.1.0
2025-06-15 17:27:10,367 [INFO] ThirdParty:1030 - CMSIS Pack Vendor :STMicroelectronics X-CUBE-TOF1 3.4.0
2025-06-15 17:27:10,367 [INFO] ThirdParty:1030 - CMSIS Pack Vendor :STMicroelectronics X-CUBE-TOF1 3.4.1
2025-06-15 17:27:10,367 [INFO] ThirdParty:1030 - CMSIS Pack Vendor :STMicroelectronics X-CUBE-AZRTOS-H7 3.2.0
2025-06-15 17:27:10,368 [INFO] ThirdParty:841 - exiting critical section [change project]
2025-06-15 17:27:10,622 [INFO] PinOutPanel:1499 - setPackage(No Configuration,No Configuration)
2025-06-15 17:27:10,623 [INFO] PinOutPanel:1499 - setPackage(STM32F411CEUx,UFQFPN48)
2025-06-15 17:27:11,087 [INFO] UtilMem:75 - Before build in PCC Used Memory: 755868936 Bytes (954204160)
2025-06-15 17:27:11,804 [INFO] UtilMem:75 - After build in PCC Used Memory: 779033376 Bytes (954204160)
2025-06-15 17:27:11,890 [INFO] ApiDbMcu:507 - Load IP Config File for USB_DEVICE
2025-06-15 17:27:11,916 [INFO] IPUIPlugin:80 - create IPUIPlugin
2025-06-15 17:27:11,916 [INFO] IPUIPlugin:80 - create IPUIPlugin
2025-06-15 17:27:11,916 [INFO] IPUIPlugin:80 - create IPUIPlugin
2025-06-15 17:27:11,916 [INFO] IPUIPlugin:80 - create IPUIPlugin
2025-06-15 17:27:11,916 [INFO] IPUIPlugin:80 - create IPUIPlugin
2025-06-15 17:27:11,916 [INFO] IPUIPlugin:80 - create IPUIPlugin
2025-06-15 17:27:11,917 [INFO] IPUIPlugin:80 - create IPUIPlugin
2025-06-15 17:27:11,917 [INFO] IPUIPlugin:80 - create IPUIPlugin
2025-06-15 17:27:11,917 [INFO] IPUIPlugin:80 - create IPUIPlugin
2025-06-15 17:27:11,917 [INFO] IPUIPlugin:80 - create IPUIPlugin
2025-06-15 17:27:11,917 [INFO] IPUIPlugin:80 - create IPUIPlugin
2025-06-15 17:27:11,917 [INFO] IPUIPlugin:80 - create IPUIPlugin
2025-06-15 17:27:11,917 [INFO] IPUIPlugin:80 - create IPUIPlugin
2025-06-15 17:27:11,917 [INFO] IPUIPlugin:80 - create IPUIPlugin
2025-06-15 17:27:11,918 [INFO] IPUIPlugin:80 - create IPUIPlugin
2025-06-15 17:27:11,918 [INFO] IPUIPlugin:80 - create IPUIPlugin
2025-06-15 17:27:11,918 [INFO] IPUIPlugin:80 - create IPUIPlugin
2025-06-15 17:27:11,918 [INFO] IPUIPlugin:80 - create IPUIPlugin
2025-06-15 17:27:11,918 [INFO] IPUIPlugin:80 - create IPUIPlugin
2025-06-15 17:27:11,918 [INFO] IPUIPlugin:80 - create IPUIPlugin
2025-06-15 17:27:11,919 [INFO] IPUIPlugin:80 - create IPUIPlugin
2025-06-15 17:27:11,919 [INFO] IPUIPlugin:80 - create IPUIPlugin
2025-06-15 17:27:11,919 [INFO] IPUIPlugin:80 - create IPUIPlugin
2025-06-15 17:27:11,919 [INFO] IPUIPlugin:80 - create IPUIPlugin
2025-06-15 17:27:11,919 [INFO] IPUIPlugin:80 - create IPUIPlugin
2025-06-15 17:27:11,919 [INFO] IPUIPlugin:80 - create IPUIPlugin
2025-06-15 17:27:11,919 [INFO] IPUIPlugin:80 - create IPUIPlugin
2025-06-15 17:27:11,920 [INFO] IPUIPlugin:80 - create IPUIPlugin
2025-06-15 17:27:11,920 [INFO] IPUIPlugin:80 - create IPUIPlugin
2025-06-15 17:27:11,920 [INFO] IPUIPlugin:80 - create IPUIPlugin
2025-06-15 17:27:11,920 [INFO] IPUIPlugin:80 - create IPUIPlugin
2025-06-15 17:27:11,920 [INFO] IPUIPlugin:80 - create IPUIPlugin
2025-06-15 17:27:11,920 [INFO] IPUIPlugin:80 - create IPUIPlugin
2025-06-15 17:27:11,920 [INFO] IPUIPlugin:80 - create IPUIPlugin
2025-06-15 17:27:11,922 [INFO] IPUIPlugin:80 - create IPUIPlugin
2025-06-15 17:27:11,922 [INFO] IPUIPlugin:80 - create IPUIPlugin
2025-06-15 17:27:11,922 [INFO] IPUIPlugin:80 - create IPUIPlugin
2025-06-15 17:27:11,922 [INFO] IPUIPlugin:80 - create IPUIPlugin
2025-06-15 17:27:11,922 [INFO] IPUIPlugin:80 - create IPUIPlugin
2025-06-15 17:27:11,922 [INFO] IPUIPlugin:80 - create IPUIPlugin
2025-06-15 17:27:11,922 [INFO] IPUIPlugin:80 - create IPUIPlugin
2025-06-15 17:27:11,922 [INFO] IPUIPlugin:80 - create IPUIPlugin
2025-06-15 17:27:11,922 [INFO] IPUIPlugin:80 - create IPUIPlugin
2025-06-15 17:27:11,945 [INFO] ApiDbMcu:507 - Load IP Config File for PDM2PCM
2025-06-15 17:27:11,955 [WARN] IP:2113 - I2C_Coeff_DF not found: check if there is a RefParameter without a condition.
2025-06-15 17:27:11,955 [WARN] IP:2113 - Analog_Filter not found: check if there is a RefParameter without a condition.
2025-06-15 17:27:12,135 [INFO] CADModel:165 - CPN selected for project levelSTM32F411CEU6
2025-06-15 17:27:12,136 [INFO] CADModel:114 - Register for checkConnection events
2025-06-15 17:27:12,186 [INFO] OpenFileManager:328 - Restore cursor
2025-06-15 17:27:12,333 [WARN] IP:2113 - DEVICE_SERIAL0_CDC_FS not found: check if there is a RefParameter without a condition.
2025-06-15 17:27:12,334 [WARN] IP:2113 - DEVICE_SERIAL1_CDC_FS not found: check if there is a RefParameter without a condition.
2025-06-15 17:27:12,334 [WARN] IP:2113 - DEVICE_SERIAL2_CDC_FS not found: check if there is a RefParameter without a condition.
2025-06-15 17:27:12,335 [WARN] IP:2113 - DEVICE_SERIAL0_CDC_FS not found: check if there is a RefParameter without a condition.
2025-06-15 17:27:12,335 [WARN] IP:2113 - DEVICE_SERIAL1_CDC_FS not found: check if there is a RefParameter without a condition.
2025-06-15 17:27:12,335 [WARN] IP:2113 - DEVICE_SERIAL2_CDC_FS not found: check if there is a RefParameter without a condition.
2025-06-15 17:27:12,364 [WARN] IP:2113 - I2C_Coeff_DF not found: check if there is a RefParameter without a condition.
2025-06-15 17:27:12,364 [WARN] IP:2113 - Analog_Filter not found: check if there is a RefParameter without a condition.
2025-06-15 17:27:12,365 [WARN] IP:2113 - I2C_Coeff_DF not found: check if there is a RefParameter without a condition.
2025-06-15 17:27:12,365 [WARN] IP:2113 - Analog_Filter not found: check if there is a RefParameter without a condition.
2025-06-15 17:52:39,807 [INFO] Activator:176 - 


2025-06-15 17:52:39,808 [INFO] Activator:177 - !SESSION log4j initialized
2025-06-15 17:52:45,074 [INFO] LogOutputStream:77 - [STDOUT_REDIRECT] 
2025-06-15 17:53:06,754 [ERROR] LogOutputStream:75 - [STDERR_REDIRECT] SLF4J: Failed to load class "org.slf4j.impl.StaticLoggerBinder".
2025-06-15 17:53:06,754 [ERROR] LogOutputStream:75 - [STDERR_REDIRECT] SLF4J: Defaulting to no-operation (NOP) logger implementation
2025-06-15 17:53:06,755 [ERROR] LogOutputStream:75 - [STDERR_REDIRECT] SLF4J: See http://www.slf4j.org/codes.html#StaticLoggerBinder for further details.
2025-06-15 18:05:22,253 [INFO] ApplicationProperties:184 - Using Application install path: C:\ST\STM32CubeIDE_1.12.1\STM32CubeIDE\plugins\com.st.stm32cube.common.mx_6.8.1.202304191431
2025-06-15 18:05:22,274 [INFO] DbMcusXml:78 - Set database path to: C:\ST\STM32CubeIDE_1.12.1\STM32CubeIDE\plugins\com.st.stm32cube.common.mx_6.8.1.202304191431\\db\/mcu/
2025-06-15 18:05:22,275 [INFO] ApiDb:274 - Set plugin database path to: C:\ST\STM32CubeIDE_1.12.1\STM32CubeIDE\plugins\com.st.stm32cube.common.mx_6.8.1.202304191431\\db\/plugins/boardmanager/
2025-06-15 18:05:22,276 [WARN] ApiDb:259 - Overriding images path with different value:  => C:\ST\STM32CubeIDE_1.12.1\STM32CubeIDE\plugins\com.st.stm32cube.common.mx_6.8.1.202304191431\\db\/plugins/mcufinder/images/
2025-06-15 18:05:22,287 [INFO] ApiDb:250 - Set database path to: C:\Users\LEGION\.stmcufinder\plugins\mcufinder//mcu/
2025-06-15 18:05:22,288 [INFO] DbMcusAds:125 - Set database path to: C:\Users\LEGION\.stmcufinder\plugins\mcufinder//mcu/
2025-06-15 18:05:22,477 [INFO] CrossReferenceDbSqlite:203 - Set database path to: C:\Users\LEGION\.stmcufinder\plugins\mcufinder//mcu/cs/
2025-06-15 18:05:22,561 [INFO] RulesReader:64 - Compatibility file has been processed (293 Rules)
2025-06-15 18:05:22,635 [INFO] DbMcusXml:78 - Set database path to: C:\ST\STM32CubeIDE_1.12.1\STM32CubeIDE\plugins\com.st.stm32cube.common.mx_6.8.1.202304191431\\db\/mcu/
2025-06-15 18:05:22,635 [INFO] ApiDb:274 - Set plugin database path to: C:\ST\STM32CubeIDE_1.12.1\STM32CubeIDE\plugins\com.st.stm32cube.common.mx_6.8.1.202304191431\\db\/plugins/boardmanager/
2025-06-15 18:05:22,635 [INFO] ApiDb:261 - Set plugin images path to: C:\ST\STM32CubeIDE_1.12.1\STM32CubeIDE\plugins\com.st.stm32cube.common.mx_6.8.1.202304191431\\db\/plugins/mcufinder/images/
2025-06-15 18:05:22,635 [WARN] DbFile:41 - Overriding database path with different value: C:\Users\LEGION\.stmcufinder\plugins\mcufinder/ => C:\Users\LEGION\.stmcufinder\plugins\mcufinder
2025-06-15 18:05:22,635 [INFO] ApiDb:250 - Set database path to: C:\Users\LEGION\.stmcufinder\plugins\mcufinder//mcu/
2025-06-15 18:05:22,635 [WARN] DbFile:41 - Overriding database path with different value: C:\Users\LEGION\.stmcufinder\plugins\mcufinder/ => C:\Users\LEGION\.stmcufinder\plugins\mcufinder
2025-06-15 18:05:22,635 [INFO] DbMcusAds:125 - Set database path to: C:\Users\LEGION\.stmcufinder\plugins\mcufinder//mcu/
2025-06-15 18:05:22,635 [WARN] DbFile:41 - Overriding database path with different value: C:\Users\LEGION\.stmcufinder\plugins\mcufinder/ => C:\Users\LEGION\.stmcufinder\plugins\mcufinder
2025-06-15 18:05:22,635 [WARN] DbFile:41 - Overriding database path with different value: C:\Users\LEGION\.stmcufinder\plugins\mcufinder/ => C:\Users\LEGION\.stmcufinder\plugins\mcufinder
2025-06-15 18:05:22,636 [INFO] CrossReferenceDbSqlite:203 - Set database path to: C:\Users\LEGION\.stmcufinder\plugins\mcufinder//mcu/cs/
2025-06-15 18:05:22,704 [INFO] MainPanel:253 - HeapMemory: 654311424
2025-06-15 18:05:22,800 [INFO] DbMcusXml:78 - Set database path to: C:\ST\STM32CubeIDE_1.12.1\STM32CubeIDE\plugins\com.st.stm32cube.common.mx_6.8.1.202304191431\\db\/mcu/
2025-06-15 18:05:22,800 [INFO] ApiDb:274 - Set plugin database path to: C:\ST\STM32CubeIDE_1.12.1\STM32CubeIDE\plugins\com.st.stm32cube.common.mx_6.8.1.202304191431\\db\/plugins/boardmanager/
2025-06-15 18:05:22,800 [INFO] ApiDb:261 - Set plugin images path to: C:\ST\STM32CubeIDE_1.12.1\STM32CubeIDE\plugins\com.st.stm32cube.common.mx_6.8.1.202304191431\\db\/plugins/mcufinder/images/
2025-06-15 18:05:22,800 [WARN] DbFile:41 - Overriding database path with different value: C:\Users\LEGION\.stmcufinder\plugins\mcufinder/ => C:\Users\LEGION\.stmcufinder\plugins\mcufinder
2025-06-15 18:05:22,800 [INFO] ApiDb:250 - Set database path to: C:\Users\LEGION\.stmcufinder\plugins\mcufinder//mcu/
2025-06-15 18:05:22,800 [WARN] DbFile:41 - Overriding database path with different value: C:\Users\LEGION\.stmcufinder\plugins\mcufinder/ => C:\Users\LEGION\.stmcufinder\plugins\mcufinder
2025-06-15 18:05:22,800 [INFO] DbMcusAds:125 - Set database path to: C:\Users\LEGION\.stmcufinder\plugins\mcufinder//mcu/
2025-06-15 18:05:22,801 [WARN] DbFile:41 - Overriding database path with different value: C:\Users\LEGION\.stmcufinder\plugins\mcufinder/ => C:\Users\LEGION\.stmcufinder\plugins\mcufinder
2025-06-15 18:05:22,801 [WARN] DbFile:41 - Overriding database path with different value: C:\Users\LEGION\.stmcufinder\plugins\mcufinder/ => C:\Users\LEGION\.stmcufinder\plugins\mcufinder
2025-06-15 18:05:22,801 [INFO] CrossReferenceDbSqlite:203 - Set database path to: C:\Users\LEGION\.stmcufinder\plugins\mcufinder//mcu/cs/
2025-06-15 18:05:22,818 [INFO] ApplicationProperties:184 - Using Application install path: C:\ST\STM32CubeIDE_1.12.1\STM32CubeIDE\plugins\com.st.stm32cube.common.mx_6.8.1.202304191431
2025-06-15 18:05:22,820 [INFO] PluginManage:196 - Search for loadable plugins [exclusion list=, ]
2025-06-15 18:05:22,821 [INFO] PluginManage:310 - Check plugin analytics
2025-06-15 18:05:22,967 [INFO] AnalyticsPlugin:253 - Accepted Software Licenses: STM32CubeMX.6.11.1
2025-06-15 18:05:22,968 [INFO] AnalyticsPlugin:255 - Accepted CMSIS Pack Licenses: NimaLTD.I-CUBE-EE.3.2.2
2025-06-15 18:05:22,968 [INFO] AnalyticsPlugin:257 - Accepted Firmware Licenses: FW.F4.1.27.0,FW.G0.1.6.0,FW.F4.1.28.0
2025-06-15 18:05:22,977 [INFO] PluginManage:359 - Loaded plugin analytics (category:tool,tabindex:-1)
2025-06-15 18:05:22,977 [INFO] PluginManage:310 - Check plugin cadmodel
2025-06-15 18:05:22,983 [INFO] CADModel:105 - Init CAD model plugin
2025-06-15 18:05:22,983 [INFO] PluginManage:359 - Loaded plugin cadmodel (category:power,tabindex:5)
2025-06-15 18:05:22,984 [INFO] PluginManage:310 - Check plugin clock
2025-06-15 18:05:22,996 [INFO] PluginManage:359 - Loaded plugin clock (category:base,tabindex:2)
2025-06-15 18:05:22,996 [INFO] PluginManage:310 - Check plugin ddr
2025-06-15 18:05:22,999 [INFO] PluginManage:359 - Loaded plugin ddr (category:tool,tabindex:6)
2025-06-15 18:05:23,000 [INFO] PluginManage:310 - Check plugin filemanager
2025-06-15 18:05:23,127 [INFO] PluginManage:359 - Loaded plugin filemanager (category:base,tabindex:10)
2025-06-15 18:05:23,127 [INFO] PluginManage:310 - Check plugin ipmanager
2025-06-15 18:05:23,135 [INFO] PluginManage:359 - Loaded plugin ipmanager (category:base,tabindex:5)
2025-06-15 18:05:23,135 [INFO] PluginManage:310 - Check plugin lpbam
2025-06-15 18:05:23,144 [INFO] PluginManage:359 - Loaded plugin lpbam (category:base,tabindex:0)
2025-06-15 18:05:23,144 [INFO] PluginManage:310 - Check plugin pinoutandconfiguration
2025-06-15 18:05:23,153 [INFO] PluginManage:359 - Loaded plugin pinoutandconfiguration (category:base,tabindex:1)
2025-06-15 18:05:23,153 [INFO] PluginManage:310 - Check plugin pinoutconfig
2025-06-15 18:05:23,239 [WARN] SupportedApi:132 - Cannot load RTOS API schema: s4s-elt-must-match.1: The content of 'definitions' must match (annotation?, (simpleType | complexType)?, (unique | key | keyref)*)). A problem was found starting at: attribute.
2025-06-15 18:05:23,360 [INFO] PluginManage:359 - Loaded plugin pinoutconfig (category:base,tabindex:0)
2025-06-15 18:05:23,360 [INFO] PluginManage:310 - Check plugin power
2025-06-15 18:05:23,372 [INFO] PluginManage:359 - Loaded plugin power (category:power,tabindex:4)
2025-06-15 18:05:23,372 [INFO] PluginManage:310 - Check plugin projectmanager
2025-06-15 18:05:23,385 [INFO] PluginManage:359 - Loaded plugin projectmanager (category:projectmanager,tabindex:3)
2025-06-15 18:05:23,385 [INFO] PluginManage:310 - Check plugin thirdparty
2025-06-15 18:05:23,506 [INFO] PluginManage:359 - Loaded plugin thirdparty (category:base,tabindex:-1)
2025-06-15 18:05:23,506 [WARN] IntegrityCheckThread:84 - waiting for thirdparty lock release [integrity check]
2025-06-15 18:05:23,507 [INFO] PluginManage:310 - Check plugin tools
2025-06-15 18:05:23,507 [INFO] IntegrityCheckThread:86 - entering critical section [integrity check]
2025-06-15 18:05:23,508 [INFO] ThirdPartyUpdaterWithRetryManager:70 - Updater plugin not ready yet. [1/15]
2025-06-15 18:05:23,509 [INFO] PluginManage:359 - Loaded plugin tools (category:base,tabindex:7)
2025-06-15 18:05:23,509 [INFO] PluginManage:310 - Check plugin tutovideos
2025-06-15 18:05:23,685 [INFO] PluginManage:359 - Loaded plugin tutovideos (category:base,tabindex:-1)
2025-06-15 18:05:23,686 [INFO] PluginManage:310 - Check plugin updater
2025-06-15 18:05:23,699 [INFO] PluginManage:359 - Loaded plugin updater (category:base,tabindex:12)
2025-06-15 18:05:23,700 [INFO] PluginManage:283 - PluginManage : Loaded plugins [15]
2025-06-15 18:05:23,929 [INFO] PinOutPanel:1499 - setPackage(No Configuration,No Configuration)
2025-06-15 18:05:23,990 [INFO] CADModel:165 - CPN selected for project level
2025-06-15 18:05:23,990 [INFO] CADModel:114 - Register for checkConnection events
2025-06-15 18:05:24,007 [INFO] IPUIPlugin:80 - create IPUIPlugin
2025-06-15 18:05:24,008 [INFO] PluginManager:220 - loadIPPluginJar : add adc
2025-06-15 18:05:24,010 [INFO] IPUIPlugin:80 - create IPUIPlugin
2025-06-15 18:05:24,010 [INFO] PluginManager:220 - loadIPPluginJar : add aes
2025-06-15 18:05:24,013 [INFO] IPUIPlugin:80 - create IPUIPlugin
2025-06-15 18:05:24,013 [INFO] PluginManager:220 - loadIPPluginJar : add can
2025-06-15 18:05:24,014 [INFO] IPUIPlugin:80 - create IPUIPlugin
2025-06-15 18:05:24,015 [INFO] PluginManager:220 - loadIPPluginJar : add comp
2025-06-15 18:05:24,016 [INFO] IPUIPlugin:80 - create IPUIPlugin
2025-06-15 18:05:24,016 [INFO] PluginManager:220 - loadIPPluginJar : add cryp
2025-06-15 18:05:24,018 [INFO] IPUIPlugin:80 - create IPUIPlugin
2025-06-15 18:05:24,018 [INFO] PluginManager:220 - loadIPPluginJar : add dfsdm
2025-06-15 18:05:24,024 [INFO] IPUIPlugin:80 - create IPUIPlugin
2025-06-15 18:05:24,024 [INFO] PluginManager:220 - loadIPPluginJar : add dma
2025-06-15 18:05:24,026 [INFO] IPUIPlugin:80 - create IPUIPlugin
2025-06-15 18:05:24,026 [INFO] PluginManager:220 - loadIPPluginJar : add dma3
2025-06-15 18:05:24,027 [INFO] IPUIPlugin:80 - create IPUIPlugin
2025-06-15 18:05:24,027 [INFO] PluginManager:220 - loadIPPluginJar : add fatfs
2025-06-15 18:05:24,031 [INFO] IPUIPlugin:80 - create IPUIPlugin
2025-06-15 18:05:24,032 [INFO] PluginManager:220 - loadIPPluginJar : add fmc
2025-06-15 18:05:24,038 [INFO] IPUIPlugin:80 - create IPUIPlugin
2025-06-15 18:05:24,038 [INFO] PluginManager:220 - loadIPPluginJar : add freertos
2025-06-15 18:05:24,039 [INFO] IPUIPlugin:80 - create IPUIPlugin
2025-06-15 18:05:24,039 [INFO] PluginManager:220 - loadIPPluginJar : add genericplugin
2025-06-15 18:05:24,041 [INFO] IPUIPlugin:80 - create IPUIPlugin
2025-06-15 18:05:24,041 [INFO] PluginManager:220 - loadIPPluginJar : add gfxmmu
2025-06-15 18:05:24,046 [INFO] IPUIPlugin:80 - create IPUIPlugin
2025-06-15 18:05:24,046 [INFO] PluginManager:220 - loadIPPluginJar : add gic
2025-06-15 18:05:24,049 [INFO] IPUIPlugin:80 - create IPUIPlugin
2025-06-15 18:05:24,050 [INFO] PluginManager:220 - loadIPPluginJar : add gpio
2025-06-15 18:05:24,060 [INFO] IPUIPlugin:80 - create IPUIPlugin
2025-06-15 18:05:24,060 [INFO] PluginManager:220 - loadIPPluginJar : add gtzc
2025-06-15 18:05:24,063 [INFO] IPUIPlugin:80 - create IPUIPlugin
2025-06-15 18:05:24,063 [INFO] PluginManager:220 - loadIPPluginJar : add hash
2025-06-15 18:05:24,065 [INFO] IPUIPlugin:80 - create IPUIPlugin
2025-06-15 18:05:24,065 [INFO] PluginManager:220 - loadIPPluginJar : add i2c
2025-06-15 18:05:24,068 [INFO] IPUIPlugin:80 - create IPUIPlugin
2025-06-15 18:05:24,069 [INFO] PluginManager:220 - loadIPPluginJar : add i2s
2025-06-15 18:05:24,071 [INFO] IPUIPlugin:80 - create IPUIPlugin
2025-06-15 18:05:24,072 [INFO] PluginManager:220 - loadIPPluginJar : add i3c
2025-06-15 18:05:24,076 [INFO] IPUIPlugin:80 - create IPUIPlugin
2025-06-15 18:05:24,076 [INFO] PluginManager:220 - loadIPPluginJar : add ipddr
2025-06-15 18:05:24,084 [INFO] IPUIPlugin:80 - create IPUIPlugin
2025-06-15 18:05:24,084 [INFO] PluginManager:220 - loadIPPluginJar : add linkedlist
2025-06-15 18:05:24,087 [INFO] IPUIPlugin:80 - create IPUIPlugin
2025-06-15 18:05:24,088 [INFO] PluginManager:220 - loadIPPluginJar : add lorawan
2025-06-15 18:05:24,089 [INFO] IPUIPlugin:80 - create IPUIPlugin
2025-06-15 18:05:24,089 [INFO] PluginManager:220 - loadIPPluginJar : add ltdc
2025-06-15 18:05:24,095 [INFO] IPUIPlugin:80 - create IPUIPlugin
2025-06-15 18:05:24,095 [INFO] PluginManager:220 - loadIPPluginJar : add mdma
2025-06-15 18:05:24,099 [INFO] IPUIPlugin:80 - create IPUIPlugin
2025-06-15 18:05:24,099 [INFO] PluginManager:220 - loadIPPluginJar : add nvic
2025-06-15 18:05:24,102 [INFO] IPUIPlugin:80 - create IPUIPlugin
2025-06-15 18:05:24,102 [INFO] PluginManager:220 - loadIPPluginJar : add opamp
2025-06-15 18:05:24,106 [INFO] IPUIPlugin:80 - create IPUIPlugin
2025-06-15 18:05:24,106 [INFO] PluginManager:220 - loadIPPluginJar : add openamp
2025-06-15 18:05:24,110 [INFO] IPUIPlugin:80 - create IPUIPlugin
2025-06-15 18:05:24,110 [INFO] PluginManager:220 - loadIPPluginJar : add pdm2pcm
2025-06-15 18:05:24,116 [INFO] IPUIPlugin:80 - create IPUIPlugin
2025-06-15 18:05:24,119 [INFO] PluginManager:220 - loadIPPluginJar : add plateformsettings
2025-06-15 18:05:24,121 [INFO] IPUIPlugin:80 - create IPUIPlugin
2025-06-15 18:05:24,121 [INFO] PluginManager:220 - loadIPPluginJar : add quadspi
2025-06-15 18:05:24,125 [INFO] IPUIPlugin:80 - create IPUIPlugin
2025-06-15 18:05:24,125 [INFO] PluginManager:220 - loadIPPluginJar : add resmgrutility
2025-06-15 18:05:24,129 [INFO] IPUIPlugin:80 - create IPUIPlugin
2025-06-15 18:05:24,129 [INFO] PluginManager:220 - loadIPPluginJar : add sai
2025-06-15 18:05:24,131 [INFO] IPUIPlugin:80 - create IPUIPlugin
2025-06-15 18:05:24,131 [INFO] PluginManager:220 - loadIPPluginJar : add spi
2025-06-15 18:05:24,136 [INFO] IPUIPlugin:80 - create IPUIPlugin
2025-06-15 18:05:24,136 [INFO] PluginManager:220 - loadIPPluginJar : add stm32_wpan
2025-06-15 18:05:24,138 [INFO] IPUIPlugin:80 - create IPUIPlugin
2025-06-15 18:05:24,138 [INFO] PluginManager:220 - loadIPPluginJar : add tim
2025-06-15 18:05:24,141 [INFO] IPUIPlugin:80 - create IPUIPlugin
2025-06-15 18:05:24,142 [INFO] PluginManager:220 - loadIPPluginJar : add touchsensing
2025-06-15 18:05:24,143 [INFO] IPUIPlugin:80 - create IPUIPlugin
2025-06-15 18:05:24,144 [INFO] PluginManager:220 - loadIPPluginJar : add tracer_emb
2025-06-15 18:05:24,145 [INFO] IPUIPlugin:80 - create IPUIPlugin
2025-06-15 18:05:24,145 [INFO] PluginManager:220 - loadIPPluginJar : add ts
2025-06-15 18:05:24,147 [INFO] IPUIPlugin:80 - create IPUIPlugin
2025-06-15 18:05:24,147 [INFO] PluginManager:220 - loadIPPluginJar : add tsc
2025-06-15 18:05:24,149 [INFO] IPUIPlugin:80 - create IPUIPlugin
2025-06-15 18:05:24,149 [INFO] PluginManager:220 - loadIPPluginJar : add ucpd
2025-06-15 18:05:24,151 [INFO] IPUIPlugin:80 - create IPUIPlugin
2025-06-15 18:05:24,152 [INFO] PluginManager:220 - loadIPPluginJar : add usart
2025-06-15 18:05:24,155 [INFO] IPUIPlugin:80 - create IPUIPlugin
2025-06-15 18:05:24,155 [INFO] PluginManager:220 - loadIPPluginJar : add usbx
2025-06-15 18:05:24,278 [INFO] CADModel:165 - CPN selected for project level
2025-06-15 18:05:24,279 [INFO] CADModel:114 - Register for checkConnection events
2025-06-15 18:05:24,279 [FATAL] Updater:308 - Updater called before beeing initialized
2025-06-15 18:05:24,279 [ERROR] CADModel:125 - Updater not yet initialized, retry later 
2025-06-15 18:05:24,450 [INFO] CADModel:165 - CPN selected for project level
2025-06-15 18:05:24,450 [INFO] CADModel:114 - Register for checkConnection events
2025-06-15 18:05:24,450 [FATAL] Updater:308 - Updater called before beeing initialized
2025-06-15 18:05:24,450 [ERROR] CADModel:125 - Updater not yet initialized, retry later 
2025-06-15 18:05:24,454 [FATAL] Updater:308 - Updater called before beeing initialized
2025-06-15 18:05:24,551 [FATAL] Updater:308 - Updater called before beeing initialized
2025-06-15 18:05:24,558 [INFO] DbMcusAds:53 - JSON generation date=Wed May 07 16:07:55 ICT 2025 (1746608875484)
2025-06-15 18:05:24,558 [FATAL] Updater:308 - Updater called before beeing initialized
2025-06-15 18:05:24,591 [WARN] DetailPanel:346 - Failed to get advertising image, set to default
2025-06-15 18:05:24,697 [FATAL] Updater:308 - Updater called before beeing initialized
2025-06-15 18:05:24,700 [FATAL] Updater:308 - Updater called before beeing initialized
2025-06-15 18:05:24,700 [FATAL] Updater:308 - Updater called before beeing initialized
2025-06-15 18:05:24,700 [WARN] DetailPanel:346 - Failed to get advertising image, set to default
2025-06-15 18:05:24,701 [FATAL] Updater:308 - Updater called before beeing initialized
2025-06-15 18:05:24,743 [ERROR] Updater:1120 - MainUpdater not yet initialized. External WinMGr cannot be set.
2025-06-15 18:05:24,745 [INFO] Updater:1056 - Updater Version found : 6.8.1
2025-06-15 18:05:24,764 [INFO] ApplicationProperties:184 - Using Application install path: C:\ST\STM32CubeIDE_1.12.1\STM32CubeIDE\plugins\com.st.stm32cube.common.mx_6.8.1.202304191431
2025-06-15 18:05:24,799 [INFO] MainUpdater:519 - Copy updater definitions from MX database
2025-06-15 18:05:25,360 [INFO] MainUpdater:2854 - connection check result : 10
2025-06-15 18:05:25,360 [INFO] MainUpdater:3548 - Updater definition file requires update
2025-06-15 18:05:25,361 [INFO] MainUpdater:283 - Updater Check For Update Now.
2025-06-15 18:05:25,361 [INFO] MicroXplorer:498 - Change Database Version : DB.6.0.81
2025-06-15 18:05:25,707 [INFO] ServerAccessManage:473 - Download File updaters.zip
2025-06-15 18:05:26,099 [INFO] FileExtend:240 - Unzip File : updaters.zip
2025-06-15 18:05:26,099 [INFO] FileExtend:255 - Standard Zip Deflate
2025-06-15 18:05:26,528 [WARN] MainUpdater:1187 - Updater busy. Cannot search thirdparties
2025-06-15 18:05:26,528 [INFO] ThirdPartyUpdaterWithRetryManager:96 - Updater plugin is busy. [1/15]
2025-06-15 18:05:26,867 [INFO] ServerAccessManage:473 - Download File PacksControlFlags.xml
2025-06-15 18:05:27,180 [INFO] ServerAccessManage:473 - Download File cubemx.pidx
2025-06-15 18:05:27,344 [INFO] LoadServerUpdatesThread:373 - End of LoadServerUpdate Thread
2025-06-15 18:05:27,527 [INFO] CheckServerUpdateThread:120 - End of CheckServer Thread
2025-06-15 18:05:27,617 [INFO] MainUpdater:2854 - connection check result : 10
2025-06-15 18:05:27,618 [INFO] MainUpdater:2854 - connection check result : 10
2025-06-15 18:05:27,652 [INFO] MicroXplorer:468 - Change Database Path : 
2025-06-15 18:05:27,652 [INFO] MicroXplorer:498 - Change Database Version : DB.6.0.81
2025-06-15 18:05:27,652 [WARN] ThirdParty:871 - waiting for thirdparty lock release [close project]
2025-06-15 18:05:29,753 [WARN] PackLoader:240 - Cannot read IP mode file for STMicroelectronics.FP-SNS-MOTENVWB1.1.4.0
2025-06-15 18:05:29,761 [WARN] PackLoader:240 - Cannot read IP mode file for STMicroelectronics.FP-ATR-ASTRA1.2.0.2
2025-06-15 18:05:29,764 [WARN] PackLoader:240 - Cannot read IP mode file for STMicroelectronics.FP-ATR-ASTRA1.2.0.1
2025-06-15 18:05:29,780 [WARN] PackLoader:240 - Cannot read IP mode file for STMicroelectronics.X-CUBE-SMBUS.2.1.0
2025-06-15 18:05:29,795 [ERROR] Engine:466 - C:\Users\LEGION\.stm32cubemx\thirdparties\pdsc\STMicroelectronics.X-CUBE-ST60.1.0.0.pdsc: PDSC version is not supported
2025-06-15 18:05:29,800 [WARN] PackLoader:240 - Cannot read IP mode file for STMicroelectronics.X-CUBE-TOUCHGFX.4.23.0
2025-06-15 18:05:29,802 [WARN] PackLoader:240 - Cannot read IP mode file for STMicroelectronics.X-CUBE-TOUCHGFX.4.23.2
2025-06-15 18:05:29,837 [WARN] PackLoader:240 - Cannot read IP mode file for STMicroelectronics.X-CUBE-AZRTOS-F7.1.1.0
2025-06-15 18:05:29,846 [WARN] PackLoader:240 - Cannot read IP mode file for STMicroelectronics.FP-SNS-MOTENV1.4.3.2
2025-06-15 18:05:29,851 [ERROR] RealEvaluatedCondition:428 - Found unsupported composite condition: CLASS='Data Exchange' GROUP='STM32_MetaDataManager'
2025-06-15 18:05:29,851 [ERROR] RealEvaluatedCondition:428 - Found unsupported composite condition: GROUP='STM32_MetaDataManager' CLASS='Data Exchange'
2025-06-15 18:05:29,852 [WARN] PackLoader:240 - Cannot read IP mode file for STMicroelectronics.FP-SNS-MOTENV1.4.3.1
2025-06-15 18:05:29,857 [WARN] PackLoader:240 - Cannot read IP mode file for STMicroelectronics.FP-SNS-FLIGHT1.5.0.1
2025-06-15 18:05:29,901 [WARN] PackLoader:240 - Cannot read IP mode file for STMicroelectronics.X-CUBE-MEMS1.11.0.0
2025-06-15 18:05:30,030 [WARN] PackLoader:240 - Cannot read IP mode file for STMicroelectronics.X-CUBE-BLE1.6.2.4
2025-06-15 18:05:30,034 [WARN] PackLoader:240 - Cannot read IP mode file for STMicroelectronics.FP-SNS-FLIGHT1.5.0.2
2025-06-15 18:05:30,056 [ERROR] Engine:466 - C:\Users\LEGION\.stm32cubemx\thirdparties\pdsc\Infineon.AIROC-Wi-Fi-Bluetooth-STM32.1.7.0.pdsc: PDSC version is not supported
2025-06-15 18:05:30,079 [WARN] PackLoader:240 - Cannot read IP mode file for STMicroelectronics.X-CUBE-DISPLAY.3.0.0
2025-06-15 18:05:30,089 [WARN] PackLoader:240 - Cannot read IP mode file for STMicroelectronics.X-CUBE-BLE1.7.0.0
2025-06-15 18:05:30,120 [WARN] PackLoader:240 - Cannot read IP mode file for STMicroelectronics.X-CUBE-NFC10.1.0.0
2025-06-15 18:05:30,142 [ERROR] Engine:466 - C:\Users\LEGION\.stm32cubemx\thirdparties\pdsc\STMicroelectronics.X-CUBE-BLEMGR.4.0.0.pdsc: PDSC version is not supported
2025-06-15 18:05:30,165 [WARN] PackLoader:240 - Cannot read IP mode file for emotas.I-CUBE-CANOPEN.1.3.0
2025-06-15 18:05:30,170 [ERROR] Engine:466 - C:\Users\LEGION\.stm32cubemx\thirdparties\pdsc\quantropi.X-CUBE-qispace-sdk-base.2.0.0.pdsc: PDSC version is not supported
2025-06-15 18:05:30,177 [WARN] PackLoader:240 - Cannot read IP mode file for STMicroelectronics.X-CUBE-BLEMGR.3.1.0
2025-06-15 18:05:30,197 [WARN] PackLoader:240 - Cannot read IP mode file for STMicroelectronics.FP-SNS-SMARTAG2.1.2.0
2025-06-15 18:05:30,201 [ERROR] Engine:466 - C:\Users\LEGION\.stm32cubemx\thirdparties\pdsc\STMicroelectronics.FP-SNS-FLIGHT1.5.1.0.pdsc: PDSC version is not supported
2025-06-15 18:05:30,226 [INFO] LogOutputStream:77 - [STDOUT_REDIRECT] 1 : Invalid condition id : UX_CORESTACK_Condition cause : null
2025-06-15 18:05:30,226 [INFO] LogOutputStream:77 - [STDOUT_REDIRECT] 1 : Invalid condition id : UX_CORESTACK_Condition cause : null
2025-06-15 18:05:30,227 [INFO] LogOutputStream:77 - [STDOUT_REDIRECT] 1 : Invalid condition id : UX_CORESTACK_Condition cause : null
2025-06-15 18:05:30,228 [INFO] LogOutputStream:77 - [STDOUT_REDIRECT] 1 : Invalid condition id : UX_CORESTACK_Condition cause : null
2025-06-15 18:05:30,228 [INFO] LogOutputStream:77 - [STDOUT_REDIRECT] 1 : Invalid condition id : UX_CORESTACK_Condition cause : null
2025-06-15 18:05:30,232 [WARN] PackLoader:240 - Cannot read IP mode file for STMicroelectronics.X-CUBE-AZRTOS-WL.2.0.0
2025-06-15 18:05:30,251 [WARN] PackLoader:240 - Cannot read IP mode file for STMicroelectronics.FP-SNS-MOTENV1.5.0.0
2025-06-15 18:05:30,256 [WARN] PackLoader:240 - Cannot read IP mode file for wolfSSL.I-CUBE-wolfMQTT.1.19.0
2025-06-15 18:05:30,276 [WARN] PackLoader:240 - Cannot read IP mode file for WES.I-CUBE-Cesium.1.3.0
2025-06-15 18:05:30,295 [WARN] PackLoader:240 - Cannot read IP mode file for STMicroelectronics.X-CUBE-BLE2.3.3.0
2025-06-15 18:05:30,315 [WARN] PackLoader:240 - Cannot read IP mode file for STMicroelectronics.X-CUBE-NFC9.1.0.0
2025-06-15 18:05:30,333 [WARN] PackLoader:240 - Cannot read IP mode file for wolfSSL.I-CUBE-wolfSSL.5.8.0
2025-06-15 18:05:30,351 [WARN] PackLoader:240 - Cannot read IP mode file for STMicroelectronics.X-CUBE-BLE1.7.1.0
2025-06-15 18:05:30,367 [WARN] PackLoader:240 - Cannot read IP mode file for wolfSSL.I-CUBE-wolfMQTT.1.19.2
2025-06-15 18:05:30,372 [WARN] PackLoader:240 - Cannot read IP mode file for STMicroelectronics.X-CUBE-TCPP.4.1.0
2025-06-15 18:05:30,376 [WARN] PackLoader:240 - Cannot read IP mode file for STMicroelectronics.X-CUBE-TOUCHGFX.4.21.4
2025-06-15 18:05:30,395 [WARN] PackLoader:240 - Cannot read IP mode file for STMicroelectronics.X-CUBE-AI.10.1.0
2025-06-15 18:05:30,401 [WARN] PackLoader:240 - Cannot read IP mode file for STMicroelectronics.X-CUBE-ALGOBUILD.1.3.0
2025-06-15 18:05:30,435 [WARN] PackLoader:240 - Cannot read IP mode file for STMicroelectronics.X-CUBE-MEMS1.11.2.0
2025-06-15 18:05:30,549 [WARN] PackLoader:240 - Cannot read IP mode file for STMicroelectronics.X-CUBE-AZRTOS-G0.1.1.0
2025-06-15 18:05:30,570 [WARN] PackLoader:240 - Cannot read IP mode file for STMicroelectronics.X-CUBE-SAFEA1.1.2.2
2025-06-15 18:05:30,590 [WARN] PackLoader:240 - Cannot read IP mode file for STMicroelectronics.X-CUBE-NFC4.3.0.0
2025-06-15 18:05:30,607 [ERROR] Engine:466 - C:\Users\LEGION\.stm32cubemx\thirdparties\pdsc\EmbeddedOffice.I-CUBE-FS-RTOS.1.0.1.pdsc: PDSC version is not supported
2025-06-15 18:05:30,625 [WARN] PackLoader:240 - Cannot read IP mode file for STMicroelectronics.X-CUBE-WB05N.2.0.0
2025-06-15 18:05:30,634 [WARN] PackLoader:240 - Cannot read IP mode file for STMicroelectronics.X-CUBE-BLEMGR.3.0.0
2025-06-15 18:05:30,641 [WARN] PackLoader:240 - Cannot read IP mode file for wolfSSL.I-CUBE-wolfTPM.3.8.0
2025-06-15 18:05:30,657 [ERROR] Engine:466 - C:\Users\LEGION\.stm32cubemx\thirdparties\pdsc\STMicroelectronics.X-CUBE-TCPP.4.2.0.pdsc: PDSC version is not supported
2025-06-15 18:05:30,673 [ERROR] Engine:466 - C:\Users\LEGION\.stm32cubemx\thirdparties\pdsc\RealThread.X-CUBE-RT-Thread_Nano.4.1.1.pdsc: PDSC version is not supported
2025-06-15 18:05:30,677 [WARN] PackLoader:240 - Cannot read IP mode file for STMicroelectronics.FP-ATR-SIGFOX1.3.2.0
2025-06-15 18:05:30,695 [WARN] PackLoader:240 - Cannot read IP mode file for STMicroelectronics.X-CUBE-EEPRMA1.5.1.0
2025-06-15 18:05:30,713 [WARN] PackLoader:240 - Cannot read IP mode file for ITTIA_DB.I-CUBE-ITTIADB.8.9.0
2025-06-15 18:05:30,729 [ERROR] Engine:466 - C:\Users\LEGION\.stm32cubemx\thirdparties\pdsc\STMicroelectronics.X-CUBE-ST67W61.1.0.0.pdsc: PDSC version is not supported
2025-06-15 18:05:30,760 [WARN] PackLoader:240 - Cannot read IP mode file for SEGGER.I-CUBE-embOS.1.3.1
2025-06-15 18:05:30,817 [WARN] PackLoader:240 - Cannot read IP mode file for STMicroelectronics.X-CUBE-ALGOBUILD.1.4.0
2025-06-15 18:05:30,874 [WARN] PackLoader:240 - Cannot read IP mode file for STMicroelectronics.X-CUBE-MEMS1.11.3.0
2025-06-15 18:05:30,951 [WARN] PackLoader:240 - Cannot read IP mode file for STMicroelectronics.X-CUBE-AI.9.1.0
2025-06-15 18:05:30,956 [WARN] PackLoader:240 - Cannot read IP mode file for STMicroelectronics.X-CUBE-GNSS1.6.0.0
2025-06-15 18:05:30,983 [WARN] PackLoader:240 - Cannot read IP mode file for STMicroelectronics.X-CUBE-AZRTOS-F4.1.1.0
2025-06-15 18:05:30,998 [ERROR] Engine:466 - C:\Users\LEGION\.stm32cubemx\thirdparties\pdsc\Avnet-IotConnect.X-CUBE-IoTC-DA16k-PMOD.1.0.0.pdsc: PDSC version is not supported
2025-06-15 18:05:31,001 [WARN] PackLoader:240 - Cannot read IP mode file for wolfSSL.I-CUBE-wolfSSL.5.6.0
2025-06-15 18:05:31,016 [WARN] PackLoader:240 - Cannot read IP mode file for STMicroelectronics.X-CUBE-ISPU.2.1.0
2025-06-15 18:05:31,021 [WARN] PackLoader:240 - Cannot read IP mode file for STMicroelectronics.X-CUBE-FREERTOS.1.2.0
2025-06-15 18:05:31,057 [WARN] PackLoader:240 - Cannot read IP mode file for STMicroelectronics.X-CUBE-AZRTOS-L5.2.0.0
2025-06-15 18:05:31,084 [WARN] PackLoader:240 - Cannot read IP mode file for STMicroelectronics.X-CUBE-MEMS1.9.6.0
2025-06-15 18:05:31,208 [WARN] PackLoader:240 - Cannot read IP mode file for STMicroelectronics.X-CUBE-NFC6.3.1.0
2025-06-15 18:05:31,213 [WARN] PackLoader:240 - Cannot read IP mode file for ITTIA_DB.I-CUBE-ITTIADB.8.8.0
2025-06-15 18:05:31,219 [WARN] PackLoader:240 - Cannot read IP mode file for emotas.I-CUBE-CANOPEN.1.1.3
2025-06-15 18:05:31,225 [WARN] PackLoader:240 - Cannot read IP mode file for STMicroelectronics.X-CUBE-BLEMGR.2.0.0
2025-06-15 18:05:31,228 [ERROR] Engine:466 - C:\Users\LEGION\.stm32cubemx\thirdparties\pdsc\STMicroelectronics.X-CUBE-DPower.1.2.0.pdsc: PDSC version is not supported
2025-06-15 18:05:31,232 [WARN] PackLoader:240 - Cannot read IP mode file for STMicroelectronics.X-CUBE-AI.9.0.0
2025-06-15 18:05:31,242 [WARN] ConditionMgr:438 - getConditionDescription Invalid condition id : UX DEVICE CLASS RTOS Condition cause : null
2025-06-15 18:05:31,243 [WARN] ConditionMgr:438 - getConditionDescription Invalid condition id : UX DEVICE CLASS RTOS Condition cause : null
2025-06-15 18:05:31,244 [WARN] PackLoader:240 - Cannot read IP mode file for STMicroelectronics.X-CUBE-AZRTOS-H7.3.1.0
2025-06-15 18:05:31,245 [WARN] ConditionMgr:1039 - genDependencies : Invalid condition id : UX DEVICE CLASS RTOS Condition cause : null
2025-06-15 18:05:31,245 [WARN] ConditionMgr:1039 - genDependencies : Invalid condition id : UX DEVICE CLASS RTOS Condition cause : null
2025-06-15 18:05:31,246 [WARN] ConditionMgr:1039 - genDependencies : Invalid condition id : UX DEVICE CLASS RTOS Condition cause : null
2025-06-15 18:05:31,246 [WARN] ConditionMgr:1039 - genDependencies : Invalid condition id : UX DEVICE CLASS RTOS Condition cause : null
2025-06-15 18:05:31,246 [WARN] ConditionMgr:1039 - genDependencies : Invalid condition id : UX DEVICE CLASS RTOS Condition cause : null
2025-06-15 18:05:31,264 [WARN] PackLoader:240 - Cannot read IP mode file for STMicroelectronics.X-CUBE-FREERTOS.1.3.1
2025-06-15 18:05:31,268 [WARN] PackLoader:240 - Cannot read IP mode file for STMicroelectronics.X-CUBE-NFC7.1.0.1
2025-06-15 18:05:31,272 [WARN] PackLoader:240 - Cannot read IP mode file for STMicroelectronics.X-CUBE-NFC7.1.0.0
2025-06-15 18:05:31,277 [WARN] PackLoader:240 - Cannot read IP mode file for STMicroelectronics.X-CUBE-NFC6.3.0.0
2025-06-15 18:05:31,282 [WARN] PackLoader:240 - Cannot read IP mode file for STMicroelectronics.X-CUBE-EEPRMA1.4.1.0
2025-06-15 18:05:31,298 [ERROR] Engine:466 - C:\Users\LEGION\.stm32cubemx\thirdparties\pdsc\STMicroelectronics.X-CUBE-DPower.1.3.0.pdsc: PDSC version is not supported
2025-06-15 18:05:31,300 [WARN] PackLoader:240 - Cannot read IP mode file for STMicroelectronics.X-CUBE-AI.8.1.0
2025-06-15 18:05:31,328 [WARN] ConditionMgr:438 - getConditionDescription Invalid condition id : LAN8742 Phy interface Condition cause : null
2025-06-15 18:05:31,329 [WARN] PackLoader:240 - Cannot read IP mode file for STMicroelectronics.X-CUBE-AZRTOS-L4.2.0.0
2025-06-15 18:05:31,329 [WARN] ConditionMgr:1039 - genDependencies : Invalid condition id : LAN8742 Phy interface Condition cause : null
2025-06-15 18:05:31,330 [WARN] ConditionMgr:1039 - genDependencies : Invalid condition id : LAN8742 Phy interface Condition cause : null
2025-06-15 18:05:31,330 [WARN] ConditionMgr:1039 - genDependencies : Invalid condition id : LAN8742 Phy interface Condition cause : null
2025-06-15 18:05:31,349 [WARN] PackLoader:240 - Cannot read IP mode file for STMicroelectronics.X-CUBE-SFXS2LP1.4.0.0
2025-06-15 18:05:31,357 [WARN] PackLoader:240 - Cannot read IP mode file for STMicroelectronics.X-CUBE-ISPU.1.1.0
2025-06-15 18:05:31,388 [WARN] PackLoader:240 - Cannot read IP mode file for STMicroelectronics.X-CUBE-AZRTOS-H7.3.3.0
2025-06-15 18:05:31,393 [ERROR] Engine:466 - C:\Users\LEGION\.stm32cubemx\thirdparties\pdsc\STMicroelectronics.X-CUBE-IPS.3.0.0.pdsc: PDSC version is not supported
2025-06-15 18:05:31,417 [WARN] ConditionMgr:438 - getConditionDescription Invalid condition id : UX DEVICE CLASS RTOS Condition cause : null
2025-06-15 18:05:31,417 [WARN] ConditionMgr:438 - getConditionDescription Invalid condition id : UX DEVICE CLASS RTOS Condition cause : null
2025-06-15 18:05:31,418 [WARN] PackLoader:240 - Cannot read IP mode file for STMicroelectronics.X-CUBE-AZRTOS-WB.2.0.0
2025-06-15 18:05:31,419 [WARN] ConditionMgr:1039 - genDependencies : Invalid condition id : UX DEVICE CLASS RTOS Condition cause : null
2025-06-15 18:05:31,419 [WARN] ConditionMgr:1039 - genDependencies : Invalid condition id : UX DEVICE CLASS RTOS Condition cause : null
2025-06-15 18:05:31,419 [WARN] ConditionMgr:1039 - genDependencies : Invalid condition id : UX DEVICE CLASS RTOS Condition cause : null
2025-06-15 18:05:31,419 [WARN] ConditionMgr:1039 - genDependencies : Invalid condition id : UX DEVICE CLASS RTOS Condition cause : null
2025-06-15 18:05:31,419 [WARN] ConditionMgr:1039 - genDependencies : Invalid condition id : UX DEVICE CLASS RTOS Condition cause : null
2025-06-15 18:05:31,423 [WARN] PackLoader:240 - Cannot read IP mode file for STMicroelectronics.X-CUBE-FREERTOS.1.0.1
2025-06-15 18:05:31,426 [WARN] PackLoader:240 - Cannot read IP mode file for STMicroelectronics.X-CUBE-GNSS1.7.0.0
2025-06-15 18:05:31,442 [WARN] PackLoader:240 - Cannot read IP mode file for STMicroelectronics.X-CUBE-GNSS1.7.0.1
2025-06-15 18:05:31,457 [WARN] PackLoader:240 - Cannot read IP mode file for STMicroelectronics.X-CUBE-TOUCHGFX.4.25.0
2025-06-15 18:05:31,471 [ERROR] Engine:466 - C:\Users\LEGION\.stm32cubemx\thirdparties\pdsc\STMicroelectronics.FP-SNS-STBOX1.2.0.0.pdsc: PDSC version is not supported
2025-06-15 18:05:31,479 [WARN] PackLoader:240 - Cannot read IP mode file for STMicroelectronics.X-CUBE-AZRTOS-L5.1.1.0
2025-06-15 18:05:31,482 [WARN] PackLoader:240 - Cannot read IP mode file for STMicroelectronics.X-CUBE-AI.8.0.1
2025-06-15 18:05:31,500 [WARN] PackLoader:240 - Cannot read IP mode file for STMicroelectronics.X-CUBE-SUBG2.5.0.0
2025-06-15 18:05:31,527 [WARN] PackLoader:240 - Cannot read IP mode file for STMicroelectronics.X-CUBE-AZRTOS-H7RS.1.1.0
2025-06-15 18:05:31,531 [ERROR] Engine:466 - C:\Users\LEGION\STM32Cube\Repository\Packs\NimaLTD\I-CUBE-EE\3.2.2\NimaLTD.I-CUBE-EE.pdsc: PDSC version is not supported
2025-06-15 18:05:31,535 [WARN] PackLoader:240 - Cannot read IP mode file for Cesanta.I-CUBE-Mongoose.7.13.0
2025-06-15 18:05:31,556 [WARN] PackLoader:240 - Cannot read IP mode file for STMicroelectronics.X-CUBE-AZRTOS-G4.2.0.0
2025-06-15 18:05:31,563 [WARN] PackLoader:240 - Cannot read IP mode file for STMicroelectronics.X-CUBE-TOF1.3.3.0
2025-06-15 18:05:31,573 [WARN] PackLoader:240 - Cannot read IP mode file for Infineon.AIROC-Wi-Fi-Bluetooth-STM32.1.5.1
2025-06-15 18:05:31,578 [WARN] PackLoader:240 - Cannot read IP mode file for wolfSSL.I-CUBE-wolfSSH.1.4.20
2025-06-15 18:05:31,591 [WARN] PackLoader:240 - Cannot read IP mode file for STMicroelectronics.X-CUBE-NFC7.2.0.0
2025-06-15 18:05:31,594 [WARN] PackLoader:240 - Cannot read IP mode file for STMicroelectronics.FP-SNS-MOTENVWB1.1.3.1
2025-06-15 18:05:31,597 [WARN] PackLoader:240 - Cannot read IP mode file for STMicroelectronics.X-CUBE-ISPU.2.0.0
2025-06-15 18:05:31,612 [ERROR] Engine:466 - C:\Users\LEGION\.stm32cubemx\thirdparties\pdsc\STMicroelectronics.X-CUBE-IPS.3.1.0.pdsc: PDSC version is not supported
2025-06-15 18:05:31,625 [WARN] PackLoader:240 - Cannot read IP mode file for STMicroelectronics.X-CUBE-ALS.1.0.2
2025-06-15 18:05:31,643 [WARN] PackLoader:240 - Cannot read IP mode file for STMicroelectronics.X-CUBE-MEMS1.10.0.0
2025-06-15 18:05:31,711 [WARN] PackLoader:240 - Cannot read IP mode file for STMicroelectronics.X-CUBE-FREERTOS.1.1.0
2025-06-15 18:05:31,713 [WARN] PackLoader:240 - Cannot read IP mode file for STMicroelectronics.X-CUBE-TOUCHGFX.4.24.0
2025-06-15 18:05:31,716 [WARN] PackLoader:240 - Cannot read IP mode file for STMicroelectronics.X-CUBE-TOUCHGFX.4.24.1
2025-06-15 18:05:31,732 [WARN] PackLoader:240 - Cannot read IP mode file for portGmbH.I-Cube-SoM-uGOAL.1.1.0
2025-06-15 18:05:31,735 [WARN] PackLoader:240 - Cannot read IP mode file for STMicroelectronics.X-CUBE-ALS.1.0.1
2025-06-15 18:05:31,742 [WARN] PackLoader:240 - Cannot read IP mode file for STMicroelectronics.X-CUBE-AZRTOS-WB.1.1.0
2025-06-15 18:05:31,752 [WARN] PackLoader:240 - Cannot read IP mode file for STMicroelectronics.X-CUBE-AZRTOS-H7RS.1.0.0
2025-06-15 18:05:31,756 [WARN] PackLoader:240 - Cannot read IP mode file for STMicroelectronics.FP-ATR-ASTRA1.2.0.0
2025-06-15 18:05:31,760 [ERROR] Engine:466 - C:\Users\LEGION\.stm32cubemx\thirdparties\pdsc\STMicroelectronics.X-CUBE-TOF1.3.4.2.pdsc: PDSC version is not supported
2025-06-15 18:05:31,774 [ERROR] Engine:466 - C:\Users\LEGION\.stm32cubemx\thirdparties\pdsc\STMicroelectronics.X-CUBE-TOF1.3.4.3.pdsc: PDSC version is not supported
2025-06-15 18:05:31,779 [WARN] PackLoader:240 - Cannot read IP mode file for STMicroelectronics.X-CUBE-TOF1.3.4.0
2025-06-15 18:05:31,789 [WARN] PackLoader:240 - Cannot read IP mode file for STMicroelectronics.X-CUBE-TOF1.3.4.1
2025-06-15 18:05:31,803 [WARN] PackLoader:240 - Cannot read IP mode file for STMicroelectronics.X-CUBE-AZRTOS-H7.3.2.0
2025-06-15 18:05:31,805 [INFO] ThirdParty:978 - Integrity check success = true
2025-06-15 18:05:31,805 [INFO] IntegrityCheckThread:100 - exiting critical section [integrity check]
2025-06-15 18:05:31,805 [INFO] IntegrityCheckThread:103 - End integrity checks thread
2025-06-15 18:05:31,805 [INFO] ThirdParty:873 - entering critical section [close project]
2025-06-15 18:05:31,806 [INFO] ThirdParty:883 - exiting critical section [close project]
2025-06-15 18:05:31,809 [INFO] PinOutPanel:1499 - setPackage(No Configuration,No Configuration)
2025-06-15 18:05:31,813 [INFO] UtilMem:75 - Begin LoadConfig() Used Memory: 697758360 Bytes (932184064)
2025-06-15 18:05:31,814 [INFO] MicroXplorer:468 - Change Database Path : 
2025-06-15 18:05:31,814 [INFO] MicroXplorer:498 - Change Database Version : DB.6.0.81
2025-06-15 18:05:31,814 [INFO] OpenFileManager:308 - Change cursor
2025-06-15 18:05:31,820 [INFO] ThirdPartyDownloadManager:73 - Found SW packNimaLTD.I-CUBE-EE.3.2.2up-to-date on disk
2025-06-15 18:05:31,843 [INFO] Mcu:1937 - Initializing MCU STM32F411C(C-E)Ux STM32F411CEUx STM32F411CEU6
2025-06-15 18:05:32,684 [INFO] Context:659 - Trying to add GPIOservice into a context  which must be forbidden
2025-06-15 18:05:32,917 [ERROR] Mcu:841 - ThirdParty IPModes/IPconfigs doesn't exist for :C:/Users/LEGION/.stm32cubemx/plugins/thirdparty/db//NimaLTD/I-CUBE-EE/3.2.2/NimaLTD.I-CUBE-EE.3.2.2_Modes.xml
2025-06-15 18:05:32,917 [ERROR] Mcu:6265 - ThirdParty IPModes/IPconfigs doesn't exist for :NimaLTD.I-CUBE-EE.3.2.2
2025-06-15 18:05:32,919 [INFO] ImportTextPane:194 - (OptionalMessage_ERROR) Pin19 (VP_NimaLTD.I-CUBE-EE_VS_DriverJjEE_1.0.0_3.2.2) cannot be retrieved for this MCU
2025-06-15 18:05:33,197 [INFO] RtosManager:555 - Registered RTOS mode: class=CMSIS, group=RTOS, mode=CMSIS_V1, owner=FREERTOS
2025-06-15 18:05:33,198 [INFO] RtosManager:555 - Registered RTOS mode: class=CMSIS, group=RTOS2, mode=CMSIS_V2, owner=FREERTOS
2025-06-15 18:05:33,198 [INFO] RtosManager:555 - Registered RTOS mode: class=RTOS, group=Core, mode=CMSIS_V1, owner=FREERTOS
2025-06-15 18:05:33,198 [INFO] RtosManager:555 - Registered RTOS mode: class=RTOS, group=Core, mode=CMSIS_V2, owner=FREERTOS
2025-06-15 18:05:33,198 [WARN] ModelIntegratedComponent:184 - Missing modes for component STMicroelectronics:FreeRTOS:0.0.1:STMicroelectronics:RTOS:FreeRTOS:Core:::10.2.0:
2025-06-15 18:05:33,203 [WARN] ModelIntegratedComponent:63 - No mode defined for component null
2025-06-15 18:05:33,203 [WARN] ModelIntegratedComponent:63 - No mode defined for component null
2025-06-15 18:05:33,203 [WARN] ModelIntegratedComponent:63 - No mode defined for component null
2025-06-15 18:05:33,203 [WARN] ModelIntegratedComponent:63 - No mode defined for component null
2025-06-15 18:05:33,203 [WARN] ModelIntegratedComponent:63 - No mode defined for component null
2025-06-15 18:05:33,203 [WARN] ModelIntegratedComponent:63 - No mode defined for component null
2025-06-15 18:05:33,203 [WARN] ModelIntegratedComponent:63 - No mode defined for component null
2025-06-15 18:05:33,203 [WARN] ModelIntegratedComponent:63 - No mode defined for component null
2025-06-15 18:05:33,203 [WARN] ModelIntegratedComponent:63 - No mode defined for component null
2025-06-15 18:05:33,203 [WARN] ModelIntegratedComponent:63 - No mode defined for component null
2025-06-15 18:05:33,203 [WARN] ModelIntegratedComponent:63 - No mode defined for component null
2025-06-15 18:05:33,203 [WARN] ModelIntegratedComponent:63 - No mode defined for component null
2025-06-15 18:05:33,203 [WARN] ModelIntegratedComponent:63 - No mode defined for component null
2025-06-15 18:05:33,203 [WARN] ModelIntegratedComponent:63 - No mode defined for component null
2025-06-15 18:05:33,204 [WARN] ModelIntegratedComponent:63 - No mode defined for component null
2025-06-15 18:05:33,204 [WARN] ModelIntegratedComponent:63 - No mode defined for component null
2025-06-15 18:05:33,204 [WARN] ModelIntegratedComponent:63 - No mode defined for component null
2025-06-15 18:05:33,204 [WARN] ModelIntegratedComponent:63 - No mode defined for component null
2025-06-15 18:05:33,204 [WARN] ModelIntegratedComponent:63 - No mode defined for component null
2025-06-15 18:05:33,204 [WARN] ModelIntegratedComponent:63 - No mode defined for component null
2025-06-15 18:05:33,204 [WARN] ModelIntegratedComponent:63 - No mode defined for component null
2025-06-15 18:05:33,204 [WARN] ModelIntegratedComponent:63 - No mode defined for component null
2025-06-15 18:05:33,204 [WARN] ModelIntegratedComponent:63 - No mode defined for component null
2025-06-15 18:05:33,204 [WARN] ModelIntegratedComponent:63 - No mode defined for component null
2025-06-15 18:05:33,204 [WARN] ModelIntegratedComponent:63 - No mode defined for component null
2025-06-15 18:05:33,204 [WARN] ModelIntegratedComponent:63 - No mode defined for component null
2025-06-15 18:05:33,204 [WARN] ModelIntegratedComponent:63 - No mode defined for component null
2025-06-15 18:05:33,204 [WARN] ModelIntegratedComponent:63 - No mode defined for component null
2025-06-15 18:05:33,204 [WARN] ModelIntegratedComponent:63 - No mode defined for component null
2025-06-15 18:05:33,205 [WARN] ModelIntegratedComponent:63 - No mode defined for component null
2025-06-15 18:05:33,205 [WARN] ModelIntegratedComponent:63 - No mode defined for component null
2025-06-15 18:05:33,205 [WARN] ModelIntegratedComponent:63 - No mode defined for component null
2025-06-15 18:05:33,205 [WARN] ModelIntegratedComponent:63 - No mode defined for component null
2025-06-15 18:05:33,210 [WARN] ModelIntegratedComponent:182 - Modes not found for component STMicroelectronics:USB_DEVICE:1.0.0:STMicroelectronics:USB::USB Device:Audio HS::1.0:USB_DEVICE_1_0_RESTRICTED_HS
2025-06-15 18:05:33,210 [WARN] ModelIntegratedComponent:188 - Modes not found for component STMicroelectronics:USB_DEVICE:1.0.0:STMicroelectronics:USB::USB Device:Audio HS::1.0:USB_DEVICE_1_0_RESTRICTED_HS
2025-06-15 18:05:33,210 [WARN] ModelIntegratedComponent:182 - Modes not found for component STMicroelectronics:USB_DEVICE:1.0.0:STMicroelectronics:USB::USB Device:CDC HS::1.0:USB_DEVICE_1_0_RESTRICTED_HS
2025-06-15 18:05:33,210 [WARN] ModelIntegratedComponent:188 - Modes not found for component STMicroelectronics:USB_DEVICE:1.0.0:STMicroelectronics:USB::USB Device:CDC HS::1.0:USB_DEVICE_1_0_RESTRICTED_HS
2025-06-15 18:05:33,210 [WARN] ModelIntegratedComponent:182 - Modes not found for component STMicroelectronics:USB_DEVICE:1.0.0:STMicroelectronics:USB::USB Device:DFU HS::1.0:USB_DEVICE_1_0_RESTRICTED_HS
2025-06-15 18:05:33,210 [WARN] ModelIntegratedComponent:188 - Modes not found for component STMicroelectronics:USB_DEVICE:1.0.0:STMicroelectronics:USB::USB Device:DFU HS::1.0:USB_DEVICE_1_0_RESTRICTED_HS
2025-06-15 18:05:33,210 [WARN] ModelIntegratedComponent:182 - Modes not found for component STMicroelectronics:USB_DEVICE:1.0.0:STMicroelectronics:USB::USB Device:HID HS::1.0:USB_DEVICE_1_0_RESTRICTED_HS
2025-06-15 18:05:33,210 [WARN] ModelIntegratedComponent:188 - Modes not found for component STMicroelectronics:USB_DEVICE:1.0.0:STMicroelectronics:USB::USB Device:HID HS::1.0:USB_DEVICE_1_0_RESTRICTED_HS
2025-06-15 18:05:33,210 [WARN] ModelIntegratedComponent:182 - Modes not found for component STMicroelectronics:USB_DEVICE:1.0.0:STMicroelectronics:USB::USB Device:Custom HID HS::1.0:USB_DEVICE_1_0_RESTRICTED_HS
2025-06-15 18:05:33,210 [WARN] ModelIntegratedComponent:188 - Modes not found for component STMicroelectronics:USB_DEVICE:1.0.0:STMicroelectronics:USB::USB Device:Custom HID HS::1.0:USB_DEVICE_1_0_RESTRICTED_HS
2025-06-15 18:05:33,211 [WARN] ModelIntegratedComponent:182 - Modes not found for component STMicroelectronics:USB_DEVICE:1.0.0:STMicroelectronics:USB::USB Device:MSC HS::1.0:USB_DEVICE_1_0_RESTRICTED_HS
2025-06-15 18:05:33,211 [WARN] ModelIntegratedComponent:188 - Modes not found for component STMicroelectronics:USB_DEVICE:1.0.0:STMicroelectronics:USB::USB Device:MSC HS::1.0:USB_DEVICE_1_0_RESTRICTED_HS
2025-06-15 18:05:33,277 [WARN] ModelIntegratedComponent:182 - Modes not found for component STMicroelectronics:USB_HOST:1.0.0:STMicroelectronics:USB::USB Host:Audio HS::1.0:USB_HOST_1_0_RESTRICTED_HS
2025-06-15 18:05:33,277 [WARN] ModelIntegratedComponent:188 - Modes not found for component STMicroelectronics:USB_HOST:1.0.0:STMicroelectronics:USB::USB Host:Audio HS::1.0:USB_HOST_1_0_RESTRICTED_HS
2025-06-15 18:05:33,277 [WARN] ModelIntegratedComponent:182 - Modes not found for component STMicroelectronics:USB_HOST:1.0.0:STMicroelectronics:USB::USB Host:CDC HS::1.0:USB_HOST_1_0_RESTRICTED_HS
2025-06-15 18:05:33,277 [WARN] ModelIntegratedComponent:188 - Modes not found for component STMicroelectronics:USB_HOST:1.0.0:STMicroelectronics:USB::USB Host:CDC HS::1.0:USB_HOST_1_0_RESTRICTED_HS
2025-06-15 18:05:33,277 [WARN] ModelIntegratedComponent:182 - Modes not found for component STMicroelectronics:USB_HOST:1.0.0:STMicroelectronics:USB::USB Host:MSC HS::1.0:USB_HOST_1_0_RESTRICTED_HS
2025-06-15 18:05:33,277 [WARN] ModelIntegratedComponent:188 - Modes not found for component STMicroelectronics:USB_HOST:1.0.0:STMicroelectronics:USB::USB Host:MSC HS::1.0:USB_HOST_1_0_RESTRICTED_HS
2025-06-15 18:05:33,278 [WARN] ModelIntegratedComponent:182 - Modes not found for component STMicroelectronics:USB_HOST:1.0.0:STMicroelectronics:USB::USB Host:HID HS::1.0:USB_HOST_1_0_RESTRICTED_HS
2025-06-15 18:05:33,278 [WARN] ModelIntegratedComponent:188 - Modes not found for component STMicroelectronics:USB_HOST:1.0.0:STMicroelectronics:USB::USB Host:HID HS::1.0:USB_HOST_1_0_RESTRICTED_HS
2025-06-15 18:05:33,278 [WARN] ModelIntegratedComponent:182 - Modes not found for component STMicroelectronics:USB_HOST:1.0.0:STMicroelectronics:USB::USB Host:MTP HS::1.0:USB_HOST_1_0_RESTRICTED_HS
2025-06-15 18:05:33,278 [WARN] ModelIntegratedComponent:188 - Modes not found for component STMicroelectronics:USB_HOST:1.0.0:STMicroelectronics:USB::USB Host:MTP HS::1.0:USB_HOST_1_0_RESTRICTED_HS
2025-06-15 18:05:33,472 [INFO] ThirdPartyModel:298 - Start build external matchings
2025-06-15 18:05:34,877 [INFO] ThirdPartyModel:316 - End build external matchings
2025-06-15 18:05:34,932 [INFO] ImportTextPane:194 - (OptionalMessage_ERROR) IP (RCC) : Parameter (RTCHSEDivFreq_Value) has invalid value (12500000)
2025-06-15 18:05:34,933 [WARN] IP:2113 - DEVICE_SERIAL0_CDC_FS not found: check if there is a RefParameter without a condition.
2025-06-15 18:05:34,934 [WARN] IP:2113 - DEVICE_SERIAL1_CDC_FS not found: check if there is a RefParameter without a condition.
2025-06-15 18:05:34,934 [WARN] IP:2113 - DEVICE_SERIAL2_CDC_FS not found: check if there is a RefParameter without a condition.
2025-06-15 18:05:35,158 [INFO] UtilMem:75 - End LoadConfig() Used Memory: 718865416 Bytes (932184064)
2025-06-15 18:05:35,276 [INFO] ApiDb:581 - Connected to CubeFinder SQLite database (C:\Users\LEGION\.stmcufinder\plugins\mcufinder\mcu\cube-finder-db.db)
2025-06-15 18:05:35,356 [INFO] ApiDb:668 - CubeFinder database Data Model version=2.1
2025-06-15 18:05:35,357 [INFO] ApiDb:669 - CubeFinder database Configuration version=3.0.39
2025-06-15 18:05:35,357 [INFO] ApiDb:670 - CubeFinder database generation date=2025-05-20 (1747743314)
2025-06-15 18:05:35,357 [INFO] ApiDb:671 - CubeFinder database FW Pack versions=[FP-ATR-ASTRA1_V2.0.0, FP-SNS-FLIGHT1_V5.1.0, FP-SNS-MOTENV1_V5.0.0, FP-SNS-MOTENVWB1_V1.4.0, FP-SNS-SMARTAG2_V1.2.0, FP-SNS-STBOX1_V2.0.0, STM32Cube_FW_C0_V1.4.0, STM32Cube_FW_F4_V1.28.2, STM32Cube_FW_F7_V1.17.3, STM32Cube_FW_G0_V1.6.2, STM32Cube_FW_G4_V1.6.1, STM32Cube_FW_H5_V1.5.0, STM32Cube_FW_H7RS_V1.2.0, STM32Cube_FW_H7_V1.12.1, STM32Cube_FW_L0_V1.12.2, STM32Cube_FW_L4_V1.18.1, STM32Cube_FW_L5_V1.5.1, STM32Cube_FW_N6_V1.1.1, STM32Cube_FW_U0_V1.2.0, STM32Cube_FW_U3_V1.1.0, STM32Cube_FW_U5_V1.7.0, STM32Cube_FW_WB0_V1.2.0, STM32Cube_FW_WBA_V1.6.0, STM32Cube_FW_WB_V1.22.0, STM32Cube_FW_WL3_V1.1.0, STM32Cube_FW_WL_V1.3.1, X-CUBE-ALGOBUILD_V1.4.0, X-CUBE-ALS_V1.0.2, X-CUBE-AZRTOS-F4_V1.1.0, X-CUBE-AZRTOS-F7_V1.1.0, X-CUBE-AZRTOS-G0_V1.1.0, X-CUBE-AZRTOS-G4_V2.0.0, X-CUBE-AZRTOS-H7RS_V1.1.0, X-CUBE-AZRTOS-H7_V3.3.0, X-CUBE-AZRTOS-L4_V2.0.0, X-CUBE-AZRTOS-L5_V2.0.0, X-CUBE-AZRTOS-WB_V2.0.0, X-CUBE-AZRTOS-WL_V2.0.0, X-CUBE-BLE1_V7.1.0, X-CUBE-BLE2_V3.3.0, X-CUBE-BLEMGR_V4.0.0, X-CUBE-EEPRMA1_V5.1.0, X-CUBE-FREERTOS_V1.3.1, X-CUBE-GNSS1_V6.0.0, X-CUBE-MEMS1_V11.2.0, X-CUBE-NFC4_V3.0.0, X-CUBE-NFC7_V2.0.0, X-CUBE-SFXS2LP1_V4.0.0, X-CUBE-SUBG2_V5.0.0, X-CUBE-TOF1_V3.4.3]
2025-06-15 18:05:37,565 [INFO] ApiDb:240 - Found 297 in-development CPN: [B-G473E-ZEST1S, B-WB1M-WPAN1, B-WL5M-SUBG1, NUCLEO-C031C6, NUCLEO-H503RB, NUCLEO-H563ZI, NUCLEO-U545RE-Q, NUCLEO-U5A5ZJ-Q, NUCLEO-WBA52CG, STEVAL-PROTEUS1, STEVAL-STWINBX1, STM320518-EVAL, STM32C0116-DK, STM32C011D6Y3TR, STM32C011D6Y6TR, STM32C011F4P3, STM32C011F4P6, STM32C011F4U3, STM32C011F4U6TR, STM32C011F6P3, STM32C011F6P6, STM32C011F6U3, STM32C011F6U6TR, STM32C011J4M3, STM32C011J4M6, STM32C011J6M3, STM32C011J6M6, STM32C0316-DK, STM32C031C4T3, STM32C031C4T6, STM32C031C4U3, STM32C031C4U6, STM32C031C6T3, STM32C031C6T6, STM32C031C6U3, STM32C031C6U6, STM32C031F4P3, STM32C031F4P6, STM32C031F6P3, STM32C031F6P6, STM32C031G4U3, STM32C031G4U6, STM32C031G6U3, STM32C031G6U6, STM32C031K4T3, STM32C031K4T6, STM32C031K4U3, STM32C031K4U6, STM32C031K6T3, STM32C031K6T6, STM32C031K6U3, STM32C031K6U6, STM32G071K8TXN, STM32G071K8UXN, STM32G081GBU6N, STM32G081KBT6N, STM32G081KBUXN, STM32G0B1CCT6N, STM32G0B1KCT6, STM32G0B1NEY6TR, STM32G0B1RCT6N, STM32G0C1CCT6, STM32G0C1CCT6N, STM32G0C1CCU6N, STM32G0C1CET6N, STM32G0C1CEU6N, STM32G0C1KCT6, STM32G0C1NEY6TR, STM32G0C1RCI6N, STM32G0C1RCT6N, STM32G0C1REI6N, STM32G0C1RET6N, STM32G0C1VCI6, STM32G0C1VEI6, STM32G471CCT6, STM32G471CCU6, STM32G471CET3, STM32G471CET6, STM32G471CEU3, STM32G471CEU6, STM32G471MCT6, STM32G471MET3, STM32G471MET6, STM32G471MEY6TR, STM32G471QCT6, STM32G471QET3, STM32G471RCT6, STM32G471RET3, STM32G471RET6, STM32G471VCH6, STM32G471VCI6, STM32G471VCT6, STM32G471VEH3, STM32G471VEH6, STM32G471VEI3, STM32G471VEI6, STM32G471VET3, STM32G471VET6, STM32G474CCT6, STM32H503CBT6, STM32H503CBU6, STM32H503EBY6TR, STM32H503KBU6, STM32H503RBT6, STM32H562AGI6, STM32H562AII6, STM32H562IGK6, STM32H562IGT6, STM32H562IIK6, STM32H562IIT6, STM32H562RGT6, STM32H562RGV6, STM32H562RIT6, STM32H562RIV6, STM32H562VGT6, STM32H562VIT6, STM32H562ZGT6, STM32H562ZIT6, STM32H563AGI6, STM32H563AII3Q, STM32H563AII6, STM32H563IGK6, STM32H563IGT6, STM32H563IIK3Q, STM32H563IIK6, STM32H563IIT3Q, STM32H563IIT6, STM32H563MIY3QTR, STM32H563RGT6, STM32H563RGV6, STM32H563RIT6, STM32H563RIV6, STM32H563VGT6, STM32H563VIT3Q, STM32H563VIT6, STM32H563ZGT6, STM32H563ZIT3Q, STM32H563ZIT6, STM32H573AII3Q, STM32H573AII6, STM32H573I-DK, STM32H573IIK3Q, STM32H573IIK6, STM32H573IIT3Q, STM32H573IIT6, STM32H573MIY3QTR, STM32H573RIT6, STM32H573RIV6, STM32H573VIT3Q, STM32H573VIT6, STM32H573ZIT3Q, STM32H573ZIT6, STM32L4R5QGI6STR, STM32MP131AAE3, STM32MP131AAF3, STM32MP131AAG3, STM32MP131CAE3, STM32MP131CAF3, STM32MP131CAG3, STM32MP131DAE7, STM32MP131DAF7, STM32MP131DAG7, STM32MP131FAE7, STM32MP131FAF7, STM32MP131FAG7, STM32MP133AAE3, STM32MP133AAF3, STM32MP133AAG3, STM32MP133CAE3, STM32MP133CAF3, STM32MP133CAG3, STM32MP133DAE7, STM32MP133DAF7, STM32MP133DAG7, STM32MP133FAE7, STM32MP133FAF7, STM32MP133FAG7, STM32MP135AAE3, STM32MP135AAF3, STM32MP135AAG3, STM32MP135CAE3, STM32MP135CAF3, STM32MP135CAG3, STM32MP135DAE7, STM32MP135DAF7, STM32MP135DAG7, STM32MP135F-DK, STM32MP135FAE7, STM32MP135FAF7, STM32MP135FAF7T, STM32MP135FAF7U, STM32MP135FAG7, STM32U535CBT6, STM32U535CBT6Q, STM32U535CBU6, STM32U535CBU6Q, STM32U535CCT6, STM32U535CCT6Q, STM32U535CCU6, STM32U535CCU6Q, STM32U535CET6, STM32U535CET6Q, STM32U535CEU6, STM32U535CEU6Q, STM32U535JEY6QTR, STM32U535NCY6QTR, STM32U535NEY6QTR, STM32U535RBI6, STM32U535RBI6Q, STM32U535RBT6, STM32U535RBT6Q, STM32U535RCI6, STM32U535RCI6Q, STM32U535RCT6, STM32U535RCT6Q, STM32U535REI6, STM32U535REI6Q, STM32U535RET6, STM32U535RET6Q, STM32U535VCI6, STM32U535VCI6Q, STM32U535VCT6, STM32U535VCT6Q, STM32U535VEI6, STM32U535VEI6Q, STM32U535VET6, STM32U535VET6Q, STM32U545CET6, STM32U545CET6Q, STM32U545CEU6, STM32U545CEU6Q, STM32U545JEY6QTR, STM32U545NEY6QTR, STM32U545REI6, STM32U545REI6Q, STM32U545RET6, STM32U545RET6Q, STM32U545VEI6, STM32U545VEI6Q, STM32U545VET6, STM32U545VET6Q, STM32U595AIH6, STM32U595AIH6Q, STM32U595AJH6, STM32U595AJH6Q, STM32U595QII6, STM32U595QII6Q, STM32U595QJI6, STM32U595QJI6Q, STM32U595RIT6, STM32U595RIT6Q, STM32U595RJT6, STM32U595RJT6Q, STM32U595VIT6, STM32U595VIT6Q, STM32U595VJT6, STM32U595VJT6Q, STM32U595ZIT6, STM32U595ZIT6Q, STM32U595ZIY6QTR, STM32U595ZJT6, STM32U595ZJT6Q, STM32U595ZJY6QTR, STM32U599BJY6QTR, STM32U599NIH6Q, STM32U599NJH6Q, STM32U599VIT6Q, STM32U599VJT6, STM32U599VJT6Q, STM32U599ZIT6Q, STM32U599ZIY6QTR, STM32U599ZJT6Q, STM32U599ZJY6QTR, STM32U5A5AJH6, STM32U5A5AJH6Q, STM32U5A5QJI6, STM32U5A5QJI6Q, STM32U5A5RJT6, STM32U5A5RJT6Q, STM32U5A5VJT6, STM32U5A5VJT6Q, STM32U5A5ZJT6, STM32U5A5ZJT6Q, STM32U5A5ZJY6QTR, STM32U5A9BJY6QTR, STM32U5A9J-DK, STM32U5A9NJH6Q, STM32U5A9VJT6Q, STM32U5A9ZJT6Q, STM32U5A9ZJY6QTR, STM32WB1MMCH6, STM32WBA52CEU6, STM32WBA52CEU6T, STM32WBA52CGU6, STM32WBA52CGU6T, STM32WL5MOCH6, STM32WL5MOCH6TR]
2025-06-15 18:05:37,569 [INFO] DbMcus:216 - Found 4635 MCUs, 4635 are supported
2025-06-15 18:05:37,571 [INFO] ApiDb:423 - Load user favorites file C:\Users\LEGION/.stm32cubeide/favorites.mcus.txt: 0 item(s)
2025-06-15 18:05:37,571 [INFO] ApiDb:427 - User favorites MCUs=[]
2025-06-15 18:05:37,571 [INFO] DbMcus:222 - Set 0 / 0 favorites MCUs
2025-06-15 18:05:38,087 [WARN] ThirdParty:833 - waiting for thirdparty lock release [change project]
2025-06-15 18:05:38,087 [INFO] ThirdParty:835 - entering critical section [change project]
2025-06-15 18:05:38,088 [INFO] ThirdParty:1030 - CMSIS Pack Vendor :STMicroelectronics X-CUBE-GNSS1 6.0.0
2025-06-15 18:05:38,088 [INFO] ThirdParty:1030 - CMSIS Pack Vendor :STMicroelectronics USB_HOST 2.0.0
2025-06-15 18:05:38,088 [INFO] ThirdParty:1030 - CMSIS Pack Vendor :STMicroelectronics FP-SNS-MOTENVWB1 1.4.0
2025-06-15 18:05:38,088 [INFO] ThirdParty:1030 - CMSIS Pack Vendor :STMicroelectronics X-CUBE-AZRTOS-F4 1.1.0
2025-06-15 18:05:38,088 [INFO] ThirdParty:1030 - CMSIS Pack Vendor :STMicroelectronics LIBJPEG 8.0.0
2025-06-15 18:05:38,088 [INFO] ThirdParty:1030 - CMSIS Pack Vendor :STMicroelectronics FP-ATR-ASTRA1 2.0.2
2025-06-15 18:05:38,088 [INFO] ThirdParty:1030 - CMSIS Pack Vendor :STMicroelectronics FP-ATR-ASTRA1 2.0.1
2025-06-15 18:05:38,088 [INFO] ThirdParty:1030 - CMSIS Pack Vendor :STMicroelectronics X-CUBE-SMBUS 2.1.0
2025-06-15 18:05:38,088 [INFO] ThirdParty:1030 - CMSIS Pack Vendor :wolfSSL I-CUBE-wolfSSL 5.6.0
2025-06-15 18:05:38,088 [INFO] ThirdParty:1030 - CMSIS Pack Vendor :STMicroelectronics X-CUBE-ISPU 2.1.0
2025-06-15 18:05:38,088 [INFO] ThirdParty:1030 - CMSIS Pack Vendor :STMicroelectronics X-CUBE-FREERTOS 1.2.0
2025-06-15 18:05:38,088 [INFO] ThirdParty:1030 - CMSIS Pack Vendor :STMicroelectronics X-CUBE-TOUCHGFX 4.23.0
2025-06-15 18:05:38,088 [INFO] ThirdParty:1030 - CMSIS Pack Vendor :STMicroelectronics X-CUBE-TOUCHGFX 4.23.2
2025-06-15 18:05:38,088 [INFO] ThirdParty:1030 - CMSIS Pack Vendor :STMicroelectronics X-CUBE-AZRTOS-F7 1.1.0
2025-06-15 18:05:38,088 [INFO] ThirdParty:1030 - CMSIS Pack Vendor :STMicroelectronics X-CUBE-AZRTOS-L5 2.0.0
2025-06-15 18:05:38,088 [INFO] ThirdParty:1030 - CMSIS Pack Vendor :STMicroelectronics USB_DEVICE 2.0.0
2025-06-15 18:05:38,088 [INFO] ThirdParty:1030 - CMSIS Pack Vendor :STMicroelectronics X-CUBE-MEMS1 9.6.0
2025-06-15 18:05:38,088 [INFO] ThirdParty:1030 - CMSIS Pack Vendor :STMicroelectronics X-CUBE-NFC6 3.1.0
2025-06-15 18:05:38,088 [INFO] ThirdParty:1030 - CMSIS Pack Vendor :ITTIA_DB I-CUBE-ITTIADB 8.8.0
2025-06-15 18:05:38,088 [INFO] ThirdParty:1030 - CMSIS Pack Vendor :STMicroelectronics FP-SNS-MOTENV1 4.3.2
2025-06-15 18:05:38,088 [INFO] ThirdParty:1030 - CMSIS Pack Vendor :STMicroelectronics FP-SNS-MOTENV1 4.3.1
2025-06-15 18:05:38,088 [INFO] ThirdParty:1030 - CMSIS Pack Vendor :STMicroelectronics FP-SNS-FLIGHT1 5.0.1
2025-06-15 18:05:38,088 [INFO] ThirdParty:1030 - CMSIS Pack Vendor :STMicroelectronics X-CUBE-MEMS1 11.0.0
2025-06-15 18:05:38,088 [INFO] ThirdParty:1030 - CMSIS Pack Vendor :STMicroelectronics X-CUBE-BLE1 6.2.4
2025-06-15 18:05:38,088 [INFO] ThirdParty:1030 - CMSIS Pack Vendor :STMicroelectronics FreeRTOS 0.0.1
2025-06-15 18:05:38,088 [INFO] ThirdParty:1030 - CMSIS Pack Vendor :emotas I-CUBE-CANOPEN 1.1.3
2025-06-15 18:05:38,088 [INFO] ThirdParty:1030 - CMSIS Pack Vendor :STMicroelectronics X-CUBE-BLEMGR 2.0.0
2025-06-15 18:05:38,088 [INFO] ThirdParty:1030 - CMSIS Pack Vendor :STMicroelectronics FP-SNS-FLIGHT1 5.0.2
2025-06-15 18:05:38,088 [INFO] ThirdParty:1030 - CMSIS Pack Vendor :STMicroelectronics X-CUBE-AI 9.0.0
2025-06-15 18:05:38,088 [INFO] ThirdParty:1030 - CMSIS Pack Vendor :STMicroelectronics X-CUBE-AZRTOS-H7 3.1.0
2025-06-15 18:05:38,088 [INFO] ThirdParty:1030 - CMSIS Pack Vendor :STMicroelectronics PDM2PCM 3.3.0
2025-06-15 18:05:38,088 [INFO] ThirdParty:1030 - CMSIS Pack Vendor :STMicroelectronics X-CUBE-DISPLAY 3.0.0
2025-06-15 18:05:38,088 [INFO] ThirdParty:1030 - CMSIS Pack Vendor :STMicroelectronics X-CUBE-BLE1 7.0.0
2025-06-15 18:05:38,089 [INFO] ThirdParty:1030 - CMSIS Pack Vendor :STMicroelectronics X-CUBE-NFC10 1.0.0
2025-06-15 18:05:38,089 [INFO] ThirdParty:1030 - CMSIS Pack Vendor :STMicroelectronics X-CUBE-FREERTOS 1.3.1
2025-06-15 18:05:38,089 [INFO] ThirdParty:1030 - CMSIS Pack Vendor :STMicroelectronics HAL Drivers 0.0.0
2025-06-15 18:05:38,089 [INFO] ThirdParty:1030 - CMSIS Pack Vendor :emotas I-CUBE-CANOPEN 1.3.0
2025-06-15 18:05:38,089 [INFO] ThirdParty:1030 - CMSIS Pack Vendor :STMicroelectronics X-CUBE-NFC7 1.0.1
2025-06-15 18:05:38,089 [INFO] ThirdParty:1030 - CMSIS Pack Vendor :STMicroelectronics MBEDTLS 2.14.1
2025-06-15 18:05:38,089 [INFO] ThirdParty:1030 - CMSIS Pack Vendor :STMicroelectronics X-CUBE-NFC7 1.0.0
2025-06-15 18:05:38,089 [INFO] ThirdParty:1030 - CMSIS Pack Vendor :STMicroelectronics X-CUBE-NFC6 3.0.0
2025-06-15 18:05:38,089 [INFO] ThirdParty:1030 - CMSIS Pack Vendor :STMicroelectronics X-CUBE-EEPRMA1 4.1.0
2025-06-15 18:05:38,089 [INFO] ThirdParty:1030 - CMSIS Pack Vendor :STMicroelectronics X-CUBE-BLEMGR 3.1.0
2025-06-15 18:05:38,089 [INFO] ThirdParty:1030 - CMSIS Pack Vendor :STMicroelectronics FP-SNS-SMARTAG2 1.2.0
2025-06-15 18:05:38,089 [INFO] ThirdParty:1030 - CMSIS Pack Vendor :STMicroelectronics X-CUBE-AZRTOS-WL 2.0.0
2025-06-15 18:05:38,089 [INFO] ThirdParty:1030 - CMSIS Pack Vendor :STMicroelectronics FP-SNS-MOTENV1 5.0.0
2025-06-15 18:05:38,089 [INFO] ThirdParty:1030 - CMSIS Pack Vendor :STMicroelectronics USB_DEVICE 1.0.0
2025-06-15 18:05:38,089 [INFO] ThirdParty:1030 - CMSIS Pack Vendor :STMicroelectronics X-CUBE-AI 8.1.0
2025-06-15 18:05:38,089 [INFO] ThirdParty:1030 - CMSIS Pack Vendor :wolfSSL I-CUBE-wolfMQTT 1.19.0
2025-06-15 18:05:38,089 [INFO] ThirdParty:1030 - CMSIS Pack Vendor :STMicroelectronics X-CUBE-AZRTOS-L4 2.0.0
2025-06-15 18:05:38,089 [INFO] ThirdParty:1030 - CMSIS Pack Vendor :STMicroelectronics ThreadX 0.0.2
2025-06-15 18:05:38,089 [INFO] ThirdParty:1030 - CMSIS Pack Vendor :WES I-CUBE-Cesium 1.3.0
2025-06-15 18:05:38,089 [INFO] ThirdParty:1030 - CMSIS Pack Vendor :STMicroelectronics lwIP 2.1.2
2025-06-15 18:05:38,089 [INFO] ThirdParty:1030 - CMSIS Pack Vendor :STMicroelectronics X-CUBE-SFXS2LP1 4.0.0
2025-06-15 18:05:38,089 [INFO] ThirdParty:1030 - CMSIS Pack Vendor :STMicroelectronics X-CUBE-BLE2 3.3.0
2025-06-15 18:05:38,089 [INFO] ThirdParty:1030 - CMSIS Pack Vendor :STMicroelectronics PDM2PCM 3.2.0
2025-06-15 18:05:38,089 [INFO] ThirdParty:1030 - CMSIS Pack Vendor :STMicroelectronics X-CUBE-ISPU 1.1.0
2025-06-15 18:05:38,089 [INFO] ThirdParty:1030 - CMSIS Pack Vendor :STMicroelectronics X-CUBE-AZRTOS-H7 3.3.0
2025-06-15 18:05:38,089 [INFO] ThirdParty:1030 - CMSIS Pack Vendor :STMicroelectronics X-CUBE-NFC9 1.0.0
2025-06-15 18:05:38,089 [INFO] ThirdParty:1030 - CMSIS Pack Vendor :wolfSSL I-CUBE-wolfSSL 5.8.0
2025-06-15 18:05:38,089 [INFO] ThirdParty:1030 - CMSIS Pack Vendor :STMicroelectronics X-CUBE-BLE1 7.1.0
2025-06-15 18:05:38,089 [INFO] ThirdParty:1030 - CMSIS Pack Vendor :wolfSSL I-CUBE-wolfMQTT 1.19.2
2025-06-15 18:05:38,089 [INFO] ThirdParty:1030 - CMSIS Pack Vendor :STMicroelectronics USB_DEVICE 3.0.0
2025-06-15 18:05:38,089 [INFO] ThirdParty:1030 - CMSIS Pack Vendor :STMicroelectronics X-CUBE-TCPP 4.1.0
2025-06-15 18:05:38,089 [INFO] ThirdParty:1030 - CMSIS Pack Vendor :STMicroelectronics X-CUBE-AZRTOS-WB 2.0.0
2025-06-15 18:05:38,089 [INFO] ThirdParty:1030 - CMSIS Pack Vendor :STMicroelectronics X-CUBE-FREERTOS 1.0.1
2025-06-15 18:05:38,089 [INFO] ThirdParty:1030 - CMSIS Pack Vendor :STMicroelectronics X-CUBE-GNSS1 7.0.0
2025-06-15 18:05:38,089 [INFO] ThirdParty:1030 - CMSIS Pack Vendor :STMicroelectronics X-CUBE-GNSS1 7.0.1
2025-06-15 18:05:38,090 [INFO] ThirdParty:1030 - CMSIS Pack Vendor :STMicroelectronics X-CUBE-TOUCHGFX 4.21.4
2025-06-15 18:05:38,090 [INFO] ThirdParty:1030 - CMSIS Pack Vendor :STMicroelectronics X-CUBE-TOUCHGFX 4.25.0
2025-06-15 18:05:38,090 [INFO] ThirdParty:1030 - CMSIS Pack Vendor :STMicroelectronics X-CUBE-AI 10.1.0
2025-06-15 18:05:38,090 [INFO] ThirdParty:1030 - CMSIS Pack Vendor :STMicroelectronics X-CUBE-ALGOBUILD 1.3.0
2025-06-15 18:05:38,090 [INFO] ThirdParty:1030 - CMSIS Pack Vendor :STMicroelectronics X-CUBE-AZRTOS-L5 1.1.0
2025-06-15 18:05:38,090 [INFO] ThirdParty:1030 - CMSIS Pack Vendor :STMicroelectronics X-CUBE-MEMS1 11.2.0
2025-06-15 18:05:38,090 [INFO] ThirdParty:1030 - CMSIS Pack Vendor :STMicroelectronics X-CUBE-AZRTOS-G0 1.1.0
2025-06-15 18:05:38,090 [INFO] ThirdParty:1030 - CMSIS Pack Vendor :STMicroelectronics X-CUBE-AI 8.0.1
2025-06-15 18:05:38,090 [INFO] ThirdParty:1030 - CMSIS Pack Vendor :STMicroelectronics X-CUBE-SAFEA1 1.2.2
2025-06-15 18:05:38,090 [INFO] ThirdParty:1030 - CMSIS Pack Vendor :STMicroelectronics X-CUBE-NFC4 3.0.0
2025-06-15 18:05:38,090 [INFO] ThirdParty:1030 - CMSIS Pack Vendor :STMicroelectronics X-CUBE-SUBG2 5.0.0
2025-06-15 18:05:38,090 [INFO] ThirdParty:1030 - CMSIS Pack Vendor :STMicroelectronics X-CUBE-AZRTOS-H7RS 1.1.0
2025-06-15 18:05:38,090 [INFO] ThirdParty:1030 - CMSIS Pack Vendor :STMicroelectronics STM32_WPAN 1.0.0
2025-06-15 18:05:38,090 [INFO] ThirdParty:1030 - CMSIS Pack Vendor :STMicroelectronics lwIP 2.0.3
2025-06-15 18:05:38,090 [INFO] ThirdParty:1030 - CMSIS Pack Vendor :Cesanta I-CUBE-Mongoose 7.13.0
2025-06-15 18:05:38,090 [INFO] ThirdParty:1030 - CMSIS Pack Vendor :STMicroelectronics USB_HOST 1.0.0
2025-06-15 18:05:38,090 [INFO] ThirdParty:1030 - CMSIS Pack Vendor :STMicroelectronics X-CUBE-AZRTOS-G4 2.0.0
2025-06-15 18:05:38,090 [INFO] ThirdParty:1030 - CMSIS Pack Vendor :STMicroelectronics X-CUBE-WB05N 2.0.0
2025-06-15 18:05:38,090 [INFO] ThirdParty:1030 - CMSIS Pack Vendor :STMicroelectronics PDM2PCM 3.1.0
2025-06-15 18:05:38,090 [INFO] ThirdParty:1030 - CMSIS Pack Vendor :STMicroelectronics X-CUBE-TOF1 3.3.0
2025-06-15 18:05:38,090 [INFO] ThirdParty:1030 - CMSIS Pack Vendor :Infineon AIROC-Wi-Fi-Bluetooth-STM32 1.5.1
2025-06-15 18:05:38,090 [INFO] ThirdParty:1030 - CMSIS Pack Vendor :STMicroelectronics X-CUBE-BLEMGR 3.0.0
2025-06-15 18:05:38,091 [INFO] ThirdParty:1030 - CMSIS Pack Vendor :wolfSSL I-CUBE-wolfTPM 3.8.0
2025-06-15 18:05:38,091 [INFO] ThirdParty:1030 - CMSIS Pack Vendor :wolfSSL I-CUBE-wolfSSH 1.4.20
2025-06-15 18:05:38,091 [INFO] ThirdParty:1030 - CMSIS Pack Vendor :STMicroelectronics X-CUBE-NFC7 2.0.0
2025-06-15 18:05:38,091 [INFO] ThirdParty:1030 - CMSIS Pack Vendor :STMicroelectronics FP-SNS-MOTENVWB1 1.3.1
2025-06-15 18:05:38,091 [INFO] ThirdParty:1030 - CMSIS Pack Vendor :STMicroelectronics FP-ATR-SIGFOX1 3.2.0
2025-06-15 18:05:38,091 [INFO] ThirdParty:1030 - CMSIS Pack Vendor :STMicroelectronics X-CUBE-ISPU 2.0.0
2025-06-15 18:05:38,091 [INFO] ThirdParty:1030 - CMSIS Pack Vendor :STMicroelectronics X-CUBE-EEPRMA1 5.1.0
2025-06-15 18:05:38,091 [INFO] ThirdParty:1030 - CMSIS Pack Vendor :STMicroelectronics MBEDTLS 2.16.2
2025-06-15 18:05:38,091 [INFO] ThirdParty:1030 - CMSIS Pack Vendor :STMicroelectronics X-CUBE-ALS 1.0.2
2025-06-15 18:05:38,091 [INFO] ThirdParty:1030 - CMSIS Pack Vendor :STMicroelectronics X-CUBE-MEMS1 10.0.0
2025-06-15 18:05:38,091 [INFO] ThirdParty:1030 - CMSIS Pack Vendor :STMicroelectronics X-CUBE-FREERTOS 1.1.0
2025-06-15 18:05:38,091 [INFO] ThirdParty:1030 - CMSIS Pack Vendor :STMicroelectronics X-CUBE-TOUCHGFX 4.24.0
2025-06-15 18:05:38,091 [INFO] ThirdParty:1030 - CMSIS Pack Vendor :ITTIA_DB I-CUBE-ITTIADB 8.9.0
2025-06-15 18:05:38,091 [INFO] ThirdParty:1030 - CMSIS Pack Vendor :STMicroelectronics X-CUBE-TOUCHGFX 4.24.1
2025-06-15 18:05:38,091 [INFO] ThirdParty:1030 - CMSIS Pack Vendor :portGmbH I-Cube-SoM-uGOAL 1.1.0
2025-06-15 18:05:38,091 [INFO] ThirdParty:1030 - CMSIS Pack Vendor :STMicroelectronics X-CUBE-ALS 1.0.1
2025-06-15 18:05:38,091 [INFO] ThirdParty:1030 - CMSIS Pack Vendor :STMicroelectronics ThreadX 1.0.0
2025-06-15 18:05:38,091 [INFO] ThirdParty:1030 - CMSIS Pack Vendor :STMicroelectronics X-CUBE-AZRTOS-WB 1.1.0
2025-06-15 18:05:38,091 [INFO] ThirdParty:1030 - CMSIS Pack Vendor :SEGGER I-CUBE-embOS 1.3.1
2025-06-15 18:05:38,091 [INFO] ThirdParty:1030 - CMSIS Pack Vendor :STMicroelectronics X-CUBE-ALGOBUILD 1.4.0
2025-06-15 18:05:38,091 [INFO] ThirdParty:1030 - CMSIS Pack Vendor :STMicroelectronics X-CUBE-MEMS1 11.3.0
2025-06-15 18:05:38,092 [INFO] ThirdParty:1030 - CMSIS Pack Vendor :STMicroelectronics X-CUBE-AZRTOS-H7RS 1.0.0
2025-06-15 18:05:38,092 [INFO] ThirdParty:1030 - CMSIS Pack Vendor :STMicroelectronics FP-ATR-ASTRA1 2.0.0
2025-06-15 18:05:38,092 [INFO] ThirdParty:1030 - CMSIS Pack Vendor :STMicroelectronics X-CUBE-AI 9.1.0
2025-06-15 18:05:38,092 [INFO] ThirdParty:1030 - CMSIS Pack Vendor :STMicroelectronics X-CUBE-TOF1 3.4.0
2025-06-15 18:05:38,092 [INFO] ThirdParty:1030 - CMSIS Pack Vendor :STMicroelectronics X-CUBE-TOF1 3.4.1
2025-06-15 18:05:38,092 [INFO] ThirdParty:1030 - CMSIS Pack Vendor :STMicroelectronics X-CUBE-AZRTOS-H7 3.2.0
2025-06-15 18:05:38,092 [INFO] ThirdParty:841 - exiting critical section [change project]
2025-06-15 18:05:38,403 [INFO] PinOutPanel:1499 - setPackage(No Configuration,No Configuration)
2025-06-15 18:05:38,405 [INFO] PinOutPanel:1499 - setPackage(STM32F411CEUx,UFQFPN48)
2025-06-15 18:05:38,944 [INFO] UtilMem:75 - Before build in PCC Used Memory: 689869560 Bytes (932184064)
2025-06-15 18:05:39,774 [INFO] UtilMem:75 - After build in PCC Used Memory: 742435672 Bytes (932184064)
2025-06-15 18:05:39,865 [INFO] ApiDbMcu:507 - Load IP Config File for USB_DEVICE
2025-06-15 18:05:39,891 [INFO] IPUIPlugin:80 - create IPUIPlugin
2025-06-15 18:05:39,891 [INFO] IPUIPlugin:80 - create IPUIPlugin
2025-06-15 18:05:39,891 [INFO] IPUIPlugin:80 - create IPUIPlugin
2025-06-15 18:05:39,891 [INFO] IPUIPlugin:80 - create IPUIPlugin
2025-06-15 18:05:39,891 [INFO] IPUIPlugin:80 - create IPUIPlugin
2025-06-15 18:05:39,892 [INFO] IPUIPlugin:80 - create IPUIPlugin
2025-06-15 18:05:39,892 [INFO] IPUIPlugin:80 - create IPUIPlugin
2025-06-15 18:05:39,892 [INFO] IPUIPlugin:80 - create IPUIPlugin
2025-06-15 18:05:39,892 [INFO] IPUIPlugin:80 - create IPUIPlugin
2025-06-15 18:05:39,892 [INFO] IPUIPlugin:80 - create IPUIPlugin
2025-06-15 18:05:39,892 [INFO] IPUIPlugin:80 - create IPUIPlugin
2025-06-15 18:05:39,892 [INFO] IPUIPlugin:80 - create IPUIPlugin
2025-06-15 18:05:39,892 [INFO] IPUIPlugin:80 - create IPUIPlugin
2025-06-15 18:05:39,893 [INFO] IPUIPlugin:80 - create IPUIPlugin
2025-06-15 18:05:39,893 [INFO] IPUIPlugin:80 - create IPUIPlugin
2025-06-15 18:05:39,893 [INFO] IPUIPlugin:80 - create IPUIPlugin
2025-06-15 18:05:39,893 [INFO] IPUIPlugin:80 - create IPUIPlugin
2025-06-15 18:05:39,893 [INFO] IPUIPlugin:80 - create IPUIPlugin
2025-06-15 18:05:39,893 [INFO] IPUIPlugin:80 - create IPUIPlugin
2025-06-15 18:05:39,893 [INFO] IPUIPlugin:80 - create IPUIPlugin
2025-06-15 18:05:39,893 [INFO] IPUIPlugin:80 - create IPUIPlugin
2025-06-15 18:05:39,894 [INFO] IPUIPlugin:80 - create IPUIPlugin
2025-06-15 18:05:39,894 [INFO] IPUIPlugin:80 - create IPUIPlugin
2025-06-15 18:05:39,894 [INFO] IPUIPlugin:80 - create IPUIPlugin
2025-06-15 18:05:39,894 [INFO] IPUIPlugin:80 - create IPUIPlugin
2025-06-15 18:05:39,894 [INFO] IPUIPlugin:80 - create IPUIPlugin
2025-06-15 18:05:39,895 [INFO] IPUIPlugin:80 - create IPUIPlugin
2025-06-15 18:05:39,895 [INFO] IPUIPlugin:80 - create IPUIPlugin
2025-06-15 18:05:39,895 [INFO] IPUIPlugin:80 - create IPUIPlugin
2025-06-15 18:05:39,895 [INFO] IPUIPlugin:80 - create IPUIPlugin
2025-06-15 18:05:39,895 [INFO] IPUIPlugin:80 - create IPUIPlugin
2025-06-15 18:05:39,896 [INFO] IPUIPlugin:80 - create IPUIPlugin
2025-06-15 18:05:39,896 [INFO] IPUIPlugin:80 - create IPUIPlugin
2025-06-15 18:05:39,896 [INFO] IPUIPlugin:80 - create IPUIPlugin
2025-06-15 18:05:39,896 [INFO] IPUIPlugin:80 - create IPUIPlugin
2025-06-15 18:05:39,897 [INFO] IPUIPlugin:80 - create IPUIPlugin
2025-06-15 18:05:39,897 [INFO] IPUIPlugin:80 - create IPUIPlugin
2025-06-15 18:05:39,897 [INFO] IPUIPlugin:80 - create IPUIPlugin
2025-06-15 18:05:39,897 [INFO] IPUIPlugin:80 - create IPUIPlugin
2025-06-15 18:05:39,898 [INFO] IPUIPlugin:80 - create IPUIPlugin
2025-06-15 18:05:39,898 [INFO] IPUIPlugin:80 - create IPUIPlugin
2025-06-15 18:05:39,898 [INFO] IPUIPlugin:80 - create IPUIPlugin
2025-06-15 18:05:39,898 [INFO] IPUIPlugin:80 - create IPUIPlugin
2025-06-15 18:05:39,909 [INFO] ApiDbMcu:507 - Load IP Config File for PDM2PCM
2025-06-15 18:05:39,922 [WARN] IP:2113 - I2C_Coeff_DF not found: check if there is a RefParameter without a condition.
2025-06-15 18:05:39,922 [WARN] IP:2113 - Analog_Filter not found: check if there is a RefParameter without a condition.
2025-06-15 18:05:40,111 [INFO] CADModel:165 - CPN selected for project levelSTM32F411CEU6
2025-06-15 18:05:40,112 [INFO] CADModel:114 - Register for checkConnection events
2025-06-15 18:05:40,153 [INFO] OpenFileManager:328 - Restore cursor
2025-06-15 18:05:40,282 [WARN] IP:2113 - DEVICE_SERIAL0_CDC_FS not found: check if there is a RefParameter without a condition.
2025-06-15 18:05:40,282 [WARN] IP:2113 - DEVICE_SERIAL1_CDC_FS not found: check if there is a RefParameter without a condition.
2025-06-15 18:05:40,282 [WARN] IP:2113 - DEVICE_SERIAL2_CDC_FS not found: check if there is a RefParameter without a condition.
2025-06-15 18:05:40,283 [WARN] IP:2113 - DEVICE_SERIAL0_CDC_FS not found: check if there is a RefParameter without a condition.
2025-06-15 18:05:40,283 [WARN] IP:2113 - DEVICE_SERIAL1_CDC_FS not found: check if there is a RefParameter without a condition.
2025-06-15 18:05:40,283 [WARN] IP:2113 - DEVICE_SERIAL2_CDC_FS not found: check if there is a RefParameter without a condition.
2025-06-15 18:05:40,308 [WARN] IP:2113 - I2C_Coeff_DF not found: check if there is a RefParameter without a condition.
2025-06-15 18:05:40,308 [WARN] IP:2113 - Analog_Filter not found: check if there is a RefParameter without a condition.
2025-06-15 18:05:40,309 [WARN] IP:2113 - I2C_Coeff_DF not found: check if there is a RefParameter without a condition.
2025-06-15 18:05:40,309 [WARN] IP:2113 - Analog_Filter not found: check if there is a RefParameter without a condition.
2025-06-15 18:10:01,393 [INFO] MainUpdater:2854 - connection check result : 10
2025-06-15 18:10:01,393 [INFO] MainUpdater:2854 - connection check result : 10
2025-06-15 18:10:01,890 [INFO] MicroXplorer:468 - Change Database Path : 
2025-06-15 18:10:01,890 [INFO] MicroXplorer:498 - Change Database Version : DB.6.0.81
2025-06-15 18:10:01,911 [WARN] ThirdParty:871 - waiting for thirdparty lock release [close project]
2025-06-15 18:10:01,911 [INFO] ThirdParty:873 - entering critical section [close project]
2025-06-15 18:10:01,914 [INFO] ThirdParty:883 - exiting critical section [close project]
2025-06-15 18:10:01,915 [INFO] PinOutPanel:1499 - setPackage(No Configuration,No Configuration)
2025-06-15 18:10:01,930 [WARN] IpParametersView:150 - Warning: This peripheral hasn't parameters
2025-06-15 18:10:01,942 [WARN] MainPanel:257 - <html><b><center>Warning: This peripheral has no parameters to be configured<br></b></html>
2025-06-15 18:10:01,952 [INFO] UtilMem:75 - Begin LoadConfig() Used Memory: 777583976 Bytes (932184064)
2025-06-15 18:10:01,953 [INFO] MicroXplorer:468 - Change Database Path : 
2025-06-15 18:10:01,953 [INFO] MicroXplorer:498 - Change Database Version : DB.6.0.81
2025-06-15 18:10:01,953 [INFO] OpenFileManager:308 - Change cursor
2025-06-15 18:10:01,957 [INFO] ThirdPartyDownloadManager:73 - Found SW packNimaLTD.I-CUBE-EE.3.2.2up-to-date on disk
2025-06-15 18:10:01,962 [INFO] Mcu:1937 - Initializing MCU STM32F411C(C-E)Ux STM32F411CEUx STM32F411CEU6
2025-06-15 18:10:02,662 [INFO] Context:659 - Trying to add GPIOservice into a context  which must be forbidden
2025-06-15 18:10:02,869 [ERROR] Mcu:841 - ThirdParty IPModes/IPconfigs doesn't exist for :C:/Users/LEGION/.stm32cubemx/plugins/thirdparty/db//NimaLTD/I-CUBE-EE/3.2.2/NimaLTD.I-CUBE-EE.3.2.2_Modes.xml
2025-06-15 18:10:02,869 [ERROR] Mcu:6265 - ThirdParty IPModes/IPconfigs doesn't exist for :NimaLTD.I-CUBE-EE.3.2.2
2025-06-15 18:10:02,870 [INFO] ImportTextPane:194 - (OptionalMessage_ERROR) Pin19 (VP_NimaLTD.I-CUBE-EE_VS_DriverJjEE_1.0.0_3.2.2) cannot be retrieved for this MCU
2025-06-15 18:10:02,994 [INFO] RtosManager:555 - Registered RTOS mode: class=CMSIS, group=RTOS, mode=CMSIS_V1, owner=FREERTOS
2025-06-15 18:10:02,994 [INFO] RtosManager:555 - Registered RTOS mode: class=CMSIS, group=RTOS2, mode=CMSIS_V2, owner=FREERTOS
2025-06-15 18:10:02,994 [INFO] RtosManager:555 - Registered RTOS mode: class=RTOS, group=Core, mode=CMSIS_V1, owner=FREERTOS
2025-06-15 18:10:02,994 [INFO] RtosManager:555 - Registered RTOS mode: class=RTOS, group=Core, mode=CMSIS_V2, owner=FREERTOS
2025-06-15 18:10:02,995 [WARN] ModelIntegratedComponent:184 - Missing modes for component STMicroelectronics:FreeRTOS:0.0.1:STMicroelectronics:RTOS:FreeRTOS:Core:::10.2.0:
2025-06-15 18:10:02,998 [WARN] ModelIntegratedComponent:63 - No mode defined for component null
2025-06-15 18:10:02,998 [WARN] ModelIntegratedComponent:63 - No mode defined for component null
2025-06-15 18:10:02,998 [WARN] ModelIntegratedComponent:63 - No mode defined for component null
2025-06-15 18:10:02,998 [WARN] ModelIntegratedComponent:63 - No mode defined for component null
2025-06-15 18:10:02,998 [WARN] ModelIntegratedComponent:63 - No mode defined for component null
2025-06-15 18:10:02,998 [WARN] ModelIntegratedComponent:63 - No mode defined for component null
2025-06-15 18:10:02,998 [WARN] ModelIntegratedComponent:63 - No mode defined for component null
2025-06-15 18:10:02,998 [WARN] ModelIntegratedComponent:63 - No mode defined for component null
2025-06-15 18:10:02,998 [WARN] ModelIntegratedComponent:63 - No mode defined for component null
2025-06-15 18:10:02,999 [WARN] ModelIntegratedComponent:63 - No mode defined for component null
2025-06-15 18:10:02,999 [WARN] ModelIntegratedComponent:63 - No mode defined for component null
2025-06-15 18:10:02,999 [WARN] ModelIntegratedComponent:63 - No mode defined for component null
2025-06-15 18:10:02,999 [WARN] ModelIntegratedComponent:63 - No mode defined for component null
2025-06-15 18:10:02,999 [WARN] ModelIntegratedComponent:63 - No mode defined for component null
2025-06-15 18:10:02,999 [WARN] ModelIntegratedComponent:63 - No mode defined for component null
2025-06-15 18:10:02,999 [WARN] ModelIntegratedComponent:63 - No mode defined for component null
2025-06-15 18:10:02,999 [WARN] ModelIntegratedComponent:63 - No mode defined for component null
2025-06-15 18:10:02,999 [WARN] ModelIntegratedComponent:63 - No mode defined for component null
2025-06-15 18:10:02,999 [WARN] ModelIntegratedComponent:63 - No mode defined for component null
2025-06-15 18:10:02,999 [WARN] ModelIntegratedComponent:63 - No mode defined for component null
2025-06-15 18:10:02,999 [WARN] ModelIntegratedComponent:63 - No mode defined for component null
2025-06-15 18:10:02,999 [WARN] ModelIntegratedComponent:63 - No mode defined for component null
2025-06-15 18:10:02,999 [WARN] ModelIntegratedComponent:63 - No mode defined for component null
2025-06-15 18:10:02,999 [WARN] ModelIntegratedComponent:63 - No mode defined for component null
2025-06-15 18:10:02,999 [WARN] ModelIntegratedComponent:63 - No mode defined for component null
2025-06-15 18:10:03,000 [WARN] ModelIntegratedComponent:63 - No mode defined for component null
2025-06-15 18:10:03,000 [WARN] ModelIntegratedComponent:63 - No mode defined for component null
2025-06-15 18:10:03,000 [WARN] ModelIntegratedComponent:63 - No mode defined for component null
2025-06-15 18:10:03,000 [WARN] ModelIntegratedComponent:63 - No mode defined for component null
2025-06-15 18:10:03,000 [WARN] ModelIntegratedComponent:63 - No mode defined for component null
2025-06-15 18:10:03,000 [WARN] ModelIntegratedComponent:63 - No mode defined for component null
2025-06-15 18:10:03,000 [WARN] ModelIntegratedComponent:63 - No mode defined for component null
2025-06-15 18:10:03,000 [WARN] ModelIntegratedComponent:63 - No mode defined for component null
2025-06-15 18:10:03,004 [WARN] ModelIntegratedComponent:182 - Modes not found for component STMicroelectronics:USB_DEVICE:1.0.0:STMicroelectronics:USB::USB Device:Audio HS::1.0:USB_DEVICE_1_0_RESTRICTED_HS
2025-06-15 18:10:03,004 [WARN] ModelIntegratedComponent:188 - Modes not found for component STMicroelectronics:USB_DEVICE:1.0.0:STMicroelectronics:USB::USB Device:Audio HS::1.0:USB_DEVICE_1_0_RESTRICTED_HS
2025-06-15 18:10:03,004 [WARN] ModelIntegratedComponent:182 - Modes not found for component STMicroelectronics:USB_DEVICE:1.0.0:STMicroelectronics:USB::USB Device:CDC HS::1.0:USB_DEVICE_1_0_RESTRICTED_HS
2025-06-15 18:10:03,004 [WARN] ModelIntegratedComponent:188 - Modes not found for component STMicroelectronics:USB_DEVICE:1.0.0:STMicroelectronics:USB::USB Device:CDC HS::1.0:USB_DEVICE_1_0_RESTRICTED_HS
2025-06-15 18:10:03,004 [WARN] ModelIntegratedComponent:182 - Modes not found for component STMicroelectronics:USB_DEVICE:1.0.0:STMicroelectronics:USB::USB Device:DFU HS::1.0:USB_DEVICE_1_0_RESTRICTED_HS
2025-06-15 18:10:03,004 [WARN] ModelIntegratedComponent:188 - Modes not found for component STMicroelectronics:USB_DEVICE:1.0.0:STMicroelectronics:USB::USB Device:DFU HS::1.0:USB_DEVICE_1_0_RESTRICTED_HS
2025-06-15 18:10:03,004 [WARN] ModelIntegratedComponent:182 - Modes not found for component STMicroelectronics:USB_DEVICE:1.0.0:STMicroelectronics:USB::USB Device:HID HS::1.0:USB_DEVICE_1_0_RESTRICTED_HS
2025-06-15 18:10:03,004 [WARN] ModelIntegratedComponent:188 - Modes not found for component STMicroelectronics:USB_DEVICE:1.0.0:STMicroelectronics:USB::USB Device:HID HS::1.0:USB_DEVICE_1_0_RESTRICTED_HS
2025-06-15 18:10:03,004 [WARN] ModelIntegratedComponent:182 - Modes not found for component STMicroelectronics:USB_DEVICE:1.0.0:STMicroelectronics:USB::USB Device:Custom HID HS::1.0:USB_DEVICE_1_0_RESTRICTED_HS
2025-06-15 18:10:03,004 [WARN] ModelIntegratedComponent:188 - Modes not found for component STMicroelectronics:USB_DEVICE:1.0.0:STMicroelectronics:USB::USB Device:Custom HID HS::1.0:USB_DEVICE_1_0_RESTRICTED_HS
2025-06-15 18:10:03,005 [WARN] ModelIntegratedComponent:182 - Modes not found for component STMicroelectronics:USB_DEVICE:1.0.0:STMicroelectronics:USB::USB Device:MSC HS::1.0:USB_DEVICE_1_0_RESTRICTED_HS
2025-06-15 18:10:03,005 [WARN] ModelIntegratedComponent:188 - Modes not found for component STMicroelectronics:USB_DEVICE:1.0.0:STMicroelectronics:USB::USB Device:MSC HS::1.0:USB_DEVICE_1_0_RESTRICTED_HS
2025-06-15 18:10:03,070 [WARN] ModelIntegratedComponent:182 - Modes not found for component STMicroelectronics:USB_HOST:1.0.0:STMicroelectronics:USB::USB Host:Audio HS::1.0:USB_HOST_1_0_RESTRICTED_HS
2025-06-15 18:10:03,070 [WARN] ModelIntegratedComponent:188 - Modes not found for component STMicroelectronics:USB_HOST:1.0.0:STMicroelectronics:USB::USB Host:Audio HS::1.0:USB_HOST_1_0_RESTRICTED_HS
2025-06-15 18:10:03,070 [WARN] ModelIntegratedComponent:182 - Modes not found for component STMicroelectronics:USB_HOST:1.0.0:STMicroelectronics:USB::USB Host:CDC HS::1.0:USB_HOST_1_0_RESTRICTED_HS
2025-06-15 18:10:03,070 [WARN] ModelIntegratedComponent:188 - Modes not found for component STMicroelectronics:USB_HOST:1.0.0:STMicroelectronics:USB::USB Host:CDC HS::1.0:USB_HOST_1_0_RESTRICTED_HS
2025-06-15 18:10:03,070 [WARN] ModelIntegratedComponent:182 - Modes not found for component STMicroelectronics:USB_HOST:1.0.0:STMicroelectronics:USB::USB Host:MSC HS::1.0:USB_HOST_1_0_RESTRICTED_HS
2025-06-15 18:10:03,070 [WARN] ModelIntegratedComponent:188 - Modes not found for component STMicroelectronics:USB_HOST:1.0.0:STMicroelectronics:USB::USB Host:MSC HS::1.0:USB_HOST_1_0_RESTRICTED_HS
2025-06-15 18:10:03,070 [WARN] ModelIntegratedComponent:182 - Modes not found for component STMicroelectronics:USB_HOST:1.0.0:STMicroelectronics:USB::USB Host:HID HS::1.0:USB_HOST_1_0_RESTRICTED_HS
2025-06-15 18:10:03,070 [WARN] ModelIntegratedComponent:188 - Modes not found for component STMicroelectronics:USB_HOST:1.0.0:STMicroelectronics:USB::USB Host:HID HS::1.0:USB_HOST_1_0_RESTRICTED_HS
2025-06-15 18:10:03,070 [WARN] ModelIntegratedComponent:182 - Modes not found for component STMicroelectronics:USB_HOST:1.0.0:STMicroelectronics:USB::USB Host:MTP HS::1.0:USB_HOST_1_0_RESTRICTED_HS
2025-06-15 18:10:03,070 [WARN] ModelIntegratedComponent:188 - Modes not found for component STMicroelectronics:USB_HOST:1.0.0:STMicroelectronics:USB::USB Host:MTP HS::1.0:USB_HOST_1_0_RESTRICTED_HS
2025-06-15 18:10:03,202 [INFO] ThirdPartyModel:298 - Start build external matchings
2025-06-15 18:10:05,213 [INFO] ThirdPartyModel:316 - End build external matchings
2025-06-15 18:10:05,251 [INFO] ImportTextPane:194 - (OptionalMessage_ERROR) IP (RCC) : Parameter (RTCHSEDivFreq_Value) has invalid value (12500000)
2025-06-15 18:10:05,252 [WARN] IP:2113 - DEVICE_SERIAL0_CDC_FS not found: check if there is a RefParameter without a condition.
2025-06-15 18:10:05,252 [WARN] IP:2113 - DEVICE_SERIAL1_CDC_FS not found: check if there is a RefParameter without a condition.
2025-06-15 18:10:05,252 [WARN] IP:2113 - DEVICE_SERIAL2_CDC_FS not found: check if there is a RefParameter without a condition.
2025-06-15 18:10:05,483 [INFO] UtilMem:75 - End LoadConfig() Used Memory: 738158552 Bytes (932184064)
2025-06-15 18:10:05,520 [WARN] ThirdParty:833 - waiting for thirdparty lock release [change project]
2025-06-15 18:10:05,521 [INFO] ThirdParty:835 - entering critical section [change project]
2025-06-15 18:10:05,521 [INFO] ThirdParty:1030 - CMSIS Pack Vendor :STMicroelectronics X-CUBE-GNSS1 6.0.0
2025-06-15 18:10:05,521 [INFO] ThirdParty:1030 - CMSIS Pack Vendor :STMicroelectronics USB_HOST 2.0.0
2025-06-15 18:10:05,521 [INFO] ThirdParty:1030 - CMSIS Pack Vendor :STMicroelectronics FP-SNS-MOTENVWB1 1.4.0
2025-06-15 18:10:05,521 [INFO] ThirdParty:1030 - CMSIS Pack Vendor :STMicroelectronics X-CUBE-AZRTOS-F4 1.1.0
2025-06-15 18:10:05,521 [INFO] ThirdParty:1030 - CMSIS Pack Vendor :STMicroelectronics LIBJPEG 8.0.0
2025-06-15 18:10:05,521 [INFO] ThirdParty:1030 - CMSIS Pack Vendor :STMicroelectronics FP-ATR-ASTRA1 2.0.2
2025-06-15 18:10:05,521 [INFO] ThirdParty:1030 - CMSIS Pack Vendor :STMicroelectronics FP-ATR-ASTRA1 2.0.1
2025-06-15 18:10:05,521 [INFO] ThirdParty:1030 - CMSIS Pack Vendor :STMicroelectronics X-CUBE-SMBUS 2.1.0
2025-06-15 18:10:05,521 [INFO] ThirdParty:1030 - CMSIS Pack Vendor :wolfSSL I-CUBE-wolfSSL 5.6.0
2025-06-15 18:10:05,521 [INFO] ThirdParty:1030 - CMSIS Pack Vendor :STMicroelectronics X-CUBE-ISPU 2.1.0
2025-06-15 18:10:05,521 [INFO] ThirdParty:1030 - CMSIS Pack Vendor :STMicroelectronics X-CUBE-FREERTOS 1.2.0
2025-06-15 18:10:05,521 [INFO] ThirdParty:1030 - CMSIS Pack Vendor :STMicroelectronics X-CUBE-TOUCHGFX 4.23.0
2025-06-15 18:10:05,521 [INFO] ThirdParty:1030 - CMSIS Pack Vendor :STMicroelectronics X-CUBE-TOUCHGFX 4.23.2
2025-06-15 18:10:05,521 [INFO] ThirdParty:1030 - CMSIS Pack Vendor :STMicroelectronics X-CUBE-AZRTOS-F7 1.1.0
2025-06-15 18:10:05,521 [INFO] ThirdParty:1030 - CMSIS Pack Vendor :STMicroelectronics X-CUBE-AZRTOS-L5 2.0.0
2025-06-15 18:10:05,521 [INFO] ThirdParty:1030 - CMSIS Pack Vendor :STMicroelectronics USB_DEVICE 2.0.0
2025-06-15 18:10:05,521 [INFO] ThirdParty:1030 - CMSIS Pack Vendor :STMicroelectronics X-CUBE-MEMS1 9.6.0
2025-06-15 18:10:05,521 [INFO] ThirdParty:1030 - CMSIS Pack Vendor :STMicroelectronics X-CUBE-NFC6 3.1.0
2025-06-15 18:10:05,521 [INFO] ThirdParty:1030 - CMSIS Pack Vendor :ITTIA_DB I-CUBE-ITTIADB 8.8.0
2025-06-15 18:10:05,522 [INFO] ThirdParty:1030 - CMSIS Pack Vendor :STMicroelectronics FP-SNS-MOTENV1 4.3.2
2025-06-15 18:10:05,522 [INFO] ThirdParty:1030 - CMSIS Pack Vendor :STMicroelectronics FP-SNS-MOTENV1 4.3.1
2025-06-15 18:10:05,522 [INFO] ThirdParty:1030 - CMSIS Pack Vendor :STMicroelectronics FP-SNS-FLIGHT1 5.0.1
2025-06-15 18:10:05,522 [INFO] ThirdParty:1030 - CMSIS Pack Vendor :STMicroelectronics X-CUBE-MEMS1 11.0.0
2025-06-15 18:10:05,522 [INFO] ThirdParty:1030 - CMSIS Pack Vendor :STMicroelectronics X-CUBE-BLE1 6.2.4
2025-06-15 18:10:05,522 [INFO] ThirdParty:1030 - CMSIS Pack Vendor :STMicroelectronics FreeRTOS 0.0.1
2025-06-15 18:10:05,522 [INFO] ThirdParty:1030 - CMSIS Pack Vendor :emotas I-CUBE-CANOPEN 1.1.3
2025-06-15 18:10:05,522 [INFO] ThirdParty:1030 - CMSIS Pack Vendor :STMicroelectronics X-CUBE-BLEMGR 2.0.0
2025-06-15 18:10:05,522 [INFO] ThirdParty:1030 - CMSIS Pack Vendor :STMicroelectronics FP-SNS-FLIGHT1 5.0.2
2025-06-15 18:10:05,522 [INFO] ThirdParty:1030 - CMSIS Pack Vendor :STMicroelectronics X-CUBE-AI 9.0.0
2025-06-15 18:10:05,522 [INFO] ThirdParty:1030 - CMSIS Pack Vendor :STMicroelectronics X-CUBE-AZRTOS-H7 3.1.0
2025-06-15 18:10:05,522 [INFO] ThirdParty:1030 - CMSIS Pack Vendor :STMicroelectronics PDM2PCM 3.3.0
2025-06-15 18:10:05,522 [INFO] ThirdParty:1030 - CMSIS Pack Vendor :STMicroelectronics X-CUBE-DISPLAY 3.0.0
2025-06-15 18:10:05,522 [INFO] ThirdParty:1030 - CMSIS Pack Vendor :STMicroelectronics X-CUBE-BLE1 7.0.0
2025-06-15 18:10:05,522 [INFO] ThirdParty:1030 - CMSIS Pack Vendor :STMicroelectronics X-CUBE-NFC10 1.0.0
2025-06-15 18:10:05,522 [INFO] ThirdParty:1030 - CMSIS Pack Vendor :STMicroelectronics X-CUBE-FREERTOS 1.3.1
2025-06-15 18:10:05,522 [INFO] ThirdParty:1030 - CMSIS Pack Vendor :STMicroelectronics HAL Drivers 0.0.0
2025-06-15 18:10:05,522 [INFO] ThirdParty:1030 - CMSIS Pack Vendor :emotas I-CUBE-CANOPEN 1.3.0
2025-06-15 18:10:05,522 [INFO] ThirdParty:1030 - CMSIS Pack Vendor :STMicroelectronics X-CUBE-NFC7 1.0.1
2025-06-15 18:10:05,522 [INFO] ThirdParty:1030 - CMSIS Pack Vendor :STMicroelectronics MBEDTLS 2.14.1
2025-06-15 18:10:05,522 [INFO] ThirdParty:1030 - CMSIS Pack Vendor :STMicroelectronics X-CUBE-NFC7 1.0.0
2025-06-15 18:10:05,522 [INFO] ThirdParty:1030 - CMSIS Pack Vendor :STMicroelectronics X-CUBE-NFC6 3.0.0
2025-06-15 18:10:05,522 [INFO] ThirdParty:1030 - CMSIS Pack Vendor :STMicroelectronics X-CUBE-EEPRMA1 4.1.0
2025-06-15 18:10:05,522 [INFO] ThirdParty:1030 - CMSIS Pack Vendor :STMicroelectronics X-CUBE-BLEMGR 3.1.0
2025-06-15 18:10:05,522 [INFO] ThirdParty:1030 - CMSIS Pack Vendor :STMicroelectronics FP-SNS-SMARTAG2 1.2.0
2025-06-15 18:10:05,522 [INFO] ThirdParty:1030 - CMSIS Pack Vendor :STMicroelectronics X-CUBE-AZRTOS-WL 2.0.0
2025-06-15 18:10:05,522 [INFO] ThirdParty:1030 - CMSIS Pack Vendor :STMicroelectronics FP-SNS-MOTENV1 5.0.0
2025-06-15 18:10:05,522 [INFO] ThirdParty:1030 - CMSIS Pack Vendor :STMicroelectronics USB_DEVICE 1.0.0
2025-06-15 18:10:05,523 [INFO] ThirdParty:1030 - CMSIS Pack Vendor :STMicroelectronics X-CUBE-AI 8.1.0
2025-06-15 18:10:05,523 [INFO] ThirdParty:1030 - CMSIS Pack Vendor :wolfSSL I-CUBE-wolfMQTT 1.19.0
2025-06-15 18:10:05,523 [INFO] ThirdParty:1030 - CMSIS Pack Vendor :STMicroelectronics X-CUBE-AZRTOS-L4 2.0.0
2025-06-15 18:10:05,523 [INFO] ThirdParty:1030 - CMSIS Pack Vendor :STMicroelectronics ThreadX 0.0.2
2025-06-15 18:10:05,523 [INFO] ThirdParty:1030 - CMSIS Pack Vendor :WES I-CUBE-Cesium 1.3.0
2025-06-15 18:10:05,523 [INFO] ThirdParty:1030 - CMSIS Pack Vendor :STMicroelectronics lwIP 2.1.2
2025-06-15 18:10:05,523 [INFO] ThirdParty:1030 - CMSIS Pack Vendor :STMicroelectronics X-CUBE-SFXS2LP1 4.0.0
2025-06-15 18:10:05,523 [INFO] ThirdParty:1030 - CMSIS Pack Vendor :STMicroelectronics X-CUBE-BLE2 3.3.0
2025-06-15 18:10:05,523 [INFO] ThirdParty:1030 - CMSIS Pack Vendor :STMicroelectronics PDM2PCM 3.2.0
2025-06-15 18:10:05,523 [INFO] ThirdParty:1030 - CMSIS Pack Vendor :STMicroelectronics X-CUBE-ISPU 1.1.0
2025-06-15 18:10:05,523 [INFO] ThirdParty:1030 - CMSIS Pack Vendor :STMicroelectronics X-CUBE-AZRTOS-H7 3.3.0
2025-06-15 18:10:05,523 [INFO] ThirdParty:1030 - CMSIS Pack Vendor :STMicroelectronics X-CUBE-NFC9 1.0.0
2025-06-15 18:10:05,523 [INFO] ThirdParty:1030 - CMSIS Pack Vendor :wolfSSL I-CUBE-wolfSSL 5.8.0
2025-06-15 18:10:05,523 [INFO] ThirdParty:1030 - CMSIS Pack Vendor :STMicroelectronics X-CUBE-BLE1 7.1.0
2025-06-15 18:10:05,523 [INFO] ThirdParty:1030 - CMSIS Pack Vendor :wolfSSL I-CUBE-wolfMQTT 1.19.2
2025-06-15 18:10:05,523 [INFO] ThirdParty:1030 - CMSIS Pack Vendor :STMicroelectronics USB_DEVICE 3.0.0
2025-06-15 18:10:05,523 [INFO] ThirdParty:1030 - CMSIS Pack Vendor :STMicroelectronics X-CUBE-TCPP 4.1.0
2025-06-15 18:10:05,523 [INFO] ThirdParty:1030 - CMSIS Pack Vendor :STMicroelectronics X-CUBE-AZRTOS-WB 2.0.0
2025-06-15 18:10:05,523 [INFO] ThirdParty:1030 - CMSIS Pack Vendor :STMicroelectronics X-CUBE-FREERTOS 1.0.1
2025-06-15 18:10:05,523 [INFO] ThirdParty:1030 - CMSIS Pack Vendor :STMicroelectronics X-CUBE-GNSS1 7.0.0
2025-06-15 18:10:05,523 [INFO] ThirdParty:1030 - CMSIS Pack Vendor :STMicroelectronics X-CUBE-GNSS1 7.0.1
2025-06-15 18:10:05,524 [INFO] ThirdParty:1030 - CMSIS Pack Vendor :STMicroelectronics X-CUBE-TOUCHGFX 4.21.4
2025-06-15 18:10:05,524 [INFO] ThirdParty:1030 - CMSIS Pack Vendor :STMicroelectronics X-CUBE-TOUCHGFX 4.25.0
2025-06-15 18:10:05,524 [INFO] ThirdParty:1030 - CMSIS Pack Vendor :STMicroelectronics X-CUBE-AI 10.1.0
2025-06-15 18:10:05,524 [INFO] ThirdParty:1030 - CMSIS Pack Vendor :STMicroelectronics X-CUBE-ALGOBUILD 1.3.0
2025-06-15 18:10:05,524 [INFO] ThirdParty:1030 - CMSIS Pack Vendor :STMicroelectronics X-CUBE-AZRTOS-L5 1.1.0
2025-06-15 18:10:05,524 [INFO] ThirdParty:1030 - CMSIS Pack Vendor :STMicroelectronics X-CUBE-MEMS1 11.2.0
2025-06-15 18:10:05,524 [INFO] ThirdParty:1030 - CMSIS Pack Vendor :STMicroelectronics X-CUBE-AZRTOS-G0 1.1.0
2025-06-15 18:10:05,524 [INFO] ThirdParty:1030 - CMSIS Pack Vendor :STMicroelectronics X-CUBE-AI 8.0.1
2025-06-15 18:10:05,524 [INFO] ThirdParty:1030 - CMSIS Pack Vendor :STMicroelectronics X-CUBE-SAFEA1 1.2.2
2025-06-15 18:10:05,524 [INFO] ThirdParty:1030 - CMSIS Pack Vendor :STMicroelectronics X-CUBE-NFC4 3.0.0
2025-06-15 18:10:05,524 [INFO] ThirdParty:1030 - CMSIS Pack Vendor :STMicroelectronics X-CUBE-SUBG2 5.0.0
2025-06-15 18:10:05,524 [INFO] ThirdParty:1030 - CMSIS Pack Vendor :STMicroelectronics X-CUBE-AZRTOS-H7RS 1.1.0
2025-06-15 18:10:05,524 [INFO] ThirdParty:1030 - CMSIS Pack Vendor :STMicroelectronics STM32_WPAN 1.0.0
2025-06-15 18:10:05,524 [INFO] ThirdParty:1030 - CMSIS Pack Vendor :STMicroelectronics lwIP 2.0.3
2025-06-15 18:10:05,524 [INFO] ThirdParty:1030 - CMSIS Pack Vendor :Cesanta I-CUBE-Mongoose 7.13.0
2025-06-15 18:10:05,524 [INFO] ThirdParty:1030 - CMSIS Pack Vendor :STMicroelectronics USB_HOST 1.0.0
2025-06-15 18:10:05,524 [INFO] ThirdParty:1030 - CMSIS Pack Vendor :STMicroelectronics X-CUBE-AZRTOS-G4 2.0.0
2025-06-15 18:10:05,524 [INFO] ThirdParty:1030 - CMSIS Pack Vendor :STMicroelectronics X-CUBE-WB05N 2.0.0
2025-06-15 18:10:05,524 [INFO] ThirdParty:1030 - CMSIS Pack Vendor :STMicroelectronics PDM2PCM 3.1.0
2025-06-15 18:10:05,524 [INFO] ThirdParty:1030 - CMSIS Pack Vendor :STMicroelectronics X-CUBE-TOF1 3.3.0
2025-06-15 18:10:05,524 [INFO] ThirdParty:1030 - CMSIS Pack Vendor :Infineon AIROC-Wi-Fi-Bluetooth-STM32 1.5.1
2025-06-15 18:10:05,524 [INFO] ThirdParty:1030 - CMSIS Pack Vendor :STMicroelectronics X-CUBE-BLEMGR 3.0.0
2025-06-15 18:10:05,524 [INFO] ThirdParty:1030 - CMSIS Pack Vendor :wolfSSL I-CUBE-wolfTPM 3.8.0
2025-06-15 18:10:05,524 [INFO] ThirdParty:1030 - CMSIS Pack Vendor :wolfSSL I-CUBE-wolfSSH 1.4.20
2025-06-15 18:10:05,524 [INFO] ThirdParty:1030 - CMSIS Pack Vendor :STMicroelectronics X-CUBE-NFC7 2.0.0
2025-06-15 18:10:05,524 [INFO] ThirdParty:1030 - CMSIS Pack Vendor :STMicroelectronics FP-SNS-MOTENVWB1 1.3.1
2025-06-15 18:10:05,524 [INFO] ThirdParty:1030 - CMSIS Pack Vendor :STMicroelectronics FP-ATR-SIGFOX1 3.2.0
2025-06-15 18:10:05,524 [INFO] ThirdParty:1030 - CMSIS Pack Vendor :STMicroelectronics X-CUBE-ISPU 2.0.0
2025-06-15 18:10:05,525 [INFO] ThirdParty:1030 - CMSIS Pack Vendor :STMicroelectronics X-CUBE-EEPRMA1 5.1.0
2025-06-15 18:10:05,525 [INFO] ThirdParty:1030 - CMSIS Pack Vendor :STMicroelectronics MBEDTLS 2.16.2
2025-06-15 18:10:05,525 [INFO] ThirdParty:1030 - CMSIS Pack Vendor :STMicroelectronics X-CUBE-ALS 1.0.2
2025-06-15 18:10:05,525 [INFO] ThirdParty:1030 - CMSIS Pack Vendor :STMicroelectronics X-CUBE-MEMS1 10.0.0
2025-06-15 18:10:05,525 [INFO] ThirdParty:1030 - CMSIS Pack Vendor :STMicroelectronics X-CUBE-FREERTOS 1.1.0
2025-06-15 18:10:05,525 [INFO] ThirdParty:1030 - CMSIS Pack Vendor :STMicroelectronics X-CUBE-TOUCHGFX 4.24.0
2025-06-15 18:10:05,525 [INFO] ThirdParty:1030 - CMSIS Pack Vendor :ITTIA_DB I-CUBE-ITTIADB 8.9.0
2025-06-15 18:10:05,525 [INFO] ThirdParty:1030 - CMSIS Pack Vendor :STMicroelectronics X-CUBE-TOUCHGFX 4.24.1
2025-06-15 18:10:05,525 [INFO] ThirdParty:1030 - CMSIS Pack Vendor :portGmbH I-Cube-SoM-uGOAL 1.1.0
2025-06-15 18:10:05,525 [INFO] ThirdParty:1030 - CMSIS Pack Vendor :STMicroelectronics X-CUBE-ALS 1.0.1
2025-06-15 18:10:05,525 [INFO] ThirdParty:1030 - CMSIS Pack Vendor :STMicroelectronics ThreadX 1.0.0
2025-06-15 18:10:05,525 [INFO] ThirdParty:1030 - CMSIS Pack Vendor :STMicroelectronics X-CUBE-AZRTOS-WB 1.1.0
2025-06-15 18:10:05,525 [INFO] ThirdParty:1030 - CMSIS Pack Vendor :SEGGER I-CUBE-embOS 1.3.1
2025-06-15 18:10:05,525 [INFO] ThirdParty:1030 - CMSIS Pack Vendor :STMicroelectronics X-CUBE-ALGOBUILD 1.4.0
2025-06-15 18:10:05,525 [INFO] ThirdParty:1030 - CMSIS Pack Vendor :STMicroelectronics X-CUBE-MEMS1 11.3.0
2025-06-15 18:10:05,525 [INFO] ThirdParty:1030 - CMSIS Pack Vendor :STMicroelectronics X-CUBE-AZRTOS-H7RS 1.0.0
2025-06-15 18:10:05,525 [INFO] ThirdParty:1030 - CMSIS Pack Vendor :STMicroelectronics FP-ATR-ASTRA1 2.0.0
2025-06-15 18:10:05,525 [INFO] ThirdParty:1030 - CMSIS Pack Vendor :STMicroelectronics X-CUBE-AI 9.1.0
2025-06-15 18:10:05,525 [INFO] ThirdParty:1030 - CMSIS Pack Vendor :STMicroelectronics X-CUBE-TOF1 3.4.0
2025-06-15 18:10:05,525 [INFO] ThirdParty:1030 - CMSIS Pack Vendor :STMicroelectronics X-CUBE-TOF1 3.4.1
2025-06-15 18:10:05,525 [INFO] ThirdParty:1030 - CMSIS Pack Vendor :STMicroelectronics X-CUBE-AZRTOS-H7 3.2.0
2025-06-15 18:10:05,525 [INFO] ThirdParty:841 - exiting critical section [change project]
2025-06-15 18:10:05,654 [INFO] PinOutPanel:1499 - setPackage(No Configuration,No Configuration)
2025-06-15 18:10:05,655 [INFO] PinOutPanel:1499 - setPackage(STM32F411CEUx,UFQFPN48)
2025-06-15 18:10:05,850 [INFO] UtilMem:75 - Before build in PCC Used Memory: 766389896 Bytes (932184064)
2025-06-15 18:10:06,104 [INFO] UtilMem:75 - After build in PCC Used Memory: 808855176 Bytes (932184064)
2025-06-15 18:10:06,115 [INFO] ApiDbMcu:507 - Load IP Config File for USB_DEVICE
2025-06-15 18:10:06,141 [INFO] IPUIPlugin:80 - create IPUIPlugin
2025-06-15 18:10:06,141 [INFO] IPUIPlugin:80 - create IPUIPlugin
2025-06-15 18:10:06,141 [INFO] IPUIPlugin:80 - create IPUIPlugin
2025-06-15 18:10:06,141 [INFO] IPUIPlugin:80 - create IPUIPlugin
2025-06-15 18:10:06,141 [INFO] IPUIPlugin:80 - create IPUIPlugin
2025-06-15 18:10:06,141 [INFO] IPUIPlugin:80 - create IPUIPlugin
2025-06-15 18:10:06,141 [INFO] IPUIPlugin:80 - create IPUIPlugin
2025-06-15 18:10:06,141 [INFO] IPUIPlugin:80 - create IPUIPlugin
2025-06-15 18:10:06,141 [INFO] IPUIPlugin:80 - create IPUIPlugin
2025-06-15 18:10:06,141 [INFO] IPUIPlugin:80 - create IPUIPlugin
2025-06-15 18:10:06,141 [INFO] IPUIPlugin:80 - create IPUIPlugin
2025-06-15 18:10:06,142 [INFO] IPUIPlugin:80 - create IPUIPlugin
2025-06-15 18:10:06,142 [INFO] IPUIPlugin:80 - create IPUIPlugin
2025-06-15 18:10:06,142 [INFO] IPUIPlugin:80 - create IPUIPlugin
2025-06-15 18:10:06,142 [INFO] IPUIPlugin:80 - create IPUIPlugin
2025-06-15 18:10:06,143 [INFO] IPUIPlugin:80 - create IPUIPlugin
2025-06-15 18:10:06,143 [INFO] IPUIPlugin:80 - create IPUIPlugin
2025-06-15 18:10:06,143 [INFO] IPUIPlugin:80 - create IPUIPlugin
2025-06-15 18:10:06,143 [INFO] IPUIPlugin:80 - create IPUIPlugin
2025-06-15 18:10:06,143 [INFO] IPUIPlugin:80 - create IPUIPlugin
2025-06-15 18:10:06,143 [INFO] IPUIPlugin:80 - create IPUIPlugin
2025-06-15 18:10:06,144 [INFO] IPUIPlugin:80 - create IPUIPlugin
2025-06-15 18:10:06,144 [INFO] IPUIPlugin:80 - create IPUIPlugin
2025-06-15 18:10:06,144 [INFO] IPUIPlugin:80 - create IPUIPlugin
2025-06-15 18:10:06,144 [INFO] IPUIPlugin:80 - create IPUIPlugin
2025-06-15 18:10:06,144 [INFO] IPUIPlugin:80 - create IPUIPlugin
2025-06-15 18:10:06,144 [INFO] IPUIPlugin:80 - create IPUIPlugin
2025-06-15 18:10:06,145 [INFO] IPUIPlugin:80 - create IPUIPlugin
2025-06-15 18:10:06,145 [INFO] IPUIPlugin:80 - create IPUIPlugin
2025-06-15 18:10:06,145 [INFO] IPUIPlugin:80 - create IPUIPlugin
2025-06-15 18:10:06,145 [INFO] IPUIPlugin:80 - create IPUIPlugin
2025-06-15 18:10:06,146 [INFO] IPUIPlugin:80 - create IPUIPlugin
2025-06-15 18:10:06,146 [INFO] IPUIPlugin:80 - create IPUIPlugin
2025-06-15 18:10:06,146 [INFO] IPUIPlugin:80 - create IPUIPlugin
2025-06-15 18:10:06,147 [INFO] IPUIPlugin:80 - create IPUIPlugin
2025-06-15 18:10:06,147 [INFO] IPUIPlugin:80 - create IPUIPlugin
2025-06-15 18:10:06,147 [INFO] IPUIPlugin:80 - create IPUIPlugin
2025-06-15 18:10:06,147 [INFO] IPUIPlugin:80 - create IPUIPlugin
2025-06-15 18:10:06,148 [INFO] IPUIPlugin:80 - create IPUIPlugin
2025-06-15 18:10:06,148 [INFO] IPUIPlugin:80 - create IPUIPlugin
2025-06-15 18:10:06,148 [INFO] IPUIPlugin:80 - create IPUIPlugin
2025-06-15 18:10:06,149 [INFO] IPUIPlugin:80 - create IPUIPlugin
2025-06-15 18:10:06,149 [INFO] IPUIPlugin:80 - create IPUIPlugin
2025-06-15 18:10:06,154 [INFO] ApiDbMcu:507 - Load IP Config File for PDM2PCM
2025-06-15 18:10:06,155 [WARN] IP:2113 - I2C_Coeff_DF not found: check if there is a RefParameter without a condition.
2025-06-15 18:10:06,155 [WARN] IP:2113 - Analog_Filter not found: check if there is a RefParameter without a condition.
2025-06-15 18:10:06,210 [INFO] CADModel:165 - CPN selected for project levelSTM32F411CEU6
2025-06-15 18:10:06,210 [INFO] CADModel:114 - Register for checkConnection events
2025-06-15 18:10:06,261 [INFO] OpenFileManager:328 - Restore cursor
2025-06-15 18:10:06,401 [WARN] IP:2113 - DEVICE_SERIAL0_CDC_FS not found: check if there is a RefParameter without a condition.
2025-06-15 18:10:06,401 [WARN] IP:2113 - DEVICE_SERIAL1_CDC_FS not found: check if there is a RefParameter without a condition.
2025-06-15 18:10:06,401 [WARN] IP:2113 - DEVICE_SERIAL2_CDC_FS not found: check if there is a RefParameter without a condition.
2025-06-15 18:10:06,402 [WARN] IP:2113 - DEVICE_SERIAL0_CDC_FS not found: check if there is a RefParameter without a condition.
2025-06-15 18:10:06,402 [WARN] IP:2113 - DEVICE_SERIAL1_CDC_FS not found: check if there is a RefParameter without a condition.
2025-06-15 18:10:06,402 [WARN] IP:2113 - DEVICE_SERIAL2_CDC_FS not found: check if there is a RefParameter without a condition.
2025-06-15 18:10:06,420 [WARN] IP:2113 - I2C_Coeff_DF not found: check if there is a RefParameter without a condition.
2025-06-15 18:10:06,420 [WARN] IP:2113 - Analog_Filter not found: check if there is a RefParameter without a condition.
2025-06-15 18:10:06,420 [WARN] IP:2113 - I2C_Coeff_DF not found: check if there is a RefParameter without a condition.
2025-06-15 18:10:06,420 [WARN] IP:2113 - Analog_Filter not found: check if there is a RefParameter without a condition.
2025-06-15 18:10:19,643 [INFO] Gpio:273 - dependency for GPIO [I2C1, RCC, SYS, USART1, USB_OTG_FS]
2025-06-15 18:10:35,249 [INFO] UtilMem:75 - End SaveConfig() Used Memory: 786516472 Bytes (932184064)
2025-06-15 18:10:36,571 [INFO] UtilMem:75 - End SaveConfig() Used Memory: 726231000 Bytes (932184064)
2025-06-15 18:10:39,429 [INFO] UtilMem:75 - End SaveConfig() Used Memory: 767125464 Bytes (932184064)
2025-06-15 18:10:40,226 [INFO] BlockDiagram:2759 - set Specific Code input for plugin: USB_OTG_FS
2025-06-15 18:10:40,226 [INFO] BlockDiagram:2759 - set Specific Code input for plugin: NVIC
2025-06-15 18:10:40,226 [INFO] BlockDiagram:2759 - set Specific Code input for plugin: USART
2025-06-15 18:10:40,226 [INFO] BlockDiagram:2759 - set Specific Code input for plugin: USB_DEVICE
2025-06-15 18:10:40,226 [INFO] BlockDiagram:2759 - set Specific Code input for plugin: SYS
2025-06-15 18:10:40,226 [INFO] BlockDiagram:2759 - set Specific Code input for plugin: GPIO
2025-06-15 18:10:40,226 [INFO] BlockDiagram:2759 - set Specific Code input for plugin: RCC
2025-06-15 18:10:40,227 [INFO] BlockDiagram:2759 - set Specific Code input for plugin: I2C
2025-06-15 18:10:40,229 [INFO] CodeGenerator:793 - code generatio: config db path: C:\ST\STM32CubeIDE_1.12.1\STM32CubeIDE\plugins\com.st.stm32cube.common.mx_6.8.1.202304191431\\db\
2025-06-15 18:10:40,253 [WARN] IP:2113 - I2C_Coeff_DF not found: check if there is a RefParameter without a condition.
2025-06-15 18:10:40,253 [WARN] IP:2113 - Analog_Filter not found: check if there is a RefParameter without a condition.
2025-06-15 18:10:40,269 [WARN] IP:2113 - DEVICE_SERIAL0_CDC_FS not found: check if there is a RefParameter without a condition.
2025-06-15 18:10:40,269 [WARN] IP:2113 - DEVICE_SERIAL1_CDC_FS not found: check if there is a RefParameter without a condition.
2025-06-15 18:10:40,269 [WARN] IP:2113 - DEVICE_SERIAL2_CDC_FS not found: check if there is a RefParameter without a condition.
2025-06-15 18:10:40,728 [INFO] CodeEngine:255 - oldGeneratedFile, C:\Users\LEGION\Documents\College\Skripsi\EKF-SOC-Hardware\Firmware\Battery_Monitor_Firmware\MXTmpFiles\license.tmp_save
2025-06-15 18:10:41,142 [INFO] CodeEngine:279 - Generated code: C:\Users\LEGION\Documents\College\Skripsi\EKF-SOC-Hardware\Firmware\Battery_Monitor_Firmware\MXTmpFiles\license.tmp
2025-06-15 18:10:41,273 [INFO] CodeEngine:255 - oldGeneratedFile, C:\Users\LEGION\Documents\College\Skripsi\EKF-SOC-Hardware\Firmware\Battery_Monitor_Firmware\Core\Src\gpio.c_save
2025-06-15 18:10:41,507 [INFO] CodeEngine:279 - Generated code: C:\Users\LEGION\Documents\College\Skripsi\EKF-SOC-Hardware\Firmware\Battery_Monitor_Firmware\Core\Src\gpio.c
2025-06-15 18:10:41,530 [INFO] CodeEngine:255 - oldGeneratedFile, C:\Users\LEGION\Documents\College\Skripsi\EKF-SOC-Hardware\Firmware\Battery_Monitor_Firmware\Core\Inc\gpio.h_save
2025-06-15 18:10:41,673 [INFO] CodeEngine:279 - Generated code: C:\Users\LEGION\Documents\College\Skripsi\EKF-SOC-Hardware\Firmware\Battery_Monitor_Firmware\Core\Inc\gpio.h
2025-06-15 18:10:41,788 [WARN] IPConfigManager:2937 - Warning: the RefConfig PWREx_EnableUSBVoltageDetector is not available in your config.xml file
2025-06-15 18:10:41,822 [INFO] CodeEngine:255 - oldGeneratedFile, C:\Users\LEGION\Documents\College\Skripsi\EKF-SOC-Hardware\Firmware\Battery_Monitor_Firmware\MXTmpFiles\usb_otg_fs_vars.tmp_save
2025-06-15 18:10:41,949 [INFO] CodeEngine:279 - Generated code: C:\Users\LEGION\Documents\College\Skripsi\EKF-SOC-Hardware\Firmware\Battery_Monitor_Firmware\MXTmpFiles\usb_otg_fs_vars.tmp
2025-06-15 18:10:41,967 [INFO] CodeEngine:255 - oldGeneratedFile, C:\Users\LEGION\Documents\College\Skripsi\EKF-SOC-Hardware\Firmware\Battery_Monitor_Firmware\MXTmpFiles\usb_otg_fs_inc.tmp_save
2025-06-15 18:10:42,065 [INFO] CodeEngine:279 - Generated code: C:\Users\LEGION\Documents\College\Skripsi\EKF-SOC-Hardware\Firmware\Battery_Monitor_Firmware\MXTmpFiles\usb_otg_fs_inc.tmp
2025-06-15 18:10:42,098 [INFO] CodeEngine:255 - oldGeneratedFile, C:\Users\LEGION\Documents\College\Skripsi\EKF-SOC-Hardware\Firmware\Battery_Monitor_Firmware\MXTmpFiles\usb_otg_fs_HalInit.tmp_save
2025-06-15 18:10:42,225 [INFO] CodeEngine:279 - Generated code: C:\Users\LEGION\Documents\College\Skripsi\EKF-SOC-Hardware\Firmware\Battery_Monitor_Firmware\MXTmpFiles\usb_otg_fs_HalInit.tmp
2025-06-15 18:10:42,243 [INFO] CodeEngine:255 - oldGeneratedFile, C:\Users\LEGION\Documents\College\Skripsi\EKF-SOC-Hardware\Firmware\Battery_Monitor_Firmware\MXTmpFiles\usb_otg_fs_Msp.tmp_save
2025-06-15 18:10:42,365 [INFO] CodeEngine:279 - Generated code: C:\Users\LEGION\Documents\College\Skripsi\EKF-SOC-Hardware\Firmware\Battery_Monitor_Firmware\MXTmpFiles\usb_otg_fs_Msp.tmp
2025-06-15 18:10:42,614 [INFO] Middleware:1439 - No code input for Bsp Dependency
2025-06-15 18:10:42,662 [INFO] CodeEngine:255 - oldGeneratedFile, C:\Users\LEGION\Documents\College\Skripsi\EKF-SOC-Hardware\Firmware\Battery_Monitor_Firmware\Core\Src\i2c.c_save
2025-06-15 18:10:42,809 [INFO] CodeEngine:279 - Generated code: C:\Users\LEGION\Documents\College\Skripsi\EKF-SOC-Hardware\Firmware\Battery_Monitor_Firmware\Core\Src\i2c.c
2025-06-15 18:10:42,829 [INFO] CodeEngine:255 - oldGeneratedFile, C:\Users\LEGION\Documents\College\Skripsi\EKF-SOC-Hardware\Firmware\Battery_Monitor_Firmware\Core\Inc\i2c.h_save
2025-06-15 18:10:42,983 [INFO] CodeEngine:279 - Generated code: C:\Users\LEGION\Documents\College\Skripsi\EKF-SOC-Hardware\Firmware\Battery_Monitor_Firmware\Core\Inc\i2c.h
2025-06-15 18:10:43,020 [INFO] CodeEngine:255 - oldGeneratedFile, C:\Users\LEGION\Documents\College\Skripsi\EKF-SOC-Hardware\Firmware\Battery_Monitor_Firmware\Core\Src\usart.c_save
2025-06-15 18:10:43,150 [INFO] CodeEngine:279 - Generated code: C:\Users\LEGION\Documents\College\Skripsi\EKF-SOC-Hardware\Firmware\Battery_Monitor_Firmware\Core\Src\usart.c
2025-06-15 18:10:43,157 [INFO] CodeEngine:255 - oldGeneratedFile, C:\Users\LEGION\Documents\College\Skripsi\EKF-SOC-Hardware\Firmware\Battery_Monitor_Firmware\Core\Inc\usart.h_save
2025-06-15 18:10:43,259 [INFO] CodeEngine:279 - Generated code: C:\Users\LEGION\Documents\College\Skripsi\EKF-SOC-Hardware\Firmware\Battery_Monitor_Firmware\Core\Inc\usart.h
2025-06-15 18:10:43,273 [INFO] Middleware:1439 - No code input for Bsp Dependency
2025-06-15 18:10:43,310 [INFO] CodeEngine:255 - oldGeneratedFile, C:\Users\LEGION\Documents\College\Skripsi\EKF-SOC-Hardware\Firmware\Battery_Monitor_Firmware\USB_DEVICE\App\usb_device.c_save
2025-06-15 18:10:43,434 [INFO] CodeEngine:279 - Generated code: C:\Users\LEGION\Documents\College\Skripsi\EKF-SOC-Hardware\Firmware\Battery_Monitor_Firmware\USB_DEVICE\App\usb_device.c
2025-06-15 18:10:43,454 [INFO] CodeEngine:255 - oldGeneratedFile, C:\Users\LEGION\Documents\College\Skripsi\EKF-SOC-Hardware\Firmware\Battery_Monitor_Firmware\USB_DEVICE\App\usb_device.h_save
2025-06-15 18:10:43,576 [INFO] CodeEngine:279 - Generated code: C:\Users\LEGION\Documents\College\Skripsi\EKF-SOC-Hardware\Firmware\Battery_Monitor_Firmware\USB_DEVICE\App\usb_device.h
2025-06-15 18:10:43,603 [INFO] CodeEngine:255 - oldGeneratedFile, C:\Users\LEGION\Documents\College\Skripsi\EKF-SOC-Hardware\Firmware\Battery_Monitor_Firmware\USB_DEVICE\Target\usbd_conf.h_save
2025-06-15 18:10:43,732 [INFO] CodeEngine:279 - Generated code: C:\Users\LEGION\Documents\College\Skripsi\EKF-SOC-Hardware\Firmware\Battery_Monitor_Firmware\USB_DEVICE\Target\usbd_conf.h
2025-06-15 18:10:43,793 [INFO] CodeEngine:255 - oldGeneratedFile, C:\Users\LEGION\Documents\College\Skripsi\EKF-SOC-Hardware\Firmware\Battery_Monitor_Firmware\USB_DEVICE\Target\usbd_conf.c_save
2025-06-15 18:10:43,922 [INFO] CodeEngine:279 - Generated code: C:\Users\LEGION\Documents\College\Skripsi\EKF-SOC-Hardware\Firmware\Battery_Monitor_Firmware\USB_DEVICE\Target\usbd_conf.c
2025-06-15 18:10:43,959 [INFO] CodeEngine:255 - oldGeneratedFile, C:\Users\LEGION\Documents\College\Skripsi\EKF-SOC-Hardware\Firmware\Battery_Monitor_Firmware\USB_DEVICE\App\usbd_desc.h_save
2025-06-15 18:10:44,076 [INFO] CodeEngine:279 - Generated code: C:\Users\LEGION\Documents\College\Skripsi\EKF-SOC-Hardware\Firmware\Battery_Monitor_Firmware\USB_DEVICE\App\usbd_desc.h
2025-06-15 18:10:44,109 [INFO] CodeEngine:255 - oldGeneratedFile, C:\Users\LEGION\Documents\College\Skripsi\EKF-SOC-Hardware\Firmware\Battery_Monitor_Firmware\USB_DEVICE\App\usbd_desc.c_save
2025-06-15 18:10:44,255 [INFO] CodeEngine:279 - Generated code: C:\Users\LEGION\Documents\College\Skripsi\EKF-SOC-Hardware\Firmware\Battery_Monitor_Firmware\USB_DEVICE\App\usbd_desc.c
2025-06-15 18:10:44,283 [INFO] CodeEngine:255 - oldGeneratedFile, C:\Users\LEGION\Documents\College\Skripsi\EKF-SOC-Hardware\Firmware\Battery_Monitor_Firmware\USB_DEVICE\App\usbd_cdc_if.h_save
2025-06-15 18:10:44,376 [INFO] CodeEngine:279 - Generated code: C:\Users\LEGION\Documents\College\Skripsi\EKF-SOC-Hardware\Firmware\Battery_Monitor_Firmware\USB_DEVICE\App\usbd_cdc_if.h
2025-06-15 18:10:44,407 [INFO] CodeEngine:255 - oldGeneratedFile, C:\Users\LEGION\Documents\College\Skripsi\EKF-SOC-Hardware\Firmware\Battery_Monitor_Firmware\USB_DEVICE\App\usbd_cdc_if.c_save
2025-06-15 18:10:44,549 [INFO] CodeEngine:279 - Generated code: C:\Users\LEGION\Documents\College\Skripsi\EKF-SOC-Hardware\Firmware\Battery_Monitor_Firmware\USB_DEVICE\App\usbd_cdc_if.c
2025-06-15 18:10:44,600 [INFO] CodeEngine:255 - oldGeneratedFile, C:\Users\LEGION\Documents\College\Skripsi\EKF-SOC-Hardware\Firmware\Battery_Monitor_Firmware\Core\Src\stm32f4xx_it.c_save
2025-06-15 18:10:44,745 [INFO] CodeEngine:279 - Generated code: C:\Users\LEGION\Documents\College\Skripsi\EKF-SOC-Hardware\Firmware\Battery_Monitor_Firmware\Core\Src\stm32f4xx_it.c
2025-06-15 18:10:44,769 [INFO] CodeEngine:255 - oldGeneratedFile, C:\Users\LEGION\Documents\College\Skripsi\EKF-SOC-Hardware\Firmware\Battery_Monitor_Firmware\Core\Inc\stm32f4xx_it.h_save
2025-06-15 18:10:44,863 [INFO] CodeEngine:279 - Generated code: C:\Users\LEGION\Documents\College\Skripsi\EKF-SOC-Hardware\Firmware\Battery_Monitor_Firmware\Core\Inc\stm32f4xx_it.h
2025-06-15 18:10:44,903 [INFO] CodeEngine:255 - oldGeneratedFile, C:\Users\LEGION\Documents\College\Skripsi\EKF-SOC-Hardware\Firmware\Battery_Monitor_Firmware\Core\Src\stm32f4xx_hal_msp.c_save
2025-06-15 18:10:45,019 [INFO] CodeEngine:279 - Generated code: C:\Users\LEGION\Documents\College\Skripsi\EKF-SOC-Hardware\Firmware\Battery_Monitor_Firmware\Core\Src\stm32f4xx_hal_msp.c
2025-06-15 18:10:45,027 [INFO] CodeEngine:255 - oldGeneratedFile, C:\Users\LEGION\Documents\College\Skripsi\EKF-SOC-Hardware\Firmware\Battery_Monitor_Firmware\MXTmpFiles\system.tmp_save
2025-06-15 18:10:45,110 [INFO] CodeEngine:279 - Generated code: C:\Users\LEGION\Documents\College\Skripsi\EKF-SOC-Hardware\Firmware\Battery_Monitor_Firmware\MXTmpFiles\system.tmp
2025-06-15 18:10:45,146 [INFO] CodeEngine:311 - oldGeneratedFile, C:\Users\LEGION\Documents\College\Skripsi\EKF-SOC-Hardware\Firmware\Battery_Monitor_Firmware\Core\Inc\stm32f4xx_hal_conf.h_save
2025-06-15 18:10:45,264 [INFO] CodeEngine:335 - Generated code: C:\Users\LEGION\Documents\College\Skripsi\EKF-SOC-Hardware\Firmware\Battery_Monitor_Firmware\Core\Inc\stm32f4xx_hal_conf.h
2025-06-15 18:10:45,345 [INFO] CodeEngine:255 - oldGeneratedFile, C:\Users\LEGION\Documents\College\Skripsi\EKF-SOC-Hardware\Firmware\Battery_Monitor_Firmware\Core\Inc\main.h_save
2025-06-15 18:10:45,537 [INFO] CodeEngine:279 - Generated code: C:\Users\LEGION\Documents\College\Skripsi\EKF-SOC-Hardware\Firmware\Battery_Monitor_Firmware\Core\Inc\main.h
2025-06-15 18:10:45,576 [INFO] CodeEngine:255 - oldGeneratedFile, C:\Users\LEGION\Documents\College\Skripsi\EKF-SOC-Hardware\Firmware\Battery_Monitor_Firmware\Core\Src\main.c_save
2025-06-15 18:10:45,737 [INFO] CodeEngine:279 - Generated code: C:\Users\LEGION\Documents\College\Skripsi\EKF-SOC-Hardware\Firmware\Battery_Monitor_Firmware\Core\Src\main.c
2025-06-15 18:10:46,534 [INFO] ProjectBuilder:2996 - Time for Copy HAL[1] : 234mS.
2025-06-15 18:10:46,538 [INFO] ProjectBuilder:3630 - CMSIS Pack : NimaLTD.I-CUBE-EE.3.2.2 is no more used, delete every component (files)
2025-06-15 18:10:46,538 [ERROR] ProjectBuilder:941 - Cannot remove CMSIS API Files : 
2025-06-15 18:10:46,559 [INFO] ProjectBuilder:4304 - Project Generator version: 3.19.2
2025-06-15 18:10:46,863 [INFO] ConfigFileManager:1483 - The Die is : DIE431
2025-06-15 18:10:46,882 [INFO] ApiDbMcu:507 - Load IP Config File for FATFS
2025-06-15 18:10:46,899 [INFO] ApiDbMcu:507 - Load IP Config File for FREERTOS
2025-06-15 18:10:46,921 [INFO] ApiDbMcu:507 - Load IP Config File for LIBJPEG
2025-06-15 18:10:46,945 [INFO] ApiDbMcu:507 - Load IP Config File for MBEDTLS
2025-06-15 18:10:46,965 [INFO] ApiDbMcu:507 - Load IP Config File for USB_HOST
2025-06-15 18:10:48,212 [INFO] LogOutputStream:77 - [STDOUT_REDIRECT] 
2025-06-15 18:10:49,994 [INFO] ProjectBuilder:4505 - Time for Generating toolchain IDE Files: 3440mS.
2025-06-15 18:10:49,995 [INFO] ProjectBuilder:2867 - Time for Copy CMSIS : 1mS.
2025-06-15 18:10:50,004 [INFO] ProjectBuilder:2867 - Time for Copy CMSIS : 0mS.
2025-06-15 18:11:07,415 [INFO] UtilMem:75 - End SaveConfig() Used Memory: 812535992 Bytes (1060110336)
2025-06-15 18:11:08,819 [INFO] UtilMem:75 - End SaveConfig() Used Memory: 834206720 Bytes (1060110336)
2025-06-15 18:11:10,853 [INFO] UtilMem:75 - End SaveConfig() Used Memory: 762666200 Bytes (1060110336)
2025-06-15 18:11:11,137 [INFO] BlockDiagram:2759 - set Specific Code input for plugin: USB_OTG_FS
2025-06-15 18:11:11,137 [INFO] BlockDiagram:2759 - set Specific Code input for plugin: NVIC
2025-06-15 18:11:11,138 [INFO] BlockDiagram:2759 - set Specific Code input for plugin: USART
2025-06-15 18:11:11,138 [INFO] BlockDiagram:2759 - set Specific Code input for plugin: USB_DEVICE
2025-06-15 18:11:11,138 [INFO] BlockDiagram:2759 - set Specific Code input for plugin: SYS
2025-06-15 18:11:11,138 [INFO] BlockDiagram:2759 - set Specific Code input for plugin: GPIO
2025-06-15 18:11:11,138 [INFO] BlockDiagram:2759 - set Specific Code input for plugin: RCC
2025-06-15 18:11:11,138 [INFO] BlockDiagram:2759 - set Specific Code input for plugin: I2C
2025-06-15 18:11:11,139 [INFO] CodeGenerator:793 - code generatio: config db path: C:\ST\STM32CubeIDE_1.12.1\STM32CubeIDE\plugins\com.st.stm32cube.common.mx_6.8.1.202304191431\\db\
2025-06-15 18:11:11,142 [WARN] IP:2113 - I2C_Coeff_DF not found: check if there is a RefParameter without a condition.
2025-06-15 18:11:11,142 [WARN] IP:2113 - Analog_Filter not found: check if there is a RefParameter without a condition.
2025-06-15 18:11:11,155 [WARN] IP:2113 - DEVICE_SERIAL0_CDC_FS not found: check if there is a RefParameter without a condition.
2025-06-15 18:11:11,155 [WARN] IP:2113 - DEVICE_SERIAL1_CDC_FS not found: check if there is a RefParameter without a condition.
2025-06-15 18:11:11,155 [WARN] IP:2113 - DEVICE_SERIAL2_CDC_FS not found: check if there is a RefParameter without a condition.
2025-06-15 18:11:11,307 [INFO] CodeEngine:255 - oldGeneratedFile, C:\Users\LEGION\Documents\College\Skripsi\EKF-SOC-Hardware\Firmware\Battery_Monitor_Firmware\MXTmpFiles\license.tmp_save
2025-06-15 18:11:11,403 [INFO] CodeEngine:279 - Generated code: C:\Users\LEGION\Documents\College\Skripsi\EKF-SOC-Hardware\Firmware\Battery_Monitor_Firmware\MXTmpFiles\license.tmp
2025-06-15 18:11:11,467 [INFO] CodeEngine:255 - oldGeneratedFile, C:\Users\LEGION\Documents\College\Skripsi\EKF-SOC-Hardware\Firmware\Battery_Monitor_Firmware\Core\Src\gpio.c_save
2025-06-15 18:11:11,559 [INFO] CodeEngine:279 - Generated code: C:\Users\LEGION\Documents\College\Skripsi\EKF-SOC-Hardware\Firmware\Battery_Monitor_Firmware\Core\Src\gpio.c
2025-06-15 18:11:11,567 [INFO] CodeEngine:255 - oldGeneratedFile, C:\Users\LEGION\Documents\College\Skripsi\EKF-SOC-Hardware\Firmware\Battery_Monitor_Firmware\Core\Inc\gpio.h_save
2025-06-15 18:11:11,637 [INFO] CodeEngine:279 - Generated code: C:\Users\LEGION\Documents\College\Skripsi\EKF-SOC-Hardware\Firmware\Battery_Monitor_Firmware\Core\Inc\gpio.h
2025-06-15 18:11:11,687 [WARN] IPConfigManager:2937 - Warning: the RefConfig PWREx_EnableUSBVoltageDetector is not available in your config.xml file
2025-06-15 18:11:11,700 [INFO] CodeEngine:255 - oldGeneratedFile, C:\Users\LEGION\Documents\College\Skripsi\EKF-SOC-Hardware\Firmware\Battery_Monitor_Firmware\MXTmpFiles\usb_otg_fs_vars.tmp_save
2025-06-15 18:11:11,785 [INFO] CodeEngine:279 - Generated code: C:\Users\LEGION\Documents\College\Skripsi\EKF-SOC-Hardware\Firmware\Battery_Monitor_Firmware\MXTmpFiles\usb_otg_fs_vars.tmp
2025-06-15 18:11:11,790 [INFO] CodeEngine:255 - oldGeneratedFile, C:\Users\LEGION\Documents\College\Skripsi\EKF-SOC-Hardware\Firmware\Battery_Monitor_Firmware\MXTmpFiles\usb_otg_fs_inc.tmp_save
2025-06-15 18:11:11,858 [INFO] CodeEngine:279 - Generated code: C:\Users\LEGION\Documents\College\Skripsi\EKF-SOC-Hardware\Firmware\Battery_Monitor_Firmware\MXTmpFiles\usb_otg_fs_inc.tmp
2025-06-15 18:11:11,862 [INFO] CodeEngine:255 - oldGeneratedFile, C:\Users\LEGION\Documents\College\Skripsi\EKF-SOC-Hardware\Firmware\Battery_Monitor_Firmware\MXTmpFiles\usb_otg_fs_HalInit.tmp_save
2025-06-15 18:11:11,951 [INFO] CodeEngine:279 - Generated code: C:\Users\LEGION\Documents\College\Skripsi\EKF-SOC-Hardware\Firmware\Battery_Monitor_Firmware\MXTmpFiles\usb_otg_fs_HalInit.tmp
2025-06-15 18:11:11,955 [INFO] CodeEngine:255 - oldGeneratedFile, C:\Users\LEGION\Documents\College\Skripsi\EKF-SOC-Hardware\Firmware\Battery_Monitor_Firmware\MXTmpFiles\usb_otg_fs_Msp.tmp_save
2025-06-15 18:11:12,042 [INFO] CodeEngine:279 - Generated code: C:\Users\LEGION\Documents\College\Skripsi\EKF-SOC-Hardware\Firmware\Battery_Monitor_Firmware\MXTmpFiles\usb_otg_fs_Msp.tmp
2025-06-15 18:11:12,142 [INFO] Middleware:1439 - No code input for Bsp Dependency
2025-06-15 18:11:12,167 [INFO] CodeEngine:255 - oldGeneratedFile, C:\Users\LEGION\Documents\College\Skripsi\EKF-SOC-Hardware\Firmware\Battery_Monitor_Firmware\Core\Src\i2c.c_save
2025-06-15 18:11:12,257 [INFO] CodeEngine:279 - Generated code: C:\Users\LEGION\Documents\College\Skripsi\EKF-SOC-Hardware\Firmware\Battery_Monitor_Firmware\Core\Src\i2c.c
2025-06-15 18:11:12,264 [INFO] CodeEngine:255 - oldGeneratedFile, C:\Users\LEGION\Documents\College\Skripsi\EKF-SOC-Hardware\Firmware\Battery_Monitor_Firmware\Core\Inc\i2c.h_save
2025-06-15 18:11:12,345 [INFO] CodeEngine:279 - Generated code: C:\Users\LEGION\Documents\College\Skripsi\EKF-SOC-Hardware\Firmware\Battery_Monitor_Firmware\Core\Inc\i2c.h
2025-06-15 18:11:12,367 [INFO] CodeEngine:255 - oldGeneratedFile, C:\Users\LEGION\Documents\College\Skripsi\EKF-SOC-Hardware\Firmware\Battery_Monitor_Firmware\Core\Src\usart.c_save
2025-06-15 18:11:12,457 [INFO] CodeEngine:279 - Generated code: C:\Users\LEGION\Documents\College\Skripsi\EKF-SOC-Hardware\Firmware\Battery_Monitor_Firmware\Core\Src\usart.c
2025-06-15 18:11:12,464 [INFO] CodeEngine:255 - oldGeneratedFile, C:\Users\LEGION\Documents\College\Skripsi\EKF-SOC-Hardware\Firmware\Battery_Monitor_Firmware\Core\Inc\usart.h_save
2025-06-15 18:11:12,532 [INFO] CodeEngine:279 - Generated code: C:\Users\LEGION\Documents\College\Skripsi\EKF-SOC-Hardware\Firmware\Battery_Monitor_Firmware\Core\Inc\usart.h
2025-06-15 18:11:12,545 [INFO] Middleware:1439 - No code input for Bsp Dependency
2025-06-15 18:11:12,566 [INFO] CodeEngine:255 - oldGeneratedFile, C:\Users\LEGION\Documents\College\Skripsi\EKF-SOC-Hardware\Firmware\Battery_Monitor_Firmware\USB_DEVICE\App\usb_device.c_save
2025-06-15 18:11:12,639 [INFO] CodeEngine:279 - Generated code: C:\Users\LEGION\Documents\College\Skripsi\EKF-SOC-Hardware\Firmware\Battery_Monitor_Firmware\USB_DEVICE\App\usb_device.c
2025-06-15 18:11:12,645 [INFO] CodeEngine:255 - oldGeneratedFile, C:\Users\LEGION\Documents\College\Skripsi\EKF-SOC-Hardware\Firmware\Battery_Monitor_Firmware\USB_DEVICE\App\usb_device.h_save
2025-06-15 18:11:12,712 [INFO] CodeEngine:279 - Generated code: C:\Users\LEGION\Documents\College\Skripsi\EKF-SOC-Hardware\Firmware\Battery_Monitor_Firmware\USB_DEVICE\App\usb_device.h
2025-06-15 18:11:12,720 [INFO] CodeEngine:255 - oldGeneratedFile, C:\Users\LEGION\Documents\College\Skripsi\EKF-SOC-Hardware\Firmware\Battery_Monitor_Firmware\USB_DEVICE\Target\usbd_conf.h_save
2025-06-15 18:11:12,788 [INFO] CodeEngine:279 - Generated code: C:\Users\LEGION\Documents\College\Skripsi\EKF-SOC-Hardware\Firmware\Battery_Monitor_Firmware\USB_DEVICE\Target\usbd_conf.h
2025-06-15 18:11:12,806 [INFO] CodeEngine:255 - oldGeneratedFile, C:\Users\LEGION\Documents\College\Skripsi\EKF-SOC-Hardware\Firmware\Battery_Monitor_Firmware\USB_DEVICE\Target\usbd_conf.c_save
2025-06-15 18:11:12,911 [INFO] CodeEngine:279 - Generated code: C:\Users\LEGION\Documents\College\Skripsi\EKF-SOC-Hardware\Firmware\Battery_Monitor_Firmware\USB_DEVICE\Target\usbd_conf.c
2025-06-15 18:11:12,918 [INFO] CodeEngine:255 - oldGeneratedFile, C:\Users\LEGION\Documents\College\Skripsi\EKF-SOC-Hardware\Firmware\Battery_Monitor_Firmware\USB_DEVICE\App\usbd_desc.h_save
2025-06-15 18:11:12,983 [INFO] CodeEngine:279 - Generated code: C:\Users\LEGION\Documents\College\Skripsi\EKF-SOC-Hardware\Firmware\Battery_Monitor_Firmware\USB_DEVICE\App\usbd_desc.h
2025-06-15 18:11:13,002 [INFO] CodeEngine:255 - oldGeneratedFile, C:\Users\LEGION\Documents\College\Skripsi\EKF-SOC-Hardware\Firmware\Battery_Monitor_Firmware\USB_DEVICE\App\usbd_desc.c_save
2025-06-15 18:11:13,109 [INFO] CodeEngine:279 - Generated code: C:\Users\LEGION\Documents\College\Skripsi\EKF-SOC-Hardware\Firmware\Battery_Monitor_Firmware\USB_DEVICE\App\usbd_desc.c
2025-06-15 18:11:13,117 [INFO] CodeEngine:255 - oldGeneratedFile, C:\Users\LEGION\Documents\College\Skripsi\EKF-SOC-Hardware\Firmware\Battery_Monitor_Firmware\USB_DEVICE\App\usbd_cdc_if.h_save
2025-06-15 18:11:13,191 [INFO] CodeEngine:279 - Generated code: C:\Users\LEGION\Documents\College\Skripsi\EKF-SOC-Hardware\Firmware\Battery_Monitor_Firmware\USB_DEVICE\App\usbd_cdc_if.h
2025-06-15 18:11:13,209 [INFO] CodeEngine:255 - oldGeneratedFile, C:\Users\LEGION\Documents\College\Skripsi\EKF-SOC-Hardware\Firmware\Battery_Monitor_Firmware\USB_DEVICE\App\usbd_cdc_if.c_save
2025-06-15 18:11:13,334 [INFO] CodeEngine:279 - Generated code: C:\Users\LEGION\Documents\College\Skripsi\EKF-SOC-Hardware\Firmware\Battery_Monitor_Firmware\USB_DEVICE\App\usbd_cdc_if.c
2025-06-15 18:11:13,371 [INFO] CodeEngine:255 - oldGeneratedFile, C:\Users\LEGION\Documents\College\Skripsi\EKF-SOC-Hardware\Firmware\Battery_Monitor_Firmware\Core\Src\stm32f4xx_it.c_save
2025-06-15 18:11:13,445 [INFO] CodeEngine:279 - Generated code: C:\Users\LEGION\Documents\College\Skripsi\EKF-SOC-Hardware\Firmware\Battery_Monitor_Firmware\Core\Src\stm32f4xx_it.c
2025-06-15 18:11:13,463 [INFO] CodeEngine:255 - oldGeneratedFile, C:\Users\LEGION\Documents\College\Skripsi\EKF-SOC-Hardware\Firmware\Battery_Monitor_Firmware\Core\Inc\stm32f4xx_it.h_save
2025-06-15 18:11:13,556 [INFO] CodeEngine:279 - Generated code: C:\Users\LEGION\Documents\College\Skripsi\EKF-SOC-Hardware\Firmware\Battery_Monitor_Firmware\Core\Inc\stm32f4xx_it.h
2025-06-15 18:11:13,583 [INFO] CodeEngine:255 - oldGeneratedFile, C:\Users\LEGION\Documents\College\Skripsi\EKF-SOC-Hardware\Firmware\Battery_Monitor_Firmware\Core\Src\stm32f4xx_hal_msp.c_save
2025-06-15 18:11:13,666 [INFO] CodeEngine:279 - Generated code: C:\Users\LEGION\Documents\College\Skripsi\EKF-SOC-Hardware\Firmware\Battery_Monitor_Firmware\Core\Src\stm32f4xx_hal_msp.c
2025-06-15 18:11:13,671 [INFO] CodeEngine:255 - oldGeneratedFile, C:\Users\LEGION\Documents\College\Skripsi\EKF-SOC-Hardware\Firmware\Battery_Monitor_Firmware\MXTmpFiles\system.tmp_save
2025-06-15 18:11:13,729 [INFO] CodeEngine:279 - Generated code: C:\Users\LEGION\Documents\College\Skripsi\EKF-SOC-Hardware\Firmware\Battery_Monitor_Firmware\MXTmpFiles\system.tmp
2025-06-15 18:11:13,751 [INFO] CodeEngine:311 - oldGeneratedFile, C:\Users\LEGION\Documents\College\Skripsi\EKF-SOC-Hardware\Firmware\Battery_Monitor_Firmware\Core\Inc\stm32f4xx_hal_conf.h_save
2025-06-15 18:11:13,854 [INFO] CodeEngine:335 - Generated code: C:\Users\LEGION\Documents\College\Skripsi\EKF-SOC-Hardware\Firmware\Battery_Monitor_Firmware\Core\Inc\stm32f4xx_hal_conf.h
2025-06-15 18:11:13,902 [INFO] CodeEngine:255 - oldGeneratedFile, C:\Users\LEGION\Documents\College\Skripsi\EKF-SOC-Hardware\Firmware\Battery_Monitor_Firmware\Core\Inc\main.h_save
2025-06-15 18:11:13,998 [INFO] CodeEngine:279 - Generated code: C:\Users\LEGION\Documents\College\Skripsi\EKF-SOC-Hardware\Firmware\Battery_Monitor_Firmware\Core\Inc\main.h
2025-06-15 18:11:14,018 [INFO] CodeEngine:255 - oldGeneratedFile, C:\Users\LEGION\Documents\College\Skripsi\EKF-SOC-Hardware\Firmware\Battery_Monitor_Firmware\Core\Src\main.c_save
2025-06-15 18:11:14,117 [INFO] CodeEngine:279 - Generated code: C:\Users\LEGION\Documents\College\Skripsi\EKF-SOC-Hardware\Firmware\Battery_Monitor_Firmware\Core\Src\main.c
2025-06-15 18:11:14,867 [INFO] ProjectBuilder:2996 - Time for Copy HAL[1] : 302mS.
2025-06-15 18:11:14,876 [INFO] ProjectBuilder:4304 - Project Generator version: 3.19.2
2025-06-15 18:11:15,182 [INFO] ConfigFileManager:1483 - The Die is : DIE431
2025-06-15 18:11:16,591 [INFO] ProjectBuilder:4505 - Time for Generating toolchain IDE Files: 1716mS.
2025-06-15 18:11:16,592 [INFO] ProjectBuilder:2867 - Time for Copy CMSIS : 1mS.
2025-06-15 18:11:16,602 [INFO] ProjectBuilder:2867 - Time for Copy CMSIS : 0mS.
