2025-06-14 00:00:29,304 [ERROR] LogOutputStream:75 - [STDERR_REDIRECT] Exception in thread "AWT-EventQueue-0" java.lang.ClassCastException: class sun.awt.windows.WEmbeddedFrame cannot be cast to class javax.swing.JFrame (sun.awt.windows.WEmbeddedFrame and javax.swing.JFrame are in module java.desktop of loader 'bootstrap')
2025-06-14 00:00:29,321 [ERROR] LogOutputStream:75 - [STDERR_REDIRECT] 	at com.st.microxplorer.plugins.clock.ClockConfigurationView.activatePlugin(ClockConfigurationView.java:425)
2025-06-14 00:00:29,322 [ERROR] LogOutputStream:75 - [STDERR_REDIRECT] 	at com.st.microxplorer.maingui.MainPanel$1.stateChanged(MainPanel.java:358)
2025-06-14 00:00:29,322 [ERROR] LogOutputStream:75 - [STDERR_REDIRECT] 	at java.desktop/javax.swing.JTabbedPane.fireStateChanged(JTabbedPane.java:418)
2025-06-14 00:00:29,323 [ERROR] LogOutputStream:75 - [STDERR_REDIRECT] 	at java.desktop/javax.swing.JTabbedPane$ModelListener.stateChanged(JTabbedPane.java:269)
2025-06-14 00:00:29,324 [ERROR] LogOutputStream:75 - [STDERR_REDIRECT] 	at java.desktop/javax.swing.DefaultSingleSelectionModel.fireStateChanged(DefaultSingleSelectionModel.java:143)
2025-06-14 00:00:29,325 [ERROR] LogOutputStream:75 - [STDERR_REDIRECT] 	at java.desktop/javax.swing.DefaultSingleSelectionModel.setSelectedIndex(DefaultSingleSelectionModel.java:74)
2025-06-14 00:00:29,326 [ERROR] LogOutputStream:75 - [STDERR_REDIRECT] 	at java.desktop/javax.swing.JTabbedPane.setSelectedIndexImpl(JTabbedPane.java:622)
2025-06-14 00:00:29,327 [ERROR] LogOutputStream:75 - [STDERR_REDIRECT] 	at java.desktop/javax.swing.JTabbedPane.setSelectedIndex(JTabbedPane.java:597)
2025-06-14 00:00:29,327 [ERROR] LogOutputStream:75 - [STDERR_REDIRECT] 	at java.desktop/javax.swing.plaf.basic.BasicTabbedPaneUI$Handler.mousePressed(BasicTabbedPaneUI.java:4090)
2025-06-14 00:00:29,328 [ERROR] LogOutputStream:75 - [STDERR_REDIRECT] 	at java.desktop/java.awt.Component.processMouseEvent(Component.java:6632)
2025-06-14 00:00:29,329 [ERROR] LogOutputStream:75 - [STDERR_REDIRECT] 	at java.desktop/javax.swing.JComponent.processMouseEvent(JComponent.java:3342)
2025-06-14 00:00:29,329 [ERROR] LogOutputStream:75 - [STDERR_REDIRECT] 	at java.desktop/java.awt.Component.processEvent(Component.java:6400)
2025-06-14 00:00:29,330 [ERROR] LogOutputStream:75 - [STDERR_REDIRECT] 	at java.desktop/java.awt.Container.processEvent(Container.java:2263)
2025-06-14 00:00:29,331 [ERROR] LogOutputStream:75 - [STDERR_REDIRECT] 	at java.desktop/java.awt.Component.dispatchEventImpl(Component.java:5011)
2025-06-14 00:00:29,331 [ERROR] LogOutputStream:75 - [STDERR_REDIRECT] 	at java.desktop/java.awt.Container.dispatchEventImpl(Container.java:2321)
2025-06-14 00:00:29,332 [ERROR] LogOutputStream:75 - [STDERR_REDIRECT] 	at java.desktop/java.awt.Component.dispatchEvent(Component.java:4843)
2025-06-14 00:00:29,333 [ERROR] LogOutputStream:75 - [STDERR_REDIRECT] 	at java.desktop/java.awt.LightweightDispatcher.retargetMouseEvent(Container.java:4918)
2025-06-14 00:00:29,334 [ERROR] LogOutputStream:75 - [STDERR_REDIRECT] 	at java.desktop/java.awt.LightweightDispatcher.processMouseEvent(Container.java:4544)
2025-06-14 00:00:29,334 [ERROR] LogOutputStream:75 - [STDERR_REDIRECT] 	at java.desktop/java.awt.LightweightDispatcher.dispatchEvent(Container.java:4488)
2025-06-14 00:00:29,335 [ERROR] LogOutputStream:75 - [STDERR_REDIRECT] 	at java.desktop/java.awt.Container.dispatchEventImpl(Container.java:2307)
2025-06-14 00:00:29,336 [ERROR] LogOutputStream:75 - [STDERR_REDIRECT] 	at java.desktop/java.awt.Component.dispatchEvent(Component.java:4843)
2025-06-14 00:00:29,336 [ERROR] LogOutputStream:75 - [STDERR_REDIRECT] 	at java.desktop/java.awt.EventQueue.dispatchEventImpl(EventQueue.java:772)
2025-06-14 00:00:29,337 [ERROR] LogOutputStream:75 - [STDERR_REDIRECT] 	at java.desktop/java.awt.EventQueue$4.run(EventQueue.java:721)
2025-06-14 00:00:29,337 [ERROR] LogOutputStream:75 - [STDERR_REDIRECT] 	at java.desktop/java.awt.EventQueue$4.run(EventQueue.java:715)
2025-06-14 00:00:29,338 [ERROR] LogOutputStream:75 - [STDERR_REDIRECT] 	at java.base/java.security.AccessController.doPrivileged(Native Method)
2025-06-14 00:00:29,339 [ERROR] LogOutputStream:75 - [STDERR_REDIRECT] 	at java.base/java.security.ProtectionDomain$JavaSecurityAccessImpl.doIntersectionPrivilege(ProtectionDomain.java:85)
2025-06-14 00:00:29,340 [ERROR] LogOutputStream:75 - [STDERR_REDIRECT] 	at java.base/java.security.ProtectionDomain$JavaSecurityAccessImpl.doIntersectionPrivilege(ProtectionDomain.java:95)
2025-06-14 00:00:29,341 [ERROR] LogOutputStream:75 - [STDERR_REDIRECT] 	at java.desktop/java.awt.EventQueue$5.run(EventQueue.java:745)
2025-06-14 00:00:29,341 [ERROR] LogOutputStream:75 - [STDERR_REDIRECT] 	at java.desktop/java.awt.EventQueue$5.run(EventQueue.java:743)
2025-06-14 00:00:29,342 [ERROR] LogOutputStream:75 - [STDERR_REDIRECT] 	at java.base/java.security.AccessController.doPrivileged(Native Method)
2025-06-14 00:00:29,343 [ERROR] LogOutputStream:75 - [STDERR_REDIRECT] 	at java.base/java.security.ProtectionDomain$JavaSecurityAccessImpl.doIntersectionPrivilege(ProtectionDomain.java:85)
2025-06-14 00:00:29,344 [ERROR] LogOutputStream:75 - [STDERR_REDIRECT] 	at java.desktop/java.awt.EventQueue.dispatchEvent(EventQueue.java:742)
2025-06-14 00:00:29,344 [ERROR] LogOutputStream:75 - [STDERR_REDIRECT] 	at java.desktop/java.awt.EventDispatchThread.pumpOneEventForFilters(EventDispatchThread.java:203)
2025-06-14 00:00:29,345 [ERROR] LogOutputStream:75 - [STDERR_REDIRECT] 	at java.desktop/java.awt.EventDispatchThread.pumpEventsForFilter(EventDispatchThread.java:124)
2025-06-14 00:00:29,346 [ERROR] LogOutputStream:75 - [STDERR_REDIRECT] 	at java.desktop/java.awt.EventDispatchThread.pumpEventsForHierarchy(EventDispatchThread.java:113)
2025-06-14 00:00:29,347 [ERROR] LogOutputStream:75 - [STDERR_REDIRECT] 	at java.desktop/java.awt.EventDispatchThread.pumpEvents(EventDispatchThread.java:109)
2025-06-14 00:00:29,347 [ERROR] LogOutputStream:75 - [STDERR_REDIRECT] 	at java.desktop/java.awt.EventDispatchThread.pumpEvents(EventDispatchThread.java:101)
2025-06-14 00:00:29,348 [ERROR] LogOutputStream:75 - [STDERR_REDIRECT] 	at java.desktop/java.awt.EventDispatchThread.run(EventDispatchThread.java:90)
2025-06-14 00:00:30,861 [WARN] IP:2113 - DEVICE_SERIAL0_CDC_FS not found: check if there is a RefParameter without a condition.
2025-06-14 00:00:30,861 [WARN] IP:2113 - DEVICE_SERIAL1_CDC_FS not found: check if there is a RefParameter without a condition.
2025-06-14 00:00:30,861 [WARN] IP:2113 - DEVICE_SERIAL2_CDC_FS not found: check if there is a RefParameter without a condition.
2025-06-14 00:00:30,862 [WARN] IP:2113 - DEVICE_SERIAL0_CDC_FS not found: check if there is a RefParameter without a condition.
2025-06-14 00:00:30,862 [WARN] IP:2113 - DEVICE_SERIAL1_CDC_FS not found: check if there is a RefParameter without a condition.
2025-06-14 00:00:30,862 [WARN] IP:2113 - DEVICE_SERIAL2_CDC_FS not found: check if there is a RefParameter without a condition.
2025-06-14 00:00:30,871 [WARN] IP:2113 - I2C_Coeff_DF not found: check if there is a RefParameter without a condition.
2025-06-14 00:00:30,871 [WARN] IP:2113 - Analog_Filter not found: check if there is a RefParameter without a condition.
2025-06-14 00:00:30,871 [WARN] IP:2113 - I2C_Coeff_DF not found: check if there is a RefParameter without a condition.
2025-06-14 00:00:30,871 [WARN] IP:2113 - Analog_Filter not found: check if there is a RefParameter without a condition.
2025-06-14 00:00:30,896 [INFO] Gpio:273 - dependency for GPIO [I2C1, RCC, SYS, USART1, USB_OTG_FS]
2025-06-14 00:00:30,980 [WARN] IP:2113 - DEVICE_SERIAL0_CDC_FS not found: check if there is a RefParameter without a condition.
2025-06-14 00:00:30,980 [WARN] IP:2113 - DEVICE_SERIAL1_CDC_FS not found: check if there is a RefParameter without a condition.
2025-06-14 00:00:30,980 [WARN] IP:2113 - DEVICE_SERIAL2_CDC_FS not found: check if there is a RefParameter without a condition.
2025-06-14 00:00:30,981 [WARN] IP:2113 - DEVICE_SERIAL0_CDC_FS not found: check if there is a RefParameter without a condition.
2025-06-14 00:00:30,981 [WARN] IP:2113 - DEVICE_SERIAL1_CDC_FS not found: check if there is a RefParameter without a condition.
2025-06-14 00:00:30,981 [WARN] IP:2113 - DEVICE_SERIAL2_CDC_FS not found: check if there is a RefParameter without a condition.
2025-06-14 00:00:30,989 [WARN] IP:2113 - I2C_Coeff_DF not found: check if there is a RefParameter without a condition.
2025-06-14 00:00:30,989 [WARN] IP:2113 - Analog_Filter not found: check if there is a RefParameter without a condition.
2025-06-14 00:00:30,989 [WARN] IP:2113 - I2C_Coeff_DF not found: check if there is a RefParameter without a condition.
2025-06-14 00:00:30,989 [WARN] IP:2113 - Analog_Filter not found: check if there is a RefParameter without a condition.
2025-06-14 00:00:31,005 [INFO] Gpio:273 - dependency for GPIO [I2C1, RCC, SYS, USART1, USB_OTG_FS]
2025-06-14 00:00:32,431 [WARN] IP:2113 - DEVICE_SERIAL0_CDC_FS not found: check if there is a RefParameter without a condition.
2025-06-14 00:00:32,431 [WARN] IP:2113 - DEVICE_SERIAL1_CDC_FS not found: check if there is a RefParameter without a condition.
2025-06-14 00:00:32,431 [WARN] IP:2113 - DEVICE_SERIAL2_CDC_FS not found: check if there is a RefParameter without a condition.
2025-06-14 00:00:32,432 [WARN] IP:2113 - DEVICE_SERIAL0_CDC_FS not found: check if there is a RefParameter without a condition.
2025-06-14 00:00:32,432 [WARN] IP:2113 - DEVICE_SERIAL1_CDC_FS not found: check if there is a RefParameter without a condition.
2025-06-14 00:00:32,432 [WARN] IP:2113 - DEVICE_SERIAL2_CDC_FS not found: check if there is a RefParameter without a condition.
2025-06-14 00:00:32,443 [WARN] IP:2113 - I2C_Coeff_DF not found: check if there is a RefParameter without a condition.
2025-06-14 00:00:32,443 [WARN] IP:2113 - Analog_Filter not found: check if there is a RefParameter without a condition.
2025-06-14 00:00:32,443 [WARN] IP:2113 - I2C_Coeff_DF not found: check if there is a RefParameter without a condition.
2025-06-14 00:00:32,443 [WARN] IP:2113 - Analog_Filter not found: check if there is a RefParameter without a condition.
2025-06-14 00:00:32,465 [INFO] Gpio:273 - dependency for GPIO [I2C1, RCC, SYS, USART1, USB_OTG_FS]
2025-06-14 00:00:32,544 [WARN] IP:2113 - DEVICE_SERIAL0_CDC_FS not found: check if there is a RefParameter without a condition.
2025-06-14 00:00:32,544 [WARN] IP:2113 - DEVICE_SERIAL1_CDC_FS not found: check if there is a RefParameter without a condition.
2025-06-14 00:00:32,544 [WARN] IP:2113 - DEVICE_SERIAL2_CDC_FS not found: check if there is a RefParameter without a condition.
2025-06-14 00:00:32,545 [WARN] IP:2113 - DEVICE_SERIAL0_CDC_FS not found: check if there is a RefParameter without a condition.
2025-06-14 00:00:32,545 [WARN] IP:2113 - DEVICE_SERIAL1_CDC_FS not found: check if there is a RefParameter without a condition.
2025-06-14 00:00:32,545 [WARN] IP:2113 - DEVICE_SERIAL2_CDC_FS not found: check if there is a RefParameter without a condition.
2025-06-14 00:00:32,555 [WARN] IP:2113 - I2C_Coeff_DF not found: check if there is a RefParameter without a condition.
2025-06-14 00:00:32,555 [WARN] IP:2113 - Analog_Filter not found: check if there is a RefParameter without a condition.
2025-06-14 00:00:32,555 [WARN] IP:2113 - I2C_Coeff_DF not found: check if there is a RefParameter without a condition.
2025-06-14 00:00:32,555 [WARN] IP:2113 - Analog_Filter not found: check if there is a RefParameter without a condition.
2025-06-14 00:00:32,566 [INFO] Gpio:273 - dependency for GPIO [I2C1, RCC, SYS, USART1, USB_OTG_FS]
2025-06-14 00:01:04,221 [WARN] IP:2113 - DEVICE_SERIAL0_CDC_FS not found: check if there is a RefParameter without a condition.
2025-06-14 00:01:04,221 [WARN] IP:2113 - DEVICE_SERIAL1_CDC_FS not found: check if there is a RefParameter without a condition.
2025-06-14 00:01:04,221 [WARN] IP:2113 - DEVICE_SERIAL2_CDC_FS not found: check if there is a RefParameter without a condition.
2025-06-14 00:01:04,222 [WARN] IP:2113 - DEVICE_SERIAL0_CDC_FS not found: check if there is a RefParameter without a condition.
2025-06-14 00:01:04,222 [WARN] IP:2113 - DEVICE_SERIAL1_CDC_FS not found: check if there is a RefParameter without a condition.
2025-06-14 00:01:04,222 [WARN] IP:2113 - DEVICE_SERIAL2_CDC_FS not found: check if there is a RefParameter without a condition.
2025-06-14 00:01:04,231 [WARN] IP:2113 - I2C_Coeff_DF not found: check if there is a RefParameter without a condition.
2025-06-14 00:01:04,232 [WARN] IP:2113 - Analog_Filter not found: check if there is a RefParameter without a condition.
2025-06-14 00:01:04,232 [WARN] IP:2113 - I2C_Coeff_DF not found: check if there is a RefParameter without a condition.
2025-06-14 00:01:04,232 [WARN] IP:2113 - Analog_Filter not found: check if there is a RefParameter without a condition.
2025-06-14 00:01:04,237 [INFO] Gpio:273 - dependency for GPIO [I2C1, RCC, SYS, USART1, USB_OTG_FS]
2025-06-14 00:01:27,665 [WARN] IP:2113 - DEVICE_SERIAL0_CDC_FS not found: check if there is a RefParameter without a condition.
2025-06-14 00:01:27,666 [WARN] IP:2113 - DEVICE_SERIAL1_CDC_FS not found: check if there is a RefParameter without a condition.
2025-06-14 00:01:27,666 [WARN] IP:2113 - DEVICE_SERIAL2_CDC_FS not found: check if there is a RefParameter without a condition.
2025-06-14 00:01:27,666 [WARN] IP:2113 - DEVICE_SERIAL0_CDC_FS not found: check if there is a RefParameter without a condition.
2025-06-14 00:01:27,666 [WARN] IP:2113 - DEVICE_SERIAL1_CDC_FS not found: check if there is a RefParameter without a condition.
2025-06-14 00:01:27,666 [WARN] IP:2113 - DEVICE_SERIAL2_CDC_FS not found: check if there is a RefParameter without a condition.
2025-06-14 00:01:27,674 [WARN] IP:2113 - I2C_Coeff_DF not found: check if there is a RefParameter without a condition.
2025-06-14 00:01:27,675 [WARN] IP:2113 - Analog_Filter not found: check if there is a RefParameter without a condition.
2025-06-14 00:01:27,675 [WARN] IP:2113 - I2C_Coeff_DF not found: check if there is a RefParameter without a condition.
2025-06-14 00:01:27,675 [WARN] IP:2113 - Analog_Filter not found: check if there is a RefParameter without a condition.
2025-06-14 00:01:27,686 [INFO] Gpio:273 - dependency for GPIO [I2C1, RCC, SYS, USART1, USB_OTG_FS]
2025-06-14 00:01:27,748 [WARN] IP:2113 - DEVICE_SERIAL0_CDC_FS not found: check if there is a RefParameter without a condition.
2025-06-14 00:01:27,748 [WARN] IP:2113 - DEVICE_SERIAL1_CDC_FS not found: check if there is a RefParameter without a condition.
2025-06-14 00:01:27,748 [WARN] IP:2113 - DEVICE_SERIAL2_CDC_FS not found: check if there is a RefParameter without a condition.
2025-06-14 00:01:27,749 [WARN] IP:2113 - DEVICE_SERIAL0_CDC_FS not found: check if there is a RefParameter without a condition.
2025-06-14 00:01:27,749 [WARN] IP:2113 - DEVICE_SERIAL1_CDC_FS not found: check if there is a RefParameter without a condition.
2025-06-14 00:01:27,749 [WARN] IP:2113 - DEVICE_SERIAL2_CDC_FS not found: check if there is a RefParameter without a condition.
2025-06-14 00:01:27,758 [WARN] IP:2113 - I2C_Coeff_DF not found: check if there is a RefParameter without a condition.
2025-06-14 00:01:27,758 [WARN] IP:2113 - Analog_Filter not found: check if there is a RefParameter without a condition.
2025-06-14 00:01:27,758 [WARN] IP:2113 - I2C_Coeff_DF not found: check if there is a RefParameter without a condition.
2025-06-14 00:01:27,758 [WARN] IP:2113 - Analog_Filter not found: check if there is a RefParameter without a condition.
2025-06-14 00:01:27,776 [INFO] Gpio:273 - dependency for GPIO [I2C1, RCC, SYS, USART1, USB_OTG_FS]
2025-06-14 00:01:30,842 [WARN] IP:2113 - DEVICE_SERIAL0_CDC_FS not found: check if there is a RefParameter without a condition.
2025-06-14 00:01:30,842 [WARN] IP:2113 - DEVICE_SERIAL1_CDC_FS not found: check if there is a RefParameter without a condition.
2025-06-14 00:01:30,842 [WARN] IP:2113 - DEVICE_SERIAL2_CDC_FS not found: check if there is a RefParameter without a condition.
2025-06-14 00:01:30,843 [WARN] IP:2113 - DEVICE_SERIAL0_CDC_FS not found: check if there is a RefParameter without a condition.
2025-06-14 00:01:30,843 [WARN] IP:2113 - DEVICE_SERIAL1_CDC_FS not found: check if there is a RefParameter without a condition.
2025-06-14 00:01:30,843 [WARN] IP:2113 - DEVICE_SERIAL2_CDC_FS not found: check if there is a RefParameter without a condition.
2025-06-14 00:01:30,852 [WARN] IP:2113 - I2C_Coeff_DF not found: check if there is a RefParameter without a condition.
2025-06-14 00:01:30,852 [WARN] IP:2113 - Analog_Filter not found: check if there is a RefParameter without a condition.
2025-06-14 00:01:30,852 [WARN] IP:2113 - I2C_Coeff_DF not found: check if there is a RefParameter without a condition.
2025-06-14 00:01:30,852 [WARN] IP:2113 - Analog_Filter not found: check if there is a RefParameter without a condition.
2025-06-14 00:01:30,873 [INFO] Gpio:273 - dependency for GPIO [I2C1, RCC, SYS, USART1, USB_OTG_FS]
2025-06-14 00:01:30,948 [WARN] IP:2113 - DEVICE_SERIAL0_CDC_FS not found: check if there is a RefParameter without a condition.
2025-06-14 00:01:30,948 [WARN] IP:2113 - DEVICE_SERIAL1_CDC_FS not found: check if there is a RefParameter without a condition.
2025-06-14 00:01:30,948 [WARN] IP:2113 - DEVICE_SERIAL2_CDC_FS not found: check if there is a RefParameter without a condition.
2025-06-14 00:01:30,948 [WARN] IP:2113 - DEVICE_SERIAL0_CDC_FS not found: check if there is a RefParameter without a condition.
2025-06-14 00:01:30,948 [WARN] IP:2113 - DEVICE_SERIAL1_CDC_FS not found: check if there is a RefParameter without a condition.
2025-06-14 00:01:30,948 [WARN] IP:2113 - DEVICE_SERIAL2_CDC_FS not found: check if there is a RefParameter without a condition.
2025-06-14 00:01:30,957 [WARN] IP:2113 - I2C_Coeff_DF not found: check if there is a RefParameter without a condition.
2025-06-14 00:01:30,957 [WARN] IP:2113 - Analog_Filter not found: check if there is a RefParameter without a condition.
2025-06-14 00:01:30,958 [WARN] IP:2113 - I2C_Coeff_DF not found: check if there is a RefParameter without a condition.
2025-06-14 00:01:30,958 [WARN] IP:2113 - Analog_Filter not found: check if there is a RefParameter without a condition.
2025-06-14 00:01:30,968 [INFO] Gpio:273 - dependency for GPIO [I2C1, RCC, SYS, USART1, USB_OTG_FS]
2025-06-14 00:01:32,073 [WARN] IP:2113 - DEVICE_SERIAL0_CDC_FS not found: check if there is a RefParameter without a condition.
2025-06-14 00:01:32,073 [WARN] IP:2113 - DEVICE_SERIAL1_CDC_FS not found: check if there is a RefParameter without a condition.
2025-06-14 00:01:32,073 [WARN] IP:2113 - DEVICE_SERIAL2_CDC_FS not found: check if there is a RefParameter without a condition.
2025-06-14 00:01:32,073 [WARN] IP:2113 - DEVICE_SERIAL0_CDC_FS not found: check if there is a RefParameter without a condition.
2025-06-14 00:01:32,073 [WARN] IP:2113 - DEVICE_SERIAL1_CDC_FS not found: check if there is a RefParameter without a condition.
2025-06-14 00:01:32,073 [WARN] IP:2113 - DEVICE_SERIAL2_CDC_FS not found: check if there is a RefParameter without a condition.
2025-06-14 00:01:32,082 [WARN] IP:2113 - I2C_Coeff_DF not found: check if there is a RefParameter without a condition.
2025-06-14 00:01:32,082 [WARN] IP:2113 - Analog_Filter not found: check if there is a RefParameter without a condition.
2025-06-14 00:01:32,083 [WARN] IP:2113 - I2C_Coeff_DF not found: check if there is a RefParameter without a condition.
2025-06-14 00:01:32,083 [WARN] IP:2113 - Analog_Filter not found: check if there is a RefParameter without a condition.
2025-06-14 00:01:32,103 [INFO] Gpio:273 - dependency for GPIO [I2C1, RCC, SYS, USART1, USB_OTG_FS]
2025-06-14 00:01:32,170 [WARN] IP:2113 - DEVICE_SERIAL0_CDC_FS not found: check if there is a RefParameter without a condition.
2025-06-14 00:01:32,170 [WARN] IP:2113 - DEVICE_SERIAL1_CDC_FS not found: check if there is a RefParameter without a condition.
2025-06-14 00:01:32,170 [WARN] IP:2113 - DEVICE_SERIAL2_CDC_FS not found: check if there is a RefParameter without a condition.
2025-06-14 00:01:32,171 [WARN] IP:2113 - DEVICE_SERIAL0_CDC_FS not found: check if there is a RefParameter without a condition.
2025-06-14 00:01:32,171 [WARN] IP:2113 - DEVICE_SERIAL1_CDC_FS not found: check if there is a RefParameter without a condition.
2025-06-14 00:01:32,171 [WARN] IP:2113 - DEVICE_SERIAL2_CDC_FS not found: check if there is a RefParameter without a condition.
2025-06-14 00:01:32,180 [WARN] IP:2113 - I2C_Coeff_DF not found: check if there is a RefParameter without a condition.
2025-06-14 00:01:32,180 [WARN] IP:2113 - Analog_Filter not found: check if there is a RefParameter without a condition.
2025-06-14 00:01:32,180 [WARN] IP:2113 - I2C_Coeff_DF not found: check if there is a RefParameter without a condition.
2025-06-14 00:01:32,180 [WARN] IP:2113 - Analog_Filter not found: check if there is a RefParameter without a condition.
2025-06-14 00:01:32,198 [INFO] Gpio:273 - dependency for GPIO [I2C1, RCC, SYS, USART1, USB_OTG_FS]
2025-06-14 00:01:49,114 [WARN] IP:2113 - DEVICE_SERIAL0_CDC_FS not found: check if there is a RefParameter without a condition.
2025-06-14 00:01:49,114 [WARN] IP:2113 - DEVICE_SERIAL1_CDC_FS not found: check if there is a RefParameter without a condition.
2025-06-14 00:01:49,114 [WARN] IP:2113 - DEVICE_SERIAL2_CDC_FS not found: check if there is a RefParameter without a condition.
2025-06-14 00:01:49,115 [WARN] IP:2113 - DEVICE_SERIAL0_CDC_FS not found: check if there is a RefParameter without a condition.
2025-06-14 00:01:49,115 [WARN] IP:2113 - DEVICE_SERIAL1_CDC_FS not found: check if there is a RefParameter without a condition.
2025-06-14 00:01:49,115 [WARN] IP:2113 - DEVICE_SERIAL2_CDC_FS not found: check if there is a RefParameter without a condition.
2025-06-14 00:01:49,124 [WARN] IP:2113 - I2C_Coeff_DF not found: check if there is a RefParameter without a condition.
2025-06-14 00:01:49,124 [WARN] IP:2113 - Analog_Filter not found: check if there is a RefParameter without a condition.
2025-06-14 00:01:49,124 [WARN] IP:2113 - I2C_Coeff_DF not found: check if there is a RefParameter without a condition.
2025-06-14 00:01:49,124 [WARN] IP:2113 - Analog_Filter not found: check if there is a RefParameter without a condition.
2025-06-14 00:01:49,134 [INFO] Gpio:273 - dependency for GPIO [I2C1, RCC, SYS, USART1, USB_OTG_FS]
2025-06-14 00:02:18,848 [INFO] UtilMem:75 - End SaveConfig() Used Memory: 889971152 Bytes (1073741824)
2025-06-14 00:02:20,380 [INFO] UtilMem:75 - End SaveConfig() Used Memory: 732775600 Bytes (1073741824)
2025-06-14 00:02:22,710 [INFO] UtilMem:75 - End SaveConfig() Used Memory: 728912736 Bytes (1073741824)
2025-06-14 00:02:23,008 [INFO] BlockDiagram:2759 - set Specific Code input for plugin: USB_OTG_FS
2025-06-14 00:02:23,008 [INFO] BlockDiagram:2759 - set Specific Code input for plugin: NVIC
2025-06-14 00:02:23,008 [INFO] BlockDiagram:2759 - set Specific Code input for plugin: USART
2025-06-14 00:02:23,008 [INFO] BlockDiagram:2759 - set Specific Code input for plugin: USB_DEVICE
2025-06-14 00:02:23,008 [INFO] BlockDiagram:2759 - set Specific Code input for plugin: SYS
2025-06-14 00:02:23,009 [INFO] BlockDiagram:2759 - set Specific Code input for plugin: GPIO
2025-06-14 00:02:23,009 [INFO] BlockDiagram:2759 - set Specific Code input for plugin: RCC
2025-06-14 00:02:23,009 [INFO] BlockDiagram:2759 - set Specific Code input for plugin: I2C
2025-06-14 00:02:23,010 [INFO] CodeGenerator:793 - code generatio: config db path: C:\ST\STM32CubeIDE_1.12.1\STM32CubeIDE\plugins\com.st.stm32cube.common.mx_6.8.1.202304191431\\db\
2025-06-14 00:02:23,013 [WARN] IP:2113 - I2C_Coeff_DF not found: check if there is a RefParameter without a condition.
2025-06-14 00:02:23,013 [WARN] IP:2113 - Analog_Filter not found: check if there is a RefParameter without a condition.
2025-06-14 00:02:23,023 [WARN] IP:2113 - DEVICE_SERIAL0_CDC_FS not found: check if there is a RefParameter without a condition.
2025-06-14 00:02:23,023 [WARN] IP:2113 - DEVICE_SERIAL1_CDC_FS not found: check if there is a RefParameter without a condition.
2025-06-14 00:02:23,023 [WARN] IP:2113 - DEVICE_SERIAL2_CDC_FS not found: check if there is a RefParameter without a condition.
2025-06-14 00:02:23,196 [INFO] CodeEngine:255 - oldGeneratedFile, C:\Users\LEGION\Documents\College\Skripsi\EKF-SOC-Hardware\Firmware\EKF_SOC_Firmware\MXTmpFiles\license.tmp_save
2025-06-14 00:02:23,320 [INFO] CodeEngine:279 - Generated code: C:\Users\LEGION\Documents\College\Skripsi\EKF-SOC-Hardware\Firmware\EKF_SOC_Firmware\MXTmpFiles\license.tmp
2025-06-14 00:02:23,446 [INFO] CodeEngine:255 - oldGeneratedFile, C:\Users\LEGION\Documents\College\Skripsi\EKF-SOC-Hardware\Firmware\EKF_SOC_Firmware\Core\Src\gpio.c_save
2025-06-14 00:02:23,569 [INFO] CodeEngine:279 - Generated code: C:\Users\LEGION\Documents\College\Skripsi\EKF-SOC-Hardware\Firmware\EKF_SOC_Firmware\Core\Src\gpio.c
2025-06-14 00:02:23,579 [INFO] CodeEngine:255 - oldGeneratedFile, C:\Users\LEGION\Documents\College\Skripsi\EKF-SOC-Hardware\Firmware\EKF_SOC_Firmware\Core\Inc\gpio.h_save
2025-06-14 00:02:23,654 [INFO] CodeEngine:279 - Generated code: C:\Users\LEGION\Documents\College\Skripsi\EKF-SOC-Hardware\Firmware\EKF_SOC_Firmware\Core\Inc\gpio.h
2025-06-14 00:02:23,691 [WARN] IPConfigManager:2937 - Warning: the RefConfig PWREx_EnableUSBVoltageDetector is not available in your config.xml file
2025-06-14 00:02:23,708 [INFO] CodeEngine:255 - oldGeneratedFile, C:\Users\LEGION\Documents\College\Skripsi\EKF-SOC-Hardware\Firmware\EKF_SOC_Firmware\MXTmpFiles\usb_otg_fs_vars.tmp_save
2025-06-14 00:02:23,782 [INFO] CodeEngine:279 - Generated code: C:\Users\LEGION\Documents\College\Skripsi\EKF-SOC-Hardware\Firmware\EKF_SOC_Firmware\MXTmpFiles\usb_otg_fs_vars.tmp
2025-06-14 00:02:23,786 [INFO] CodeEngine:255 - oldGeneratedFile, C:\Users\LEGION\Documents\College\Skripsi\EKF-SOC-Hardware\Firmware\EKF_SOC_Firmware\MXTmpFiles\usb_otg_fs_inc.tmp_save
2025-06-14 00:02:23,847 [INFO] CodeEngine:279 - Generated code: C:\Users\LEGION\Documents\College\Skripsi\EKF-SOC-Hardware\Firmware\EKF_SOC_Firmware\MXTmpFiles\usb_otg_fs_inc.tmp
2025-06-14 00:02:23,865 [INFO] CodeEngine:255 - oldGeneratedFile, C:\Users\LEGION\Documents\College\Skripsi\EKF-SOC-Hardware\Firmware\EKF_SOC_Firmware\MXTmpFiles\usb_otg_fs_HalInit.tmp_save
2025-06-14 00:02:23,948 [INFO] CodeEngine:279 - Generated code: C:\Users\LEGION\Documents\College\Skripsi\EKF-SOC-Hardware\Firmware\EKF_SOC_Firmware\MXTmpFiles\usb_otg_fs_HalInit.tmp
2025-06-14 00:02:23,960 [INFO] CodeEngine:255 - oldGeneratedFile, C:\Users\LEGION\Documents\College\Skripsi\EKF-SOC-Hardware\Firmware\EKF_SOC_Firmware\MXTmpFiles\usb_otg_fs_Msp.tmp_save
2025-06-14 00:02:24,043 [INFO] CodeEngine:279 - Generated code: C:\Users\LEGION\Documents\College\Skripsi\EKF-SOC-Hardware\Firmware\EKF_SOC_Firmware\MXTmpFiles\usb_otg_fs_Msp.tmp
2025-06-14 00:02:24,167 [INFO] Middleware:1439 - No code input for Bsp Dependency
2025-06-14 00:02:24,183 [INFO] CodeEngine:255 - oldGeneratedFile, C:\Users\LEGION\Documents\College\Skripsi\EKF-SOC-Hardware\Firmware\EKF_SOC_Firmware\Core\Src\i2c.c_save
2025-06-14 00:02:24,299 [INFO] CodeEngine:279 - Generated code: C:\Users\LEGION\Documents\College\Skripsi\EKF-SOC-Hardware\Firmware\EKF_SOC_Firmware\Core\Src\i2c.c
2025-06-14 00:02:24,310 [INFO] CodeEngine:255 - oldGeneratedFile, C:\Users\LEGION\Documents\College\Skripsi\EKF-SOC-Hardware\Firmware\EKF_SOC_Firmware\Core\Inc\i2c.h_save
2025-06-14 00:02:24,386 [INFO] CodeEngine:279 - Generated code: C:\Users\LEGION\Documents\College\Skripsi\EKF-SOC-Hardware\Firmware\EKF_SOC_Firmware\Core\Inc\i2c.h
2025-06-14 00:02:24,393 [INFO] CodeEngine:255 - oldGeneratedFile, C:\Users\LEGION\Documents\College\Skripsi\EKF-SOC-Hardware\Firmware\EKF_SOC_Firmware\Core\Src\usart.c_save
2025-06-14 00:02:24,489 [INFO] CodeEngine:279 - Generated code: C:\Users\LEGION\Documents\College\Skripsi\EKF-SOC-Hardware\Firmware\EKF_SOC_Firmware\Core\Src\usart.c
2025-06-14 00:02:24,494 [INFO] CodeEngine:255 - oldGeneratedFile, C:\Users\LEGION\Documents\College\Skripsi\EKF-SOC-Hardware\Firmware\EKF_SOC_Firmware\Core\Inc\usart.h_save
2025-06-14 00:02:24,562 [INFO] CodeEngine:279 - Generated code: C:\Users\LEGION\Documents\College\Skripsi\EKF-SOC-Hardware\Firmware\EKF_SOC_Firmware\Core\Inc\usart.h
2025-06-14 00:02:24,571 [INFO] Middleware:1439 - No code input for Bsp Dependency
2025-06-14 00:02:24,585 [INFO] CodeEngine:255 - oldGeneratedFile, C:\Users\LEGION\Documents\College\Skripsi\EKF-SOC-Hardware\Firmware\EKF_SOC_Firmware\USB_DEVICE\App\usb_device.c_save
2025-06-14 00:02:24,667 [INFO] CodeEngine:279 - Generated code: C:\Users\LEGION\Documents\College\Skripsi\EKF-SOC-Hardware\Firmware\EKF_SOC_Firmware\USB_DEVICE\App\usb_device.c
2025-06-14 00:02:24,671 [INFO] CodeEngine:255 - oldGeneratedFile, C:\Users\LEGION\Documents\College\Skripsi\EKF-SOC-Hardware\Firmware\EKF_SOC_Firmware\USB_DEVICE\App\usb_device.h_save
2025-06-14 00:02:24,742 [INFO] CodeEngine:279 - Generated code: C:\Users\LEGION\Documents\College\Skripsi\EKF-SOC-Hardware\Firmware\EKF_SOC_Firmware\USB_DEVICE\App\usb_device.h
2025-06-14 00:02:24,755 [INFO] CodeEngine:255 - oldGeneratedFile, C:\Users\LEGION\Documents\College\Skripsi\EKF-SOC-Hardware\Firmware\EKF_SOC_Firmware\USB_DEVICE\Target\usbd_conf.h_save
2025-06-14 00:02:24,834 [INFO] CodeEngine:279 - Generated code: C:\Users\LEGION\Documents\College\Skripsi\EKF-SOC-Hardware\Firmware\EKF_SOC_Firmware\USB_DEVICE\Target\usbd_conf.h
2025-06-14 00:02:24,846 [INFO] CodeEngine:255 - oldGeneratedFile, C:\Users\LEGION\Documents\College\Skripsi\EKF-SOC-Hardware\Firmware\EKF_SOC_Firmware\USB_DEVICE\Target\usbd_conf.c_save
2025-06-14 00:02:24,927 [INFO] CodeEngine:279 - Generated code: C:\Users\LEGION\Documents\College\Skripsi\EKF-SOC-Hardware\Firmware\EKF_SOC_Firmware\USB_DEVICE\Target\usbd_conf.c
2025-06-14 00:02:24,946 [INFO] CodeEngine:255 - oldGeneratedFile, C:\Users\LEGION\Documents\College\Skripsi\EKF-SOC-Hardware\Firmware\EKF_SOC_Firmware\USB_DEVICE\App\usbd_desc.h_save
2025-06-14 00:02:25,018 [INFO] CodeEngine:279 - Generated code: C:\Users\LEGION\Documents\College\Skripsi\EKF-SOC-Hardware\Firmware\EKF_SOC_Firmware\USB_DEVICE\App\usbd_desc.h
2025-06-14 00:02:25,030 [INFO] CodeEngine:255 - oldGeneratedFile, C:\Users\LEGION\Documents\College\Skripsi\EKF-SOC-Hardware\Firmware\EKF_SOC_Firmware\USB_DEVICE\App\usbd_desc.c_save
2025-06-14 00:02:25,112 [INFO] CodeEngine:279 - Generated code: C:\Users\LEGION\Documents\College\Skripsi\EKF-SOC-Hardware\Firmware\EKF_SOC_Firmware\USB_DEVICE\App\usbd_desc.c
2025-06-14 00:02:25,123 [INFO] CodeEngine:255 - oldGeneratedFile, C:\Users\LEGION\Documents\College\Skripsi\EKF-SOC-Hardware\Firmware\EKF_SOC_Firmware\USB_DEVICE\App\usbd_cdc_if.h_save
2025-06-14 00:02:25,193 [INFO] CodeEngine:279 - Generated code: C:\Users\LEGION\Documents\College\Skripsi\EKF-SOC-Hardware\Firmware\EKF_SOC_Firmware\USB_DEVICE\App\usbd_cdc_if.h
2025-06-14 00:02:25,205 [INFO] CodeEngine:255 - oldGeneratedFile, C:\Users\LEGION\Documents\College\Skripsi\EKF-SOC-Hardware\Firmware\EKF_SOC_Firmware\USB_DEVICE\App\usbd_cdc_if.c_save
2025-06-14 00:02:25,286 [INFO] CodeEngine:279 - Generated code: C:\Users\LEGION\Documents\College\Skripsi\EKF-SOC-Hardware\Firmware\EKF_SOC_Firmware\USB_DEVICE\App\usbd_cdc_if.c
2025-06-14 00:02:25,308 [INFO] CodeEngine:255 - oldGeneratedFile, C:\Users\LEGION\Documents\College\Skripsi\EKF-SOC-Hardware\Firmware\EKF_SOC_Firmware\Core\Src\stm32f4xx_it.c_save
2025-06-14 00:02:25,472 [INFO] CodeEngine:279 - Generated code: C:\Users\LEGION\Documents\College\Skripsi\EKF-SOC-Hardware\Firmware\EKF_SOC_Firmware\Core\Src\stm32f4xx_it.c
2025-06-14 00:02:25,478 [INFO] CodeEngine:255 - oldGeneratedFile, C:\Users\LEGION\Documents\College\Skripsi\EKF-SOC-Hardware\Firmware\EKF_SOC_Firmware\Core\Inc\stm32f4xx_it.h_save
2025-06-14 00:02:25,551 [INFO] CodeEngine:279 - Generated code: C:\Users\LEGION\Documents\College\Skripsi\EKF-SOC-Hardware\Firmware\EKF_SOC_Firmware\Core\Inc\stm32f4xx_it.h
2025-06-14 00:02:25,571 [INFO] CodeEngine:255 - oldGeneratedFile, C:\Users\LEGION\Documents\College\Skripsi\EKF-SOC-Hardware\Firmware\EKF_SOC_Firmware\Core\Src\stm32f4xx_hal_msp.c_save
2025-06-14 00:02:25,639 [INFO] CodeEngine:279 - Generated code: C:\Users\LEGION\Documents\College\Skripsi\EKF-SOC-Hardware\Firmware\EKF_SOC_Firmware\Core\Src\stm32f4xx_hal_msp.c
2025-06-14 00:02:25,643 [INFO] CodeEngine:255 - oldGeneratedFile, C:\Users\LEGION\Documents\College\Skripsi\EKF-SOC-Hardware\Firmware\EKF_SOC_Firmware\MXTmpFiles\system.tmp_save
2025-06-14 00:02:25,719 [INFO] CodeEngine:279 - Generated code: C:\Users\LEGION\Documents\College\Skripsi\EKF-SOC-Hardware\Firmware\EKF_SOC_Firmware\MXTmpFiles\system.tmp
2025-06-14 00:02:25,739 [INFO] CodeEngine:311 - oldGeneratedFile, C:\Users\LEGION\Documents\College\Skripsi\EKF-SOC-Hardware\Firmware\EKF_SOC_Firmware\Core\Inc\stm32f4xx_hal_conf.h_save
2025-06-14 00:02:25,834 [INFO] CodeEngine:335 - Generated code: C:\Users\LEGION\Documents\College\Skripsi\EKF-SOC-Hardware\Firmware\EKF_SOC_Firmware\Core\Inc\stm32f4xx_hal_conf.h
2025-06-14 00:02:25,882 [INFO] CodeEngine:255 - oldGeneratedFile, C:\Users\LEGION\Documents\College\Skripsi\EKF-SOC-Hardware\Firmware\EKF_SOC_Firmware\Core\Inc\main.h_save
2025-06-14 00:02:25,974 [INFO] CodeEngine:279 - Generated code: C:\Users\LEGION\Documents\College\Skripsi\EKF-SOC-Hardware\Firmware\EKF_SOC_Firmware\Core\Inc\main.h
2025-06-14 00:02:25,988 [INFO] CodeEngine:255 - oldGeneratedFile, C:\Users\LEGION\Documents\College\Skripsi\EKF-SOC-Hardware\Firmware\EKF_SOC_Firmware\Core\Src\main.c_save
2025-06-14 00:02:26,088 [INFO] CodeEngine:279 - Generated code: C:\Users\LEGION\Documents\College\Skripsi\EKF-SOC-Hardware\Firmware\EKF_SOC_Firmware\Core\Src\main.c
2025-06-14 00:02:26,625 [INFO] ProjectBuilder:2996 - Time for Copy HAL[1] : 191mS.
2025-06-14 00:02:26,632 [INFO] ProjectBuilder:4304 - Project Generator version: 3.19.2
2025-06-14 00:02:26,868 [INFO] ConfigFileManager:1483 - The Die is : DIE431
2025-06-14 00:02:28,634 [INFO] ProjectBuilder:4505 - Time for Generating toolchain IDE Files: 2002mS.
2025-06-14 00:02:28,635 [INFO] ProjectBuilder:2867 - Time for Copy CMSIS : 1mS.
2025-06-14 00:02:28,641 [INFO] ProjectBuilder:2867 - Time for Copy CMSIS : 0mS.
2025-06-14 00:39:59,378 [INFO] Activator:176 - 


2025-06-14 00:39:59,380 [INFO] Activator:177 - !SESSION log4j initialized
2025-06-14 00:40:03,652 [INFO] LogOutputStream:77 - [STDOUT_REDIRECT] 
2025-06-14 00:40:24,671 [ERROR] LogOutputStream:75 - [STDERR_REDIRECT] SLF4J: Failed to load class "org.slf4j.impl.StaticLoggerBinder".
2025-06-14 00:40:24,672 [ERROR] LogOutputStream:75 - [STDERR_REDIRECT] SLF4J: Defaulting to no-operation (NOP) logger implementation
2025-06-14 00:40:24,673 [ERROR] LogOutputStream:75 - [STDERR_REDIRECT] SLF4J: See http://www.slf4j.org/codes.html#StaticLoggerBinder for further details.
2025-06-14 01:35:38,829 [INFO] Activator:176 - 


2025-06-14 01:35:38,831 [INFO] Activator:177 - !SESSION log4j initialized
2025-06-14 01:35:43,011 [INFO] LogOutputStream:77 - [STDOUT_REDIRECT] 
2025-06-14 01:36:04,092 [ERROR] LogOutputStream:75 - [STDERR_REDIRECT] SLF4J: Failed to load class "org.slf4j.impl.StaticLoggerBinder".
2025-06-14 01:36:04,093 [ERROR] LogOutputStream:75 - [STDERR_REDIRECT] SLF4J: Defaulting to no-operation (NOP) logger implementation
2025-06-14 01:36:04,094 [ERROR] LogOutputStream:75 - [STDERR_REDIRECT] SLF4J: See http://www.slf4j.org/codes.html#StaticLoggerBinder for further details.
2025-06-14 12:28:56,577 [INFO] Activator:176 - 


2025-06-14 12:28:56,579 [INFO] Activator:177 - !SESSION log4j initialized
2025-06-14 12:29:01,761 [INFO] LogOutputStream:77 - [STDOUT_REDIRECT] 
2025-06-14 12:29:22,992 [ERROR] LogOutputStream:75 - [STDERR_REDIRECT] SLF4J: Failed to load class "org.slf4j.impl.StaticLoggerBinder".
2025-06-14 12:29:22,992 [ERROR] LogOutputStream:75 - [STDERR_REDIRECT] SLF4J: Defaulting to no-operation (NOP) logger implementation
2025-06-14 12:29:22,993 [ERROR] LogOutputStream:75 - [STDERR_REDIRECT] SLF4J: See http://www.slf4j.org/codes.html#StaticLoggerBinder for further details.
2025-06-14 13:38:37,361 [INFO] ApplicationProperties:184 - Using Application install path: C:\ST\STM32CubeIDE_1.12.1\STM32CubeIDE\plugins\com.st.stm32cube.common.mx_6.8.1.202304191431
2025-06-14 13:38:37,380 [INFO] DbMcusXml:78 - Set database path to: C:\ST\STM32CubeIDE_1.12.1\STM32CubeIDE\plugins\com.st.stm32cube.common.mx_6.8.1.202304191431\\db\/mcu/
2025-06-14 13:38:37,381 [INFO] ApiDb:274 - Set plugin database path to: C:\ST\STM32CubeIDE_1.12.1\STM32CubeIDE\plugins\com.st.stm32cube.common.mx_6.8.1.202304191431\\db\/plugins/boardmanager/
2025-06-14 13:38:37,382 [WARN] ApiDb:259 - Overriding images path with different value:  => C:\ST\STM32CubeIDE_1.12.1\STM32CubeIDE\plugins\com.st.stm32cube.common.mx_6.8.1.202304191431\\db\/plugins/mcufinder/images/
2025-06-14 13:38:37,401 [INFO] ApiDb:250 - Set database path to: C:\Users\LEGION\.stmcufinder\plugins\mcufinder//mcu/
2025-06-14 13:38:37,403 [INFO] DbMcusAds:125 - Set database path to: C:\Users\LEGION\.stmcufinder\plugins\mcufinder//mcu/
2025-06-14 13:38:37,532 [INFO] CrossReferenceDbSqlite:203 - Set database path to: C:\Users\LEGION\.stmcufinder\plugins\mcufinder//mcu/cs/
2025-06-14 13:38:37,631 [INFO] RulesReader:64 - Compatibility file has been processed (293 Rules)
2025-06-14 13:38:37,704 [INFO] DbMcusXml:78 - Set database path to: C:\ST\STM32CubeIDE_1.12.1\STM32CubeIDE\plugins\com.st.stm32cube.common.mx_6.8.1.202304191431\\db\/mcu/
2025-06-14 13:38:37,704 [INFO] ApiDb:274 - Set plugin database path to: C:\ST\STM32CubeIDE_1.12.1\STM32CubeIDE\plugins\com.st.stm32cube.common.mx_6.8.1.202304191431\\db\/plugins/boardmanager/
2025-06-14 13:38:37,704 [INFO] ApiDb:261 - Set plugin images path to: C:\ST\STM32CubeIDE_1.12.1\STM32CubeIDE\plugins\com.st.stm32cube.common.mx_6.8.1.202304191431\\db\/plugins/mcufinder/images/
2025-06-14 13:38:37,704 [WARN] DbFile:41 - Overriding database path with different value: C:\Users\LEGION\.stmcufinder\plugins\mcufinder/ => C:\Users\LEGION\.stmcufinder\plugins\mcufinder
2025-06-14 13:38:37,704 [INFO] ApiDb:250 - Set database path to: C:\Users\LEGION\.stmcufinder\plugins\mcufinder//mcu/
2025-06-14 13:38:37,704 [WARN] DbFile:41 - Overriding database path with different value: C:\Users\LEGION\.stmcufinder\plugins\mcufinder/ => C:\Users\LEGION\.stmcufinder\plugins\mcufinder
2025-06-14 13:38:37,704 [INFO] DbMcusAds:125 - Set database path to: C:\Users\LEGION\.stmcufinder\plugins\mcufinder//mcu/
2025-06-14 13:38:37,705 [WARN] DbFile:41 - Overriding database path with different value: C:\Users\LEGION\.stmcufinder\plugins\mcufinder/ => C:\Users\LEGION\.stmcufinder\plugins\mcufinder
2025-06-14 13:38:37,705 [WARN] DbFile:41 - Overriding database path with different value: C:\Users\LEGION\.stmcufinder\plugins\mcufinder/ => C:\Users\LEGION\.stmcufinder\plugins\mcufinder
2025-06-14 13:38:37,705 [INFO] CrossReferenceDbSqlite:203 - Set database path to: C:\Users\LEGION\.stmcufinder\plugins\mcufinder//mcu/cs/
2025-06-14 13:38:37,767 [INFO] MainPanel:253 - HeapMemory: 725614592
2025-06-14 13:38:37,850 [INFO] DbMcusXml:78 - Set database path to: C:\ST\STM32CubeIDE_1.12.1\STM32CubeIDE\plugins\com.st.stm32cube.common.mx_6.8.1.202304191431\\db\/mcu/
2025-06-14 13:38:37,850 [INFO] ApiDb:274 - Set plugin database path to: C:\ST\STM32CubeIDE_1.12.1\STM32CubeIDE\plugins\com.st.stm32cube.common.mx_6.8.1.202304191431\\db\/plugins/boardmanager/
2025-06-14 13:38:37,850 [INFO] ApiDb:261 - Set plugin images path to: C:\ST\STM32CubeIDE_1.12.1\STM32CubeIDE\plugins\com.st.stm32cube.common.mx_6.8.1.202304191431\\db\/plugins/mcufinder/images/
2025-06-14 13:38:37,850 [WARN] DbFile:41 - Overriding database path with different value: C:\Users\LEGION\.stmcufinder\plugins\mcufinder/ => C:\Users\LEGION\.stmcufinder\plugins\mcufinder
2025-06-14 13:38:37,850 [INFO] ApiDb:250 - Set database path to: C:\Users\LEGION\.stmcufinder\plugins\mcufinder//mcu/
2025-06-14 13:38:37,850 [WARN] DbFile:41 - Overriding database path with different value: C:\Users\LEGION\.stmcufinder\plugins\mcufinder/ => C:\Users\LEGION\.stmcufinder\plugins\mcufinder
2025-06-14 13:38:37,851 [INFO] DbMcusAds:125 - Set database path to: C:\Users\LEGION\.stmcufinder\plugins\mcufinder//mcu/
2025-06-14 13:38:37,851 [WARN] DbFile:41 - Overriding database path with different value: C:\Users\LEGION\.stmcufinder\plugins\mcufinder/ => C:\Users\LEGION\.stmcufinder\plugins\mcufinder
2025-06-14 13:38:37,851 [WARN] DbFile:41 - Overriding database path with different value: C:\Users\LEGION\.stmcufinder\plugins\mcufinder/ => C:\Users\LEGION\.stmcufinder\plugins\mcufinder
2025-06-14 13:38:37,851 [INFO] CrossReferenceDbSqlite:203 - Set database path to: C:\Users\LEGION\.stmcufinder\plugins\mcufinder//mcu/cs/
2025-06-14 13:38:37,867 [INFO] ApplicationProperties:184 - Using Application install path: C:\ST\STM32CubeIDE_1.12.1\STM32CubeIDE\plugins\com.st.stm32cube.common.mx_6.8.1.202304191431
2025-06-14 13:38:37,869 [INFO] PluginManage:196 - Search for loadable plugins [exclusion list=, ]
2025-06-14 13:38:37,870 [INFO] PluginManage:310 - Check plugin analytics
2025-06-14 13:38:37,999 [INFO] AnalyticsPlugin:253 - Accepted Software Licenses: STM32CubeMX.6.11.1
2025-06-14 13:38:37,999 [INFO] AnalyticsPlugin:255 - Accepted CMSIS Pack Licenses: 
2025-06-14 13:38:38,000 [INFO] AnalyticsPlugin:257 - Accepted Firmware Licenses: FW.F4.1.27.0,FW.G0.1.6.0,FW.F4.1.28.0
2025-06-14 13:38:38,006 [INFO] PluginManage:359 - Loaded plugin analytics (category:tool,tabindex:-1)
2025-06-14 13:38:38,006 [INFO] PluginManage:310 - Check plugin cadmodel
2025-06-14 13:38:38,025 [INFO] CADModel:105 - Init CAD model plugin
2025-06-14 13:38:38,025 [INFO] PluginManage:359 - Loaded plugin cadmodel (category:power,tabindex:5)
2025-06-14 13:38:38,026 [INFO] PluginManage:310 - Check plugin clock
2025-06-14 13:38:38,056 [INFO] PluginManage:359 - Loaded plugin clock (category:base,tabindex:2)
2025-06-14 13:38:38,056 [INFO] PluginManage:310 - Check plugin ddr
2025-06-14 13:38:38,059 [INFO] PluginManage:359 - Loaded plugin ddr (category:tool,tabindex:6)
2025-06-14 13:38:38,059 [INFO] PluginManage:310 - Check plugin filemanager
2025-06-14 13:38:38,183 [INFO] PluginManage:359 - Loaded plugin filemanager (category:base,tabindex:10)
2025-06-14 13:38:38,183 [INFO] PluginManage:310 - Check plugin ipmanager
2025-06-14 13:38:38,191 [INFO] PluginManage:359 - Loaded plugin ipmanager (category:base,tabindex:5)
2025-06-14 13:38:38,191 [INFO] PluginManage:310 - Check plugin lpbam
2025-06-14 13:38:38,210 [INFO] PluginManage:359 - Loaded plugin lpbam (category:base,tabindex:0)
2025-06-14 13:38:38,210 [INFO] PluginManage:310 - Check plugin pinoutandconfiguration
2025-06-14 13:38:38,228 [INFO] PluginManage:359 - Loaded plugin pinoutandconfiguration (category:base,tabindex:1)
2025-06-14 13:38:38,228 [INFO] PluginManage:310 - Check plugin pinoutconfig
2025-06-14 13:38:38,317 [WARN] SupportedApi:132 - Cannot load RTOS API schema: s4s-elt-must-match.1: The content of 'definitions' must match (annotation?, (simpleType | complexType)?, (unique | key | keyref)*)). A problem was found starting at: attribute.
2025-06-14 13:38:38,429 [INFO] PluginManage:359 - Loaded plugin pinoutconfig (category:base,tabindex:0)
2025-06-14 13:38:38,429 [INFO] PluginManage:310 - Check plugin power
2025-06-14 13:38:38,452 [INFO] PluginManage:359 - Loaded plugin power (category:power,tabindex:4)
2025-06-14 13:38:38,452 [INFO] PluginManage:310 - Check plugin projectmanager
2025-06-14 13:38:38,463 [INFO] PluginManage:359 - Loaded plugin projectmanager (category:projectmanager,tabindex:3)
2025-06-14 13:38:38,463 [INFO] PluginManage:310 - Check plugin thirdparty
2025-06-14 13:38:38,714 [INFO] PluginManage:359 - Loaded plugin thirdparty (category:base,tabindex:-1)
2025-06-14 13:38:38,714 [INFO] PluginManage:310 - Check plugin tools
2025-06-14 13:38:38,714 [WARN] IntegrityCheckThread:84 - waiting for thirdparty lock release [integrity check]
2025-06-14 13:38:38,714 [INFO] IntegrityCheckThread:86 - entering critical section [integrity check]
2025-06-14 13:38:38,715 [INFO] ThirdPartyUpdaterWithRetryManager:70 - Updater plugin not ready yet. [1/15]
2025-06-14 13:38:38,744 [INFO] PluginManage:359 - Loaded plugin tools (category:base,tabindex:7)
2025-06-14 13:38:38,744 [INFO] PluginManage:310 - Check plugin tutovideos
2025-06-14 13:38:38,941 [INFO] PluginManage:359 - Loaded plugin tutovideos (category:base,tabindex:-1)
2025-06-14 13:38:38,941 [INFO] PluginManage:310 - Check plugin updater
2025-06-14 13:38:38,955 [INFO] PluginManage:359 - Loaded plugin updater (category:base,tabindex:12)
2025-06-14 13:38:38,955 [INFO] PluginManage:283 - PluginManage : Loaded plugins [15]
2025-06-14 13:38:39,173 [INFO] PinOutPanel:1499 - setPackage(No Configuration,No Configuration)
2025-06-14 13:38:39,230 [INFO] CADModel:165 - CPN selected for project level
2025-06-14 13:38:39,230 [INFO] CADModel:114 - Register for checkConnection events
2025-06-14 13:38:39,257 [INFO] IPUIPlugin:80 - create IPUIPlugin
2025-06-14 13:38:39,257 [INFO] PluginManager:220 - loadIPPluginJar : add adc
2025-06-14 13:38:39,291 [INFO] IPUIPlugin:80 - create IPUIPlugin
2025-06-14 13:38:39,292 [INFO] PluginManager:220 - loadIPPluginJar : add aes
2025-06-14 13:38:39,331 [INFO] IPUIPlugin:80 - create IPUIPlugin
2025-06-14 13:38:39,331 [INFO] PluginManager:220 - loadIPPluginJar : add can
2025-06-14 13:38:39,358 [INFO] IPUIPlugin:80 - create IPUIPlugin
2025-06-14 13:38:39,358 [INFO] PluginManager:220 - loadIPPluginJar : add comp
2025-06-14 13:38:39,391 [INFO] IPUIPlugin:80 - create IPUIPlugin
2025-06-14 13:38:39,391 [INFO] PluginManager:220 - loadIPPluginJar : add cryp
2025-06-14 13:38:39,421 [INFO] IPUIPlugin:80 - create IPUIPlugin
2025-06-14 13:38:39,421 [INFO] PluginManager:220 - loadIPPluginJar : add dfsdm
2025-06-14 13:38:39,437 [INFO] IPUIPlugin:80 - create IPUIPlugin
2025-06-14 13:38:39,437 [INFO] PluginManager:220 - loadIPPluginJar : add dma
2025-06-14 13:38:39,479 [INFO] IPUIPlugin:80 - create IPUIPlugin
2025-06-14 13:38:39,479 [INFO] PluginManager:220 - loadIPPluginJar : add dma3
2025-06-14 13:38:39,501 [INFO] IPUIPlugin:80 - create IPUIPlugin
2025-06-14 13:38:39,501 [INFO] PluginManager:220 - loadIPPluginJar : add fatfs
2025-06-14 13:38:39,545 [INFO] IPUIPlugin:80 - create IPUIPlugin
2025-06-14 13:38:39,545 [INFO] PluginManager:220 - loadIPPluginJar : add fmc
2025-06-14 13:38:39,562 [INFO] IPUIPlugin:80 - create IPUIPlugin
2025-06-14 13:38:39,562 [INFO] PluginManager:220 - loadIPPluginJar : add freertos
2025-06-14 13:38:39,587 [INFO] IPUIPlugin:80 - create IPUIPlugin
2025-06-14 13:38:39,587 [INFO] PluginManager:220 - loadIPPluginJar : add genericplugin
2025-06-14 13:38:39,671 [INFO] IPUIPlugin:80 - create IPUIPlugin
2025-06-14 13:38:39,671 [INFO] PluginManager:220 - loadIPPluginJar : add gfxmmu
2025-06-14 13:38:39,785 [INFO] IPUIPlugin:80 - create IPUIPlugin
2025-06-14 13:38:39,786 [INFO] PluginManager:220 - loadIPPluginJar : add gic
2025-06-14 13:38:39,800 [INFO] IPUIPlugin:80 - create IPUIPlugin
2025-06-14 13:38:39,800 [INFO] PluginManager:220 - loadIPPluginJar : add gpio
2025-06-14 13:38:39,883 [INFO] IPUIPlugin:80 - create IPUIPlugin
2025-06-14 13:38:39,883 [INFO] PluginManager:220 - loadIPPluginJar : add gtzc
2025-06-14 13:38:39,916 [INFO] IPUIPlugin:80 - create IPUIPlugin
2025-06-14 13:38:39,916 [INFO] PluginManager:220 - loadIPPluginJar : add hash
2025-06-14 13:38:39,965 [INFO] IPUIPlugin:80 - create IPUIPlugin
2025-06-14 13:38:39,965 [INFO] PluginManager:220 - loadIPPluginJar : add i2c
2025-06-14 13:38:40,001 [INFO] IPUIPlugin:80 - create IPUIPlugin
2025-06-14 13:38:40,002 [INFO] PluginManager:220 - loadIPPluginJar : add i2s
2025-06-14 13:38:40,039 [INFO] IPUIPlugin:80 - create IPUIPlugin
2025-06-14 13:38:40,039 [INFO] PluginManager:220 - loadIPPluginJar : add i3c
2025-06-14 13:38:40,135 [INFO] IPUIPlugin:80 - create IPUIPlugin
2025-06-14 13:38:40,135 [INFO] PluginManager:220 - loadIPPluginJar : add ipddr
2025-06-14 13:38:40,218 [INFO] IPUIPlugin:80 - create IPUIPlugin
2025-06-14 13:38:40,219 [INFO] PluginManager:220 - loadIPPluginJar : add linkedlist
2025-06-14 13:38:40,253 [INFO] IPUIPlugin:80 - create IPUIPlugin
2025-06-14 13:38:40,253 [INFO] PluginManager:220 - loadIPPluginJar : add lorawan
2025-06-14 13:38:40,293 [INFO] IPUIPlugin:80 - create IPUIPlugin
2025-06-14 13:38:40,293 [INFO] PluginManager:220 - loadIPPluginJar : add ltdc
2025-06-14 13:38:40,310 [INFO] IPUIPlugin:80 - create IPUIPlugin
2025-06-14 13:38:40,310 [INFO] PluginManager:220 - loadIPPluginJar : add mdma
2025-06-14 13:38:40,325 [INFO] IPUIPlugin:80 - create IPUIPlugin
2025-06-14 13:38:40,325 [INFO] PluginManager:220 - loadIPPluginJar : add nvic
2025-06-14 13:38:40,363 [INFO] IPUIPlugin:80 - create IPUIPlugin
2025-06-14 13:38:40,363 [INFO] PluginManager:220 - loadIPPluginJar : add opamp
2025-06-14 13:38:40,417 [INFO] IPUIPlugin:80 - create IPUIPlugin
2025-06-14 13:38:40,417 [INFO] PluginManager:220 - loadIPPluginJar : add openamp
2025-06-14 13:38:40,457 [INFO] IPUIPlugin:80 - create IPUIPlugin
2025-06-14 13:38:40,457 [INFO] PluginManager:220 - loadIPPluginJar : add pdm2pcm
2025-06-14 13:38:40,472 [INFO] IPUIPlugin:80 - create IPUIPlugin
2025-06-14 13:38:40,474 [INFO] PluginManager:220 - loadIPPluginJar : add plateformsettings
2025-06-14 13:38:40,498 [INFO] IPUIPlugin:80 - create IPUIPlugin
2025-06-14 13:38:40,498 [INFO] PluginManager:220 - loadIPPluginJar : add quadspi
2025-06-14 13:38:40,511 [INFO] IPUIPlugin:80 - create IPUIPlugin
2025-06-14 13:38:40,511 [INFO] PluginManager:220 - loadIPPluginJar : add resmgrutility
2025-06-14 13:38:40,555 [INFO] IPUIPlugin:80 - create IPUIPlugin
2025-06-14 13:38:40,555 [INFO] PluginManager:220 - loadIPPluginJar : add sai
2025-06-14 13:38:40,590 [INFO] IPUIPlugin:80 - create IPUIPlugin
2025-06-14 13:38:40,590 [INFO] PluginManager:220 - loadIPPluginJar : add spi
2025-06-14 13:38:40,641 [INFO] IPUIPlugin:80 - create IPUIPlugin
2025-06-14 13:38:40,641 [INFO] PluginManager:220 - loadIPPluginJar : add stm32_wpan
2025-06-14 13:38:40,667 [INFO] IPUIPlugin:80 - create IPUIPlugin
2025-06-14 13:38:40,667 [INFO] PluginManager:220 - loadIPPluginJar : add tim
2025-06-14 13:38:40,717 [INFO] IPUIPlugin:80 - create IPUIPlugin
2025-06-14 13:38:40,717 [INFO] PluginManager:220 - loadIPPluginJar : add touchsensing
2025-06-14 13:38:40,740 [INFO] IPUIPlugin:80 - create IPUIPlugin
2025-06-14 13:38:40,740 [INFO] PluginManager:220 - loadIPPluginJar : add tracer_emb
2025-06-14 13:38:40,764 [INFO] IPUIPlugin:80 - create IPUIPlugin
2025-06-14 13:38:40,764 [INFO] PluginManager:220 - loadIPPluginJar : add ts
2025-06-14 13:38:40,787 [INFO] IPUIPlugin:80 - create IPUIPlugin
2025-06-14 13:38:40,787 [INFO] PluginManager:220 - loadIPPluginJar : add tsc
2025-06-14 13:38:40,810 [INFO] IPUIPlugin:80 - create IPUIPlugin
2025-06-14 13:38:40,810 [INFO] PluginManager:220 - loadIPPluginJar : add ucpd
2025-06-14 13:38:40,851 [INFO] IPUIPlugin:80 - create IPUIPlugin
2025-06-14 13:38:40,852 [INFO] PluginManager:220 - loadIPPluginJar : add usart
2025-06-14 13:38:40,892 [INFO] IPUIPlugin:80 - create IPUIPlugin
2025-06-14 13:38:40,892 [INFO] PluginManager:220 - loadIPPluginJar : add usbx
2025-06-14 13:38:41,009 [INFO] CADModel:165 - CPN selected for project level
2025-06-14 13:38:41,009 [INFO] CADModel:114 - Register for checkConnection events
2025-06-14 13:38:41,009 [FATAL] Updater:308 - Updater called before beeing initialized
2025-06-14 13:38:41,009 [ERROR] CADModel:125 - Updater not yet initialized, retry later 
2025-06-14 13:38:41,149 [INFO] CADModel:165 - CPN selected for project level
2025-06-14 13:38:41,149 [INFO] CADModel:114 - Register for checkConnection events
2025-06-14 13:38:41,149 [FATAL] Updater:308 - Updater called before beeing initialized
2025-06-14 13:38:41,149 [ERROR] CADModel:125 - Updater not yet initialized, retry later 
2025-06-14 13:38:41,153 [FATAL] Updater:308 - Updater called before beeing initialized
2025-06-14 13:38:41,261 [FATAL] Updater:308 - Updater called before beeing initialized
2025-06-14 13:38:41,276 [INFO] DbMcusAds:53 - JSON generation date=Wed May 07 16:07:55 ICT 2025 (1746608875484)
2025-06-14 13:38:41,276 [FATAL] Updater:308 - Updater called before beeing initialized
2025-06-14 13:38:41,353 [WARN] DetailPanel:346 - Failed to get advertising image, set to default
2025-06-14 13:38:41,473 [FATAL] Updater:308 - Updater called before beeing initialized
2025-06-14 13:38:41,476 [FATAL] Updater:308 - Updater called before beeing initialized
2025-06-14 13:38:41,476 [FATAL] Updater:308 - Updater called before beeing initialized
2025-06-14 13:38:41,476 [WARN] DetailPanel:346 - Failed to get advertising image, set to default
2025-06-14 13:38:41,477 [FATAL] Updater:308 - Updater called before beeing initialized
2025-06-14 13:38:41,535 [ERROR] Updater:1120 - MainUpdater not yet initialized. External WinMGr cannot be set.
2025-06-14 13:38:41,548 [INFO] Updater:1056 - Updater Version found : 6.8.1
2025-06-14 13:38:41,564 [INFO] ApplicationProperties:184 - Using Application install path: C:\ST\STM32CubeIDE_1.12.1\STM32CubeIDE\plugins\com.st.stm32cube.common.mx_6.8.1.202304191431
2025-06-14 13:38:41,723 [INFO] ThirdPartyUpdaterWithRetryManager:70 - Updater plugin not ready yet. [2/15]
2025-06-14 13:38:41,821 [INFO] MainUpdater:2854 - connection check result : 10
2025-06-14 13:38:41,821 [INFO] MainUpdater:283 - Updater Check For Update Now.
2025-06-14 13:38:41,822 [INFO] MicroXplorer:498 - Change Database Version : DB.6.0.81
2025-06-14 13:38:42,009 [INFO] CheckServerUpdateThread:120 - End of CheckServer Thread
2025-06-14 13:38:42,053 [INFO] MainUpdater:2854 - connection check result : 10
2025-06-14 13:38:42,061 [INFO] MainUpdater:2854 - connection check result : 10
2025-06-14 13:38:42,225 [INFO] MicroXplorer:468 - Change Database Path : 
2025-06-14 13:38:42,226 [INFO] MicroXplorer:498 - Change Database Version : DB.6.0.81
2025-06-14 13:38:42,226 [WARN] ThirdParty:871 - waiting for thirdparty lock release [close project]
2025-06-14 13:38:44,947 [WARN] PackLoader:240 - Cannot read IP mode file for STMicroelectronics.FP-SNS-MOTENVWB1.1.4.0
2025-06-14 13:38:44,963 [WARN] PackLoader:240 - Cannot read IP mode file for STMicroelectronics.FP-ATR-ASTRA1.2.0.2
2025-06-14 13:38:44,974 [WARN] PackLoader:240 - Cannot read IP mode file for STMicroelectronics.FP-ATR-ASTRA1.2.0.1
2025-06-14 13:38:44,990 [WARN] PackLoader:240 - Cannot read IP mode file for STMicroelectronics.X-CUBE-SMBUS.2.1.0
2025-06-14 13:38:45,001 [ERROR] Engine:466 - C:\Users\LEGION\.stm32cubemx\thirdparties\pdsc\STMicroelectronics.X-CUBE-ST60.1.0.0.pdsc: PDSC version is not supported
2025-06-14 13:38:45,014 [WARN] PackLoader:240 - Cannot read IP mode file for STMicroelectronics.X-CUBE-TOUCHGFX.4.23.0
2025-06-14 13:38:45,026 [WARN] PackLoader:240 - Cannot read IP mode file for STMicroelectronics.X-CUBE-TOUCHGFX.4.23.2
2025-06-14 13:38:45,055 [WARN] PackLoader:240 - Cannot read IP mode file for STMicroelectronics.X-CUBE-AZRTOS-F7.1.1.0
2025-06-14 13:38:45,071 [WARN] PackLoader:240 - Cannot read IP mode file for STMicroelectronics.FP-SNS-MOTENV1.4.3.2
2025-06-14 13:38:45,086 [ERROR] RealEvaluatedCondition:428 - Found unsupported composite condition: GROUP='STM32_MetaDataManager' CLASS='Data Exchange'
2025-06-14 13:38:45,086 [ERROR] RealEvaluatedCondition:428 - Found unsupported composite condition: GROUP='STM32_MetaDataManager' CLASS='Data Exchange'
2025-06-14 13:38:45,087 [WARN] PackLoader:240 - Cannot read IP mode file for STMicroelectronics.FP-SNS-MOTENV1.4.3.1
2025-06-14 13:38:45,108 [WARN] PackLoader:240 - Cannot read IP mode file for STMicroelectronics.FP-SNS-FLIGHT1.5.0.1
2025-06-14 13:38:45,156 [WARN] PackLoader:240 - Cannot read IP mode file for STMicroelectronics.X-CUBE-MEMS1.11.0.0
2025-06-14 13:38:45,283 [WARN] PackLoader:240 - Cannot read IP mode file for STMicroelectronics.X-CUBE-BLE1.6.2.4
2025-06-14 13:38:45,300 [WARN] PackLoader:240 - Cannot read IP mode file for STMicroelectronics.FP-SNS-FLIGHT1.5.0.2
2025-06-14 13:38:45,324 [WARN] PackLoader:240 - Cannot read IP mode file for STMicroelectronics.X-CUBE-DISPLAY.3.0.0
2025-06-14 13:38:45,344 [WARN] PackLoader:240 - Cannot read IP mode file for STMicroelectronics.X-CUBE-BLE1.7.0.0
2025-06-14 13:38:45,359 [ERROR] Engine:466 - C:\Users\LEGION\.stm32cubemx\thirdparties\pdsc\quantropi.X-CUBE-qispace-sdk-base.2.0.0.pdsc: PDSC version is not supported
2025-06-14 13:38:45,383 [WARN] PackLoader:240 - Cannot read IP mode file for STMicroelectronics.X-CUBE-BLEMGR.3.1.0
2025-06-14 13:38:45,401 [WARN] PackLoader:240 - Cannot read IP mode file for STMicroelectronics.FP-SNS-SMARTAG2.1.2.0
2025-06-14 13:38:45,416 [ERROR] Engine:466 - C:\Users\LEGION\.stm32cubemx\thirdparties\pdsc\STMicroelectronics.FP-SNS-FLIGHT1.5.1.0.pdsc: PDSC version is not supported
2025-06-14 13:38:45,438 [INFO] LogOutputStream:77 - [STDOUT_REDIRECT] 1 : Invalid condition id : UX_CORESTACK_Condition cause : null
2025-06-14 13:38:45,439 [INFO] LogOutputStream:77 - [STDOUT_REDIRECT] 1 : Invalid condition id : UX_CORESTACK_Condition cause : null
2025-06-14 13:38:45,440 [INFO] LogOutputStream:77 - [STDOUT_REDIRECT] 1 : Invalid condition id : UX_CORESTACK_Condition cause : null
2025-06-14 13:38:45,441 [INFO] LogOutputStream:77 - [STDOUT_REDIRECT] 1 : Invalid condition id : UX_CORESTACK_Condition cause : null
2025-06-14 13:38:45,441 [INFO] LogOutputStream:77 - [STDOUT_REDIRECT] 1 : Invalid condition id : UX_CORESTACK_Condition cause : null
2025-06-14 13:38:45,445 [WARN] PackLoader:240 - Cannot read IP mode file for STMicroelectronics.X-CUBE-AZRTOS-WL.2.0.0
2025-06-14 13:38:45,462 [WARN] PackLoader:240 - Cannot read IP mode file for STMicroelectronics.FP-SNS-MOTENV1.5.0.0
2025-06-14 13:38:45,479 [WARN] PackLoader:240 - Cannot read IP mode file for wolfSSL.I-CUBE-wolfMQTT.1.19.0
2025-06-14 13:38:45,523 [WARN] PackLoader:240 - Cannot read IP mode file for WES.I-CUBE-Cesium.1.3.0
2025-06-14 13:38:45,541 [WARN] PackLoader:240 - Cannot read IP mode file for STMicroelectronics.X-CUBE-BLE2.3.3.0
2025-06-14 13:38:45,567 [WARN] PackLoader:240 - Cannot read IP mode file for STMicroelectronics.X-CUBE-BLE1.7.1.0
2025-06-14 13:38:45,585 [WARN] PackLoader:240 - Cannot read IP mode file for STMicroelectronics.X-CUBE-TCPP.4.1.0
2025-06-14 13:38:45,602 [WARN] PackLoader:240 - Cannot read IP mode file for STMicroelectronics.X-CUBE-TOUCHGFX.4.21.4
2025-06-14 13:38:45,618 [WARN] PackLoader:240 - Cannot read IP mode file for STMicroelectronics.X-CUBE-AI.10.1.0
2025-06-14 13:38:45,638 [WARN] PackLoader:240 - Cannot read IP mode file for STMicroelectronics.X-CUBE-ALGOBUILD.1.3.0
2025-06-14 13:38:45,687 [WARN] PackLoader:240 - Cannot read IP mode file for STMicroelectronics.X-CUBE-MEMS1.11.2.0
2025-06-14 13:38:45,804 [WARN] PackLoader:240 - Cannot read IP mode file for STMicroelectronics.X-CUBE-AZRTOS-G0.1.1.0
2025-06-14 13:38:45,832 [WARN] PackLoader:240 - Cannot read IP mode file for STMicroelectronics.X-CUBE-SAFEA1.1.2.2
2025-06-14 13:38:45,849 [WARN] PackLoader:240 - Cannot read IP mode file for STMicroelectronics.X-CUBE-NFC4.3.0.0
2025-06-14 13:38:45,863 [ERROR] Engine:466 - C:\Users\LEGION\.stm32cubemx\thirdparties\pdsc\EmbeddedOffice.I-CUBE-FS-RTOS.1.0.1.pdsc: PDSC version is not supported
2025-06-14 13:38:45,878 [WARN] PackLoader:240 - Cannot read IP mode file for STMicroelectronics.X-CUBE-WB05N.2.0.0
2025-06-14 13:38:45,895 [WARN] PackLoader:240 - Cannot read IP mode file for STMicroelectronics.X-CUBE-BLEMGR.3.0.0
2025-06-14 13:38:45,909 [WARN] PackLoader:240 - Cannot read IP mode file for wolfSSL.I-CUBE-wolfTPM.3.8.0
2025-06-14 13:38:45,921 [ERROR] Engine:466 - C:\Users\LEGION\.stm32cubemx\thirdparties\pdsc\STMicroelectronics.X-CUBE-TCPP.4.2.0.pdsc: PDSC version is not supported
2025-06-14 13:38:45,931 [ERROR] Engine:466 - C:\Users\LEGION\.stm32cubemx\thirdparties\pdsc\RealThread.X-CUBE-RT-Thread_Nano.4.1.1.pdsc: PDSC version is not supported
2025-06-14 13:38:45,943 [WARN] PackLoader:240 - Cannot read IP mode file for STMicroelectronics.FP-ATR-SIGFOX1.3.2.0
2025-06-14 13:38:45,957 [WARN] PackLoader:240 - Cannot read IP mode file for STMicroelectronics.X-CUBE-EEPRMA1.5.1.0
2025-06-14 13:38:45,970 [ERROR] Engine:466 - C:\Users\LEGION\.stm32cubemx\thirdparties\pdsc\STMicroelectronics.X-CUBE-ST67W61.1.0.0.pdsc: PDSC version is not supported
2025-06-14 13:38:45,999 [WARN] PackLoader:240 - Cannot read IP mode file for SEGGER.I-CUBE-embOS.1.3.1
2025-06-14 13:38:46,038 [WARN] PackLoader:240 - Cannot read IP mode file for STMicroelectronics.X-CUBE-ALGOBUILD.1.4.0
2025-06-14 13:38:46,093 [WARN] PackLoader:240 - Cannot read IP mode file for STMicroelectronics.X-CUBE-MEMS1.11.3.0
2025-06-14 13:38:46,187 [WARN] PackLoader:240 - Cannot read IP mode file for STMicroelectronics.X-CUBE-AI.9.1.0
2025-06-14 13:38:46,203 [WARN] PackLoader:240 - Cannot read IP mode file for STMicroelectronics.X-CUBE-GNSS1.6.0.0
2025-06-14 13:38:46,228 [WARN] PackLoader:240 - Cannot read IP mode file for STMicroelectronics.X-CUBE-AZRTOS-F4.1.1.0
2025-06-14 13:38:46,242 [ERROR] Engine:466 - C:\Users\LEGION\.stm32cubemx\thirdparties\pdsc\Avnet-IotConnect.X-CUBE-IoTC-DA16k-PMOD.1.0.0.pdsc: PDSC version is not supported
2025-06-14 13:38:46,257 [WARN] PackLoader:240 - Cannot read IP mode file for wolfSSL.I-CUBE-wolfSSL.5.6.0
2025-06-14 13:38:46,273 [WARN] PackLoader:240 - Cannot read IP mode file for STMicroelectronics.X-CUBE-FREERTOS.1.2.0
2025-06-14 13:38:46,298 [WARN] PackLoader:240 - Cannot read IP mode file for STMicroelectronics.X-CUBE-AZRTOS-L5.2.0.0
2025-06-14 13:38:46,350 [WARN] PackLoader:240 - Cannot read IP mode file for STMicroelectronics.X-CUBE-MEMS1.9.6.0
2025-06-14 13:38:46,445 [WARN] PackLoader:240 - Cannot read IP mode file for STMicroelectronics.X-CUBE-NFC6.3.1.0
2025-06-14 13:38:46,465 [WARN] PackLoader:240 - Cannot read IP mode file for ITTIA_DB.I-CUBE-ITTIADB.8.8.0
2025-06-14 13:38:46,483 [WARN] PackLoader:240 - Cannot read IP mode file for emotas.I-CUBE-CANOPEN.1.1.3
2025-06-14 13:38:46,501 [WARN] PackLoader:240 - Cannot read IP mode file for STMicroelectronics.X-CUBE-BLEMGR.2.0.0
2025-06-14 13:38:46,516 [ERROR] Engine:466 - C:\Users\LEGION\.stm32cubemx\thirdparties\pdsc\STMicroelectronics.X-CUBE-DPower.1.2.0.pdsc: PDSC version is not supported
2025-06-14 13:38:46,530 [WARN] PackLoader:240 - Cannot read IP mode file for STMicroelectronics.X-CUBE-AI.9.0.0
2025-06-14 13:38:46,552 [WARN] ConditionMgr:438 - getConditionDescription Invalid condition id : UX DEVICE CLASS RTOS Condition cause : null
2025-06-14 13:38:46,553 [WARN] ConditionMgr:438 - getConditionDescription Invalid condition id : UX DEVICE CLASS RTOS Condition cause : null
2025-06-14 13:38:46,555 [WARN] PackLoader:240 - Cannot read IP mode file for STMicroelectronics.X-CUBE-AZRTOS-H7.3.1.0
2025-06-14 13:38:46,556 [WARN] ConditionMgr:1039 - genDependencies : Invalid condition id : UX DEVICE CLASS RTOS Condition cause : null
2025-06-14 13:38:46,556 [WARN] ConditionMgr:1039 - genDependencies : Invalid condition id : UX DEVICE CLASS RTOS Condition cause : null
2025-06-14 13:38:46,556 [WARN] ConditionMgr:1039 - genDependencies : Invalid condition id : UX DEVICE CLASS RTOS Condition cause : null
2025-06-14 13:38:46,556 [WARN] ConditionMgr:1039 - genDependencies : Invalid condition id : UX DEVICE CLASS RTOS Condition cause : null
2025-06-14 13:38:46,556 [WARN] ConditionMgr:1039 - genDependencies : Invalid condition id : UX DEVICE CLASS RTOS Condition cause : null
2025-06-14 13:38:46,572 [WARN] PackLoader:240 - Cannot read IP mode file for STMicroelectronics.X-CUBE-FREERTOS.1.3.1
2025-06-14 13:38:46,587 [WARN] PackLoader:240 - Cannot read IP mode file for STMicroelectronics.X-CUBE-NFC7.1.0.1
2025-06-14 13:38:46,602 [WARN] PackLoader:240 - Cannot read IP mode file for STMicroelectronics.X-CUBE-NFC7.1.0.0
2025-06-14 13:38:46,618 [WARN] PackLoader:240 - Cannot read IP mode file for STMicroelectronics.X-CUBE-NFC6.3.0.0
2025-06-14 13:38:46,639 [WARN] PackLoader:240 - Cannot read IP mode file for STMicroelectronics.X-CUBE-EEPRMA1.4.1.0
2025-06-14 13:38:46,652 [ERROR] Engine:466 - C:\Users\LEGION\.stm32cubemx\thirdparties\pdsc\STMicroelectronics.X-CUBE-DPower.1.3.0.pdsc: PDSC version is not supported
2025-06-14 13:38:46,666 [WARN] PackLoader:240 - Cannot read IP mode file for STMicroelectronics.X-CUBE-AI.8.1.0
2025-06-14 13:38:46,690 [WARN] ConditionMgr:438 - getConditionDescription Invalid condition id : LAN8742 Phy interface Condition cause : null
2025-06-14 13:38:46,690 [WARN] PackLoader:240 - Cannot read IP mode file for STMicroelectronics.X-CUBE-AZRTOS-L4.2.0.0
2025-06-14 13:38:46,691 [WARN] ConditionMgr:1039 - genDependencies : Invalid condition id : LAN8742 Phy interface Condition cause : null
2025-06-14 13:38:46,691 [WARN] ConditionMgr:1039 - genDependencies : Invalid condition id : LAN8742 Phy interface Condition cause : null
2025-06-14 13:38:46,691 [WARN] ConditionMgr:1039 - genDependencies : Invalid condition id : LAN8742 Phy interface Condition cause : null
2025-06-14 13:38:46,705 [WARN] PackLoader:240 - Cannot read IP mode file for STMicroelectronics.X-CUBE-SFXS2LP1.4.0.0
2025-06-14 13:38:46,717 [WARN] PackLoader:240 - Cannot read IP mode file for STMicroelectronics.X-CUBE-ISPU.1.1.0
2025-06-14 13:38:46,737 [WARN] PackLoader:240 - Cannot read IP mode file for STMicroelectronics.X-CUBE-AZRTOS-H7.3.3.0
2025-06-14 13:38:46,750 [ERROR] Engine:466 - C:\Users\LEGION\.stm32cubemx\thirdparties\pdsc\STMicroelectronics.X-CUBE-IPS.3.0.0.pdsc: PDSC version is not supported
2025-06-14 13:38:46,767 [WARN] ConditionMgr:438 - getConditionDescription Invalid condition id : UX DEVICE CLASS RTOS Condition cause : null
2025-06-14 13:38:46,767 [WARN] ConditionMgr:438 - getConditionDescription Invalid condition id : UX DEVICE CLASS RTOS Condition cause : null
2025-06-14 13:38:46,768 [WARN] PackLoader:240 - Cannot read IP mode file for STMicroelectronics.X-CUBE-AZRTOS-WB.2.0.0
2025-06-14 13:38:46,768 [WARN] ConditionMgr:1039 - genDependencies : Invalid condition id : UX DEVICE CLASS RTOS Condition cause : null
2025-06-14 13:38:46,768 [WARN] ConditionMgr:1039 - genDependencies : Invalid condition id : UX DEVICE CLASS RTOS Condition cause : null
2025-06-14 13:38:46,769 [WARN] ConditionMgr:1039 - genDependencies : Invalid condition id : UX DEVICE CLASS RTOS Condition cause : null
2025-06-14 13:38:46,769 [WARN] ConditionMgr:1039 - genDependencies : Invalid condition id : UX DEVICE CLASS RTOS Condition cause : null
2025-06-14 13:38:46,769 [WARN] ConditionMgr:1039 - genDependencies : Invalid condition id : UX DEVICE CLASS RTOS Condition cause : null
2025-06-14 13:38:46,789 [WARN] PackLoader:240 - Cannot read IP mode file for STMicroelectronics.X-CUBE-FREERTOS.1.0.1
2025-06-14 13:38:46,801 [WARN] PackLoader:240 - Cannot read IP mode file for STMicroelectronics.X-CUBE-GNSS1.7.0.0
2025-06-14 13:38:46,813 [WARN] PackLoader:240 - Cannot read IP mode file for STMicroelectronics.X-CUBE-GNSS1.7.0.1
2025-06-14 13:38:46,825 [WARN] PackLoader:240 - Cannot read IP mode file for STMicroelectronics.X-CUBE-TOUCHGFX.4.25.0
2025-06-14 13:38:46,844 [WARN] PackLoader:240 - Cannot read IP mode file for STMicroelectronics.X-CUBE-AZRTOS-L5.1.1.0
2025-06-14 13:38:46,857 [WARN] PackLoader:240 - Cannot read IP mode file for STMicroelectronics.X-CUBE-AI.8.0.1
2025-06-14 13:38:46,873 [WARN] PackLoader:240 - Cannot read IP mode file for STMicroelectronics.X-CUBE-SUBG2.5.0.0
2025-06-14 13:38:46,899 [WARN] PackLoader:240 - Cannot read IP mode file for STMicroelectronics.X-CUBE-AZRTOS-H7RS.1.1.0
2025-06-14 13:38:46,913 [WARN] PackLoader:240 - Cannot read IP mode file for Cesanta.I-CUBE-Mongoose.7.13.0
2025-06-14 13:38:46,933 [WARN] PackLoader:240 - Cannot read IP mode file for STMicroelectronics.X-CUBE-AZRTOS-G4.2.0.0
2025-06-14 13:38:46,955 [WARN] PackLoader:240 - Cannot read IP mode file for STMicroelectronics.X-CUBE-TOF1.3.3.0
2025-06-14 13:38:46,976 [WARN] PackLoader:240 - Cannot read IP mode file for Infineon.AIROC-Wi-Fi-Bluetooth-STM32.1.5.1
2025-06-14 13:38:46,990 [WARN] PackLoader:240 - Cannot read IP mode file for wolfSSL.I-CUBE-wolfSSH.1.4.20
2025-06-14 13:38:47,002 [WARN] PackLoader:240 - Cannot read IP mode file for STMicroelectronics.X-CUBE-NFC7.2.0.0
2025-06-14 13:38:47,014 [WARN] PackLoader:240 - Cannot read IP mode file for STMicroelectronics.FP-SNS-MOTENVWB1.1.3.1
2025-06-14 13:38:47,026 [WARN] PackLoader:240 - Cannot read IP mode file for STMicroelectronics.X-CUBE-ISPU.2.0.0
2025-06-14 13:38:47,040 [ERROR] Engine:466 - C:\Users\LEGION\.stm32cubemx\thirdparties\pdsc\STMicroelectronics.X-CUBE-IPS.3.1.0.pdsc: PDSC version is not supported
2025-06-14 13:38:47,053 [WARN] PackLoader:240 - Cannot read IP mode file for STMicroelectronics.X-CUBE-ALS.1.0.2
2025-06-14 13:38:47,091 [WARN] PackLoader:240 - Cannot read IP mode file for STMicroelectronics.X-CUBE-MEMS1.10.0.0
2025-06-14 13:38:47,165 [WARN] PackLoader:240 - Cannot read IP mode file for STMicroelectronics.X-CUBE-FREERTOS.1.1.0
2025-06-14 13:38:47,178 [WARN] PackLoader:240 - Cannot read IP mode file for STMicroelectronics.X-CUBE-TOUCHGFX.4.24.0
2025-06-14 13:38:47,206 [WARN] PackLoader:240 - Cannot read IP mode file for STMicroelectronics.X-CUBE-TOUCHGFX.4.24.1
2025-06-14 13:38:47,226 [WARN] PackLoader:240 - Cannot read IP mode file for portGmbH.I-Cube-SoM-uGOAL.1.1.0
2025-06-14 13:38:47,238 [WARN] PackLoader:240 - Cannot read IP mode file for STMicroelectronics.X-CUBE-ALS.1.0.1
2025-06-14 13:38:47,256 [WARN] PackLoader:240 - Cannot read IP mode file for STMicroelectronics.X-CUBE-AZRTOS-WB.1.1.0
2025-06-14 13:38:47,280 [WARN] PackLoader:240 - Cannot read IP mode file for STMicroelectronics.X-CUBE-AZRTOS-H7RS.1.0.0
2025-06-14 13:38:47,294 [WARN] PackLoader:240 - Cannot read IP mode file for STMicroelectronics.FP-ATR-ASTRA1.2.0.0
2025-06-14 13:38:47,307 [ERROR] Engine:466 - C:\Users\LEGION\.stm32cubemx\thirdparties\pdsc\STMicroelectronics.X-CUBE-TOF1.3.4.2.pdsc: PDSC version is not supported
2025-06-14 13:38:47,325 [ERROR] Engine:466 - C:\Users\LEGION\.stm32cubemx\thirdparties\pdsc\STMicroelectronics.X-CUBE-TOF1.3.4.3.pdsc: PDSC version is not supported
2025-06-14 13:38:47,343 [WARN] PackLoader:240 - Cannot read IP mode file for STMicroelectronics.X-CUBE-TOF1.3.4.0
2025-06-14 13:38:47,365 [WARN] PackLoader:240 - Cannot read IP mode file for STMicroelectronics.X-CUBE-TOF1.3.4.1
2025-06-14 13:38:47,399 [WARN] PackLoader:240 - Cannot read IP mode file for STMicroelectronics.X-CUBE-AZRTOS-H7.3.2.0
2025-06-14 13:38:47,401 [INFO] ThirdParty:978 - Integrity check success = true
2025-06-14 13:38:47,401 [INFO] IntegrityCheckThread:100 - exiting critical section [integrity check]
2025-06-14 13:38:47,401 [INFO] IntegrityCheckThread:103 - End integrity checks thread
2025-06-14 13:38:47,402 [INFO] ThirdParty:873 - entering critical section [close project]
2025-06-14 13:38:47,403 [INFO] ThirdParty:883 - exiting critical section [close project]
2025-06-14 13:38:47,405 [INFO] PinOutPanel:1499 - setPackage(No Configuration,No Configuration)
2025-06-14 13:38:47,410 [INFO] UtilMem:75 - Begin LoadConfig() Used Memory: 664982712 Bytes (725614592)
2025-06-14 13:38:47,411 [INFO] MicroXplorer:468 - Change Database Path : 
2025-06-14 13:38:47,411 [INFO] MicroXplorer:498 - Change Database Version : DB.6.0.81
2025-06-14 13:38:47,411 [INFO] OpenFileManager:308 - Change cursor
2025-06-14 13:38:47,450 [INFO] Mcu:1937 - Initializing MCU STM32F411C(C-E)Ux STM32F411CEUx STM32F411CEU6
2025-06-14 13:38:48,508 [INFO] Context:659 - Trying to add GPIOservice into a context  which must be forbidden
2025-06-14 13:38:49,033 [INFO] RtosManager:555 - Registered RTOS mode: class=CMSIS, group=RTOS, mode=CMSIS_V1, owner=FREERTOS
2025-06-14 13:38:49,033 [INFO] RtosManager:555 - Registered RTOS mode: class=CMSIS, group=RTOS2, mode=CMSIS_V2, owner=FREERTOS
2025-06-14 13:38:49,033 [INFO] RtosManager:555 - Registered RTOS mode: class=RTOS, group=Core, mode=CMSIS_V1, owner=FREERTOS
2025-06-14 13:38:49,033 [INFO] RtosManager:555 - Registered RTOS mode: class=RTOS, group=Core, mode=CMSIS_V2, owner=FREERTOS
2025-06-14 13:38:49,034 [WARN] ModelIntegratedComponent:184 - Missing modes for component STMicroelectronics:FreeRTOS:0.0.1:STMicroelectronics:RTOS:FreeRTOS:Core:::10.2.0:
2025-06-14 13:38:49,040 [WARN] ModelIntegratedComponent:63 - No mode defined for component null
2025-06-14 13:38:49,040 [WARN] ModelIntegratedComponent:63 - No mode defined for component null
2025-06-14 13:38:49,040 [WARN] ModelIntegratedComponent:63 - No mode defined for component null
2025-06-14 13:38:49,040 [WARN] ModelIntegratedComponent:63 - No mode defined for component null
2025-06-14 13:38:49,040 [WARN] ModelIntegratedComponent:63 - No mode defined for component null
2025-06-14 13:38:49,040 [WARN] ModelIntegratedComponent:63 - No mode defined for component null
2025-06-14 13:38:49,040 [WARN] ModelIntegratedComponent:63 - No mode defined for component null
2025-06-14 13:38:49,040 [WARN] ModelIntegratedComponent:63 - No mode defined for component null
2025-06-14 13:38:49,040 [WARN] ModelIntegratedComponent:63 - No mode defined for component null
2025-06-14 13:38:49,040 [WARN] ModelIntegratedComponent:63 - No mode defined for component null
2025-06-14 13:38:49,040 [WARN] ModelIntegratedComponent:63 - No mode defined for component null
2025-06-14 13:38:49,040 [WARN] ModelIntegratedComponent:63 - No mode defined for component null
2025-06-14 13:38:49,040 [WARN] ModelIntegratedComponent:63 - No mode defined for component null
2025-06-14 13:38:49,041 [WARN] ModelIntegratedComponent:63 - No mode defined for component null
2025-06-14 13:38:49,041 [WARN] ModelIntegratedComponent:63 - No mode defined for component null
2025-06-14 13:38:49,041 [WARN] ModelIntegratedComponent:63 - No mode defined for component null
2025-06-14 13:38:49,041 [WARN] ModelIntegratedComponent:63 - No mode defined for component null
2025-06-14 13:38:49,041 [WARN] ModelIntegratedComponent:63 - No mode defined for component null
2025-06-14 13:38:49,041 [WARN] ModelIntegratedComponent:63 - No mode defined for component null
2025-06-14 13:38:49,041 [WARN] ModelIntegratedComponent:63 - No mode defined for component null
2025-06-14 13:38:49,041 [WARN] ModelIntegratedComponent:63 - No mode defined for component null
2025-06-14 13:38:49,041 [WARN] ModelIntegratedComponent:63 - No mode defined for component null
2025-06-14 13:38:49,041 [WARN] ModelIntegratedComponent:63 - No mode defined for component null
2025-06-14 13:38:49,041 [WARN] ModelIntegratedComponent:63 - No mode defined for component null
2025-06-14 13:38:49,041 [WARN] ModelIntegratedComponent:63 - No mode defined for component null
2025-06-14 13:38:49,041 [WARN] ModelIntegratedComponent:63 - No mode defined for component null
2025-06-14 13:38:49,041 [WARN] ModelIntegratedComponent:63 - No mode defined for component null
2025-06-14 13:38:49,041 [WARN] ModelIntegratedComponent:63 - No mode defined for component null
2025-06-14 13:38:49,042 [WARN] ModelIntegratedComponent:63 - No mode defined for component null
2025-06-14 13:38:49,042 [WARN] ModelIntegratedComponent:63 - No mode defined for component null
2025-06-14 13:38:49,042 [WARN] ModelIntegratedComponent:63 - No mode defined for component null
2025-06-14 13:38:49,042 [WARN] ModelIntegratedComponent:63 - No mode defined for component null
2025-06-14 13:38:49,042 [WARN] ModelIntegratedComponent:63 - No mode defined for component null
2025-06-14 13:38:49,046 [WARN] ModelIntegratedComponent:182 - Modes not found for component STMicroelectronics:USB_DEVICE:1.0.0:STMicroelectronics:USB::USB Device:Audio HS::1.0:USB_DEVICE_1_0_RESTRICTED_HS
2025-06-14 13:38:49,047 [WARN] ModelIntegratedComponent:188 - Modes not found for component STMicroelectronics:USB_DEVICE:1.0.0:STMicroelectronics:USB::USB Device:Audio HS::1.0:USB_DEVICE_1_0_RESTRICTED_HS
2025-06-14 13:38:49,047 [WARN] ModelIntegratedComponent:182 - Modes not found for component STMicroelectronics:USB_DEVICE:1.0.0:STMicroelectronics:USB::USB Device:CDC HS::1.0:USB_DEVICE_1_0_RESTRICTED_HS
2025-06-14 13:38:49,047 [WARN] ModelIntegratedComponent:188 - Modes not found for component STMicroelectronics:USB_DEVICE:1.0.0:STMicroelectronics:USB::USB Device:CDC HS::1.0:USB_DEVICE_1_0_RESTRICTED_HS
2025-06-14 13:38:49,047 [WARN] ModelIntegratedComponent:182 - Modes not found for component STMicroelectronics:USB_DEVICE:1.0.0:STMicroelectronics:USB::USB Device:DFU HS::1.0:USB_DEVICE_1_0_RESTRICTED_HS
2025-06-14 13:38:49,047 [WARN] ModelIntegratedComponent:188 - Modes not found for component STMicroelectronics:USB_DEVICE:1.0.0:STMicroelectronics:USB::USB Device:DFU HS::1.0:USB_DEVICE_1_0_RESTRICTED_HS
2025-06-14 13:38:49,047 [WARN] ModelIntegratedComponent:182 - Modes not found for component STMicroelectronics:USB_DEVICE:1.0.0:STMicroelectronics:USB::USB Device:HID HS::1.0:USB_DEVICE_1_0_RESTRICTED_HS
2025-06-14 13:38:49,047 [WARN] ModelIntegratedComponent:188 - Modes not found for component STMicroelectronics:USB_DEVICE:1.0.0:STMicroelectronics:USB::USB Device:HID HS::1.0:USB_DEVICE_1_0_RESTRICTED_HS
2025-06-14 13:38:49,047 [WARN] ModelIntegratedComponent:182 - Modes not found for component STMicroelectronics:USB_DEVICE:1.0.0:STMicroelectronics:USB::USB Device:Custom HID HS::1.0:USB_DEVICE_1_0_RESTRICTED_HS
2025-06-14 13:38:49,047 [WARN] ModelIntegratedComponent:188 - Modes not found for component STMicroelectronics:USB_DEVICE:1.0.0:STMicroelectronics:USB::USB Device:Custom HID HS::1.0:USB_DEVICE_1_0_RESTRICTED_HS
2025-06-14 13:38:49,047 [WARN] ModelIntegratedComponent:182 - Modes not found for component STMicroelectronics:USB_DEVICE:1.0.0:STMicroelectronics:USB::USB Device:MSC HS::1.0:USB_DEVICE_1_0_RESTRICTED_HS
2025-06-14 13:38:49,047 [WARN] ModelIntegratedComponent:188 - Modes not found for component STMicroelectronics:USB_DEVICE:1.0.0:STMicroelectronics:USB::USB Device:MSC HS::1.0:USB_DEVICE_1_0_RESTRICTED_HS
2025-06-14 13:38:49,109 [WARN] ModelIntegratedComponent:182 - Modes not found for component STMicroelectronics:USB_HOST:1.0.0:STMicroelectronics:USB::USB Host:Audio HS::1.0:USB_HOST_1_0_RESTRICTED_HS
2025-06-14 13:38:49,109 [WARN] ModelIntegratedComponent:188 - Modes not found for component STMicroelectronics:USB_HOST:1.0.0:STMicroelectronics:USB::USB Host:Audio HS::1.0:USB_HOST_1_0_RESTRICTED_HS
2025-06-14 13:38:49,109 [WARN] ModelIntegratedComponent:182 - Modes not found for component STMicroelectronics:USB_HOST:1.0.0:STMicroelectronics:USB::USB Host:CDC HS::1.0:USB_HOST_1_0_RESTRICTED_HS
2025-06-14 13:38:49,109 [WARN] ModelIntegratedComponent:188 - Modes not found for component STMicroelectronics:USB_HOST:1.0.0:STMicroelectronics:USB::USB Host:CDC HS::1.0:USB_HOST_1_0_RESTRICTED_HS
2025-06-14 13:38:49,109 [WARN] ModelIntegratedComponent:182 - Modes not found for component STMicroelectronics:USB_HOST:1.0.0:STMicroelectronics:USB::USB Host:MSC HS::1.0:USB_HOST_1_0_RESTRICTED_HS
2025-06-14 13:38:49,109 [WARN] ModelIntegratedComponent:188 - Modes not found for component STMicroelectronics:USB_HOST:1.0.0:STMicroelectronics:USB::USB Host:MSC HS::1.0:USB_HOST_1_0_RESTRICTED_HS
2025-06-14 13:38:49,109 [WARN] ModelIntegratedComponent:182 - Modes not found for component STMicroelectronics:USB_HOST:1.0.0:STMicroelectronics:USB::USB Host:HID HS::1.0:USB_HOST_1_0_RESTRICTED_HS
2025-06-14 13:38:49,109 [WARN] ModelIntegratedComponent:188 - Modes not found for component STMicroelectronics:USB_HOST:1.0.0:STMicroelectronics:USB::USB Host:HID HS::1.0:USB_HOST_1_0_RESTRICTED_HS
2025-06-14 13:38:49,109 [WARN] ModelIntegratedComponent:182 - Modes not found for component STMicroelectronics:USB_HOST:1.0.0:STMicroelectronics:USB::USB Host:MTP HS::1.0:USB_HOST_1_0_RESTRICTED_HS
2025-06-14 13:38:49,109 [WARN] ModelIntegratedComponent:188 - Modes not found for component STMicroelectronics:USB_HOST:1.0.0:STMicroelectronics:USB::USB Host:MTP HS::1.0:USB_HOST_1_0_RESTRICTED_HS
2025-06-14 13:38:49,241 [INFO] ThirdPartyModel:298 - Start build external matchings
2025-06-14 13:38:50,534 [INFO] ThirdPartyModel:316 - End build external matchings
2025-06-14 13:38:50,585 [INFO] ImportTextPane:194 - (OptionalMessage_ERROR) IP (RCC) : Parameter (RTCHSEDivFreq_Value) has invalid value (12500000)
2025-06-14 13:38:50,587 [WARN] IP:2113 - DEVICE_SERIAL0_CDC_FS not found: check if there is a RefParameter without a condition.
2025-06-14 13:38:50,587 [WARN] IP:2113 - DEVICE_SERIAL1_CDC_FS not found: check if there is a RefParameter without a condition.
2025-06-14 13:38:50,587 [WARN] IP:2113 - DEVICE_SERIAL2_CDC_FS not found: check if there is a RefParameter without a condition.
2025-06-14 13:38:50,814 [INFO] UtilMem:75 - End LoadConfig() Used Memory: 655034296 Bytes (742391808)
2025-06-14 13:38:51,011 [INFO] ApiDb:581 - Connected to CubeFinder SQLite database (C:\Users\LEGION\.stmcufinder\plugins\mcufinder\mcu\cube-finder-db.db)
2025-06-14 13:38:51,092 [INFO] ApiDb:668 - CubeFinder database Data Model version=2.1
2025-06-14 13:38:51,093 [INFO] ApiDb:669 - CubeFinder database Configuration version=3.0.39
2025-06-14 13:38:51,093 [INFO] ApiDb:670 - CubeFinder database generation date=2025-05-20 (1747743314)
2025-06-14 13:38:51,093 [INFO] ApiDb:671 - CubeFinder database FW Pack versions=[FP-ATR-ASTRA1_V2.0.0, FP-SNS-FLIGHT1_V5.1.0, FP-SNS-MOTENV1_V5.0.0, FP-SNS-MOTENVWB1_V1.4.0, FP-SNS-SMARTAG2_V1.2.0, FP-SNS-STBOX1_V2.0.0, STM32Cube_FW_C0_V1.4.0, STM32Cube_FW_F4_V1.28.2, STM32Cube_FW_F7_V1.17.3, STM32Cube_FW_G0_V1.6.2, STM32Cube_FW_G4_V1.6.1, STM32Cube_FW_H5_V1.5.0, STM32Cube_FW_H7RS_V1.2.0, STM32Cube_FW_H7_V1.12.1, STM32Cube_FW_L0_V1.12.2, STM32Cube_FW_L4_V1.18.1, STM32Cube_FW_L5_V1.5.1, STM32Cube_FW_N6_V1.1.1, STM32Cube_FW_U0_V1.2.0, STM32Cube_FW_U3_V1.1.0, STM32Cube_FW_U5_V1.7.0, STM32Cube_FW_WB0_V1.2.0, STM32Cube_FW_WBA_V1.6.0, STM32Cube_FW_WB_V1.22.0, STM32Cube_FW_WL3_V1.1.0, STM32Cube_FW_WL_V1.3.1, X-CUBE-ALGOBUILD_V1.4.0, X-CUBE-ALS_V1.0.2, X-CUBE-AZRTOS-F4_V1.1.0, X-CUBE-AZRTOS-F7_V1.1.0, X-CUBE-AZRTOS-G0_V1.1.0, X-CUBE-AZRTOS-G4_V2.0.0, X-CUBE-AZRTOS-H7RS_V1.1.0, X-CUBE-AZRTOS-H7_V3.3.0, X-CUBE-AZRTOS-L4_V2.0.0, X-CUBE-AZRTOS-L5_V2.0.0, X-CUBE-AZRTOS-WB_V2.0.0, X-CUBE-AZRTOS-WL_V2.0.0, X-CUBE-BLE1_V7.1.0, X-CUBE-BLE2_V3.3.0, X-CUBE-BLEMGR_V4.0.0, X-CUBE-EEPRMA1_V5.1.0, X-CUBE-FREERTOS_V1.3.1, X-CUBE-GNSS1_V6.0.0, X-CUBE-MEMS1_V11.2.0, X-CUBE-NFC4_V3.0.0, X-CUBE-NFC7_V2.0.0, X-CUBE-SFXS2LP1_V4.0.0, X-CUBE-SUBG2_V5.0.0, X-CUBE-TOF1_V3.4.3]
2025-06-14 13:38:53,365 [INFO] ApiDb:240 - Found 297 in-development CPN: [B-G473E-ZEST1S, B-WB1M-WPAN1, B-WL5M-SUBG1, NUCLEO-C031C6, NUCLEO-H503RB, NUCLEO-H563ZI, NUCLEO-U545RE-Q, NUCLEO-U5A5ZJ-Q, NUCLEO-WBA52CG, STEVAL-PROTEUS1, STEVAL-STWINBX1, STM320518-EVAL, STM32C0116-DK, STM32C011D6Y3TR, STM32C011D6Y6TR, STM32C011F4P3, STM32C011F4P6, STM32C011F4U3, STM32C011F4U6TR, STM32C011F6P3, STM32C011F6P6, STM32C011F6U3, STM32C011F6U6TR, STM32C011J4M3, STM32C011J4M6, STM32C011J6M3, STM32C011J6M6, STM32C0316-DK, STM32C031C4T3, STM32C031C4T6, STM32C031C4U3, STM32C031C4U6, STM32C031C6T3, STM32C031C6T6, STM32C031C6U3, STM32C031C6U6, STM32C031F4P3, STM32C031F4P6, STM32C031F6P3, STM32C031F6P6, STM32C031G4U3, STM32C031G4U6, STM32C031G6U3, STM32C031G6U6, STM32C031K4T3, STM32C031K4T6, STM32C031K4U3, STM32C031K4U6, STM32C031K6T3, STM32C031K6T6, STM32C031K6U3, STM32C031K6U6, STM32G071K8TXN, STM32G071K8UXN, STM32G081GBU6N, STM32G081KBT6N, STM32G081KBUXN, STM32G0B1CCT6N, STM32G0B1KCT6, STM32G0B1NEY6TR, STM32G0B1RCT6N, STM32G0C1CCT6, STM32G0C1CCT6N, STM32G0C1CCU6N, STM32G0C1CET6N, STM32G0C1CEU6N, STM32G0C1KCT6, STM32G0C1NEY6TR, STM32G0C1RCI6N, STM32G0C1RCT6N, STM32G0C1REI6N, STM32G0C1RET6N, STM32G0C1VCI6, STM32G0C1VEI6, STM32G471CCT6, STM32G471CCU6, STM32G471CET3, STM32G471CET6, STM32G471CEU3, STM32G471CEU6, STM32G471MCT6, STM32G471MET3, STM32G471MET6, STM32G471MEY6TR, STM32G471QCT6, STM32G471QET3, STM32G471RCT6, STM32G471RET3, STM32G471RET6, STM32G471VCH6, STM32G471VCI6, STM32G471VCT6, STM32G471VEH3, STM32G471VEH6, STM32G471VEI3, STM32G471VEI6, STM32G471VET3, STM32G471VET6, STM32G474CCT6, STM32H503CBT6, STM32H503CBU6, STM32H503EBY6TR, STM32H503KBU6, STM32H503RBT6, STM32H562AGI6, STM32H562AII6, STM32H562IGK6, STM32H562IGT6, STM32H562IIK6, STM32H562IIT6, STM32H562RGT6, STM32H562RGV6, STM32H562RIT6, STM32H562RIV6, STM32H562VGT6, STM32H562VIT6, STM32H562ZGT6, STM32H562ZIT6, STM32H563AGI6, STM32H563AII3Q, STM32H563AII6, STM32H563IGK6, STM32H563IGT6, STM32H563IIK3Q, STM32H563IIK6, STM32H563IIT3Q, STM32H563IIT6, STM32H563MIY3QTR, STM32H563RGT6, STM32H563RGV6, STM32H563RIT6, STM32H563RIV6, STM32H563VGT6, STM32H563VIT3Q, STM32H563VIT6, STM32H563ZGT6, STM32H563ZIT3Q, STM32H563ZIT6, STM32H573AII3Q, STM32H573AII6, STM32H573I-DK, STM32H573IIK3Q, STM32H573IIK6, STM32H573IIT3Q, STM32H573IIT6, STM32H573MIY3QTR, STM32H573RIT6, STM32H573RIV6, STM32H573VIT3Q, STM32H573VIT6, STM32H573ZIT3Q, STM32H573ZIT6, STM32L4R5QGI6STR, STM32MP131AAE3, STM32MP131AAF3, STM32MP131AAG3, STM32MP131CAE3, STM32MP131CAF3, STM32MP131CAG3, STM32MP131DAE7, STM32MP131DAF7, STM32MP131DAG7, STM32MP131FAE7, STM32MP131FAF7, STM32MP131FAG7, STM32MP133AAE3, STM32MP133AAF3, STM32MP133AAG3, STM32MP133CAE3, STM32MP133CAF3, STM32MP133CAG3, STM32MP133DAE7, STM32MP133DAF7, STM32MP133DAG7, STM32MP133FAE7, STM32MP133FAF7, STM32MP133FAG7, STM32MP135AAE3, STM32MP135AAF3, STM32MP135AAG3, STM32MP135CAE3, STM32MP135CAF3, STM32MP135CAG3, STM32MP135DAE7, STM32MP135DAF7, STM32MP135DAG7, STM32MP135F-DK, STM32MP135FAE7, STM32MP135FAF7, STM32MP135FAF7T, STM32MP135FAF7U, STM32MP135FAG7, STM32U535CBT6, STM32U535CBT6Q, STM32U535CBU6, STM32U535CBU6Q, STM32U535CCT6, STM32U535CCT6Q, STM32U535CCU6, STM32U535CCU6Q, STM32U535CET6, STM32U535CET6Q, STM32U535CEU6, STM32U535CEU6Q, STM32U535JEY6QTR, STM32U535NCY6QTR, STM32U535NEY6QTR, STM32U535RBI6, STM32U535RBI6Q, STM32U535RBT6, STM32U535RBT6Q, STM32U535RCI6, STM32U535RCI6Q, STM32U535RCT6, STM32U535RCT6Q, STM32U535REI6, STM32U535REI6Q, STM32U535RET6, STM32U535RET6Q, STM32U535VCI6, STM32U535VCI6Q, STM32U535VCT6, STM32U535VCT6Q, STM32U535VEI6, STM32U535VEI6Q, STM32U535VET6, STM32U535VET6Q, STM32U545CET6, STM32U545CET6Q, STM32U545CEU6, STM32U545CEU6Q, STM32U545JEY6QTR, STM32U545NEY6QTR, STM32U545REI6, STM32U545REI6Q, STM32U545RET6, STM32U545RET6Q, STM32U545VEI6, STM32U545VEI6Q, STM32U545VET6, STM32U545VET6Q, STM32U595AIH6, STM32U595AIH6Q, STM32U595AJH6, STM32U595AJH6Q, STM32U595QII6, STM32U595QII6Q, STM32U595QJI6, STM32U595QJI6Q, STM32U595RIT6, STM32U595RIT6Q, STM32U595RJT6, STM32U595RJT6Q, STM32U595VIT6, STM32U595VIT6Q, STM32U595VJT6, STM32U595VJT6Q, STM32U595ZIT6, STM32U595ZIT6Q, STM32U595ZIY6QTR, STM32U595ZJT6, STM32U595ZJT6Q, STM32U595ZJY6QTR, STM32U599BJY6QTR, STM32U599NIH6Q, STM32U599NJH6Q, STM32U599VIT6Q, STM32U599VJT6, STM32U599VJT6Q, STM32U599ZIT6Q, STM32U599ZIY6QTR, STM32U599ZJT6Q, STM32U599ZJY6QTR, STM32U5A5AJH6, STM32U5A5AJH6Q, STM32U5A5QJI6, STM32U5A5QJI6Q, STM32U5A5RJT6, STM32U5A5RJT6Q, STM32U5A5VJT6, STM32U5A5VJT6Q, STM32U5A5ZJT6, STM32U5A5ZJT6Q, STM32U5A5ZJY6QTR, STM32U5A9BJY6QTR, STM32U5A9J-DK, STM32U5A9NJH6Q, STM32U5A9VJT6Q, STM32U5A9ZJT6Q, STM32U5A9ZJY6QTR, STM32WB1MMCH6, STM32WBA52CEU6, STM32WBA52CEU6T, STM32WBA52CGU6, STM32WBA52CGU6T, STM32WL5MOCH6, STM32WL5MOCH6TR]
2025-06-14 13:38:53,369 [INFO] DbMcus:216 - Found 4635 MCUs, 4635 are supported
2025-06-14 13:38:53,371 [INFO] ApiDb:423 - Load user favorites file C:\Users\LEGION/.stm32cubeide/favorites.mcus.txt: 0 item(s)
2025-06-14 13:38:53,372 [INFO] ApiDb:427 - User favorites MCUs=[]
2025-06-14 13:38:53,372 [INFO] DbMcus:222 - Set 0 / 0 favorites MCUs
2025-06-14 13:38:53,849 [WARN] ThirdParty:833 - waiting for thirdparty lock release [change project]
2025-06-14 13:38:53,849 [INFO] ThirdParty:835 - entering critical section [change project]
2025-06-14 13:38:53,849 [INFO] ThirdParty:1030 - CMSIS Pack Vendor :STMicroelectronics X-CUBE-GNSS1 6.0.0
2025-06-14 13:38:53,849 [INFO] ThirdParty:1030 - CMSIS Pack Vendor :STMicroelectronics USB_HOST 2.0.0
2025-06-14 13:38:53,849 [INFO] ThirdParty:1030 - CMSIS Pack Vendor :STMicroelectronics FP-SNS-MOTENVWB1 1.4.0
2025-06-14 13:38:53,849 [INFO] ThirdParty:1030 - CMSIS Pack Vendor :STMicroelectronics X-CUBE-AZRTOS-F4 1.1.0
2025-06-14 13:38:53,849 [INFO] ThirdParty:1030 - CMSIS Pack Vendor :STMicroelectronics LIBJPEG 8.0.0
2025-06-14 13:38:53,849 [INFO] ThirdParty:1030 - CMSIS Pack Vendor :STMicroelectronics FP-ATR-ASTRA1 2.0.2
2025-06-14 13:38:53,849 [INFO] ThirdParty:1030 - CMSIS Pack Vendor :STMicroelectronics FP-ATR-ASTRA1 2.0.1
2025-06-14 13:38:53,849 [INFO] ThirdParty:1030 - CMSIS Pack Vendor :STMicroelectronics X-CUBE-SMBUS 2.1.0
2025-06-14 13:38:53,849 [INFO] ThirdParty:1030 - CMSIS Pack Vendor :wolfSSL I-CUBE-wolfSSL 5.6.0
2025-06-14 13:38:53,849 [INFO] ThirdParty:1030 - CMSIS Pack Vendor :STMicroelectronics X-CUBE-FREERTOS 1.2.0
2025-06-14 13:38:53,849 [INFO] ThirdParty:1030 - CMSIS Pack Vendor :STMicroelectronics X-CUBE-TOUCHGFX 4.23.0
2025-06-14 13:38:53,849 [INFO] ThirdParty:1030 - CMSIS Pack Vendor :STMicroelectronics X-CUBE-TOUCHGFX 4.23.2
2025-06-14 13:38:53,849 [INFO] ThirdParty:1030 - CMSIS Pack Vendor :STMicroelectronics X-CUBE-AZRTOS-F7 1.1.0
2025-06-14 13:38:53,849 [INFO] ThirdParty:1030 - CMSIS Pack Vendor :STMicroelectronics X-CUBE-AZRTOS-L5 2.0.0
2025-06-14 13:38:53,849 [INFO] ThirdParty:1030 - CMSIS Pack Vendor :STMicroelectronics USB_DEVICE 2.0.0
2025-06-14 13:38:53,849 [INFO] ThirdParty:1030 - CMSIS Pack Vendor :STMicroelectronics X-CUBE-MEMS1 9.6.0
2025-06-14 13:38:53,850 [INFO] ThirdParty:1030 - CMSIS Pack Vendor :STMicroelectronics X-CUBE-NFC6 3.1.0
2025-06-14 13:38:53,850 [INFO] ThirdParty:1030 - CMSIS Pack Vendor :ITTIA_DB I-CUBE-ITTIADB 8.8.0
2025-06-14 13:38:53,850 [INFO] ThirdParty:1030 - CMSIS Pack Vendor :STMicroelectronics FP-SNS-MOTENV1 4.3.2
2025-06-14 13:38:53,850 [INFO] ThirdParty:1030 - CMSIS Pack Vendor :STMicroelectronics FP-SNS-MOTENV1 4.3.1
2025-06-14 13:38:53,850 [INFO] ThirdParty:1030 - CMSIS Pack Vendor :STMicroelectronics FP-SNS-FLIGHT1 5.0.1
2025-06-14 13:38:53,850 [INFO] ThirdParty:1030 - CMSIS Pack Vendor :STMicroelectronics X-CUBE-MEMS1 11.0.0
2025-06-14 13:38:53,850 [INFO] ThirdParty:1030 - CMSIS Pack Vendor :STMicroelectronics X-CUBE-BLE1 6.2.4
2025-06-14 13:38:53,850 [INFO] ThirdParty:1030 - CMSIS Pack Vendor :STMicroelectronics FreeRTOS 0.0.1
2025-06-14 13:38:53,850 [INFO] ThirdParty:1030 - CMSIS Pack Vendor :emotas I-CUBE-CANOPEN 1.1.3
2025-06-14 13:38:53,850 [INFO] ThirdParty:1030 - CMSIS Pack Vendor :STMicroelectronics X-CUBE-BLEMGR 2.0.0
2025-06-14 13:38:53,850 [INFO] ThirdParty:1030 - CMSIS Pack Vendor :STMicroelectronics FP-SNS-FLIGHT1 5.0.2
2025-06-14 13:38:53,850 [INFO] ThirdParty:1030 - CMSIS Pack Vendor :STMicroelectronics X-CUBE-AI 9.0.0
2025-06-14 13:38:53,850 [INFO] ThirdParty:1030 - CMSIS Pack Vendor :STMicroelectronics X-CUBE-AZRTOS-H7 3.1.0
2025-06-14 13:38:53,850 [INFO] ThirdParty:1030 - CMSIS Pack Vendor :STMicroelectronics PDM2PCM 3.3.0
2025-06-14 13:38:53,850 [INFO] ThirdParty:1030 - CMSIS Pack Vendor :STMicroelectronics X-CUBE-DISPLAY 3.0.0
2025-06-14 13:38:53,850 [INFO] ThirdParty:1030 - CMSIS Pack Vendor :STMicroelectronics X-CUBE-BLE1 7.0.0
2025-06-14 13:38:53,850 [INFO] ThirdParty:1030 - CMSIS Pack Vendor :STMicroelectronics X-CUBE-FREERTOS 1.3.1
2025-06-14 13:38:53,850 [INFO] ThirdParty:1030 - CMSIS Pack Vendor :STMicroelectronics HAL Drivers 0.0.0
2025-06-14 13:38:53,850 [INFO] ThirdParty:1030 - CMSIS Pack Vendor :STMicroelectronics X-CUBE-NFC7 1.0.1
2025-06-14 13:38:53,850 [INFO] ThirdParty:1030 - CMSIS Pack Vendor :STMicroelectronics MBEDTLS 2.14.1
2025-06-14 13:38:53,850 [INFO] ThirdParty:1030 - CMSIS Pack Vendor :STMicroelectronics X-CUBE-NFC7 1.0.0
2025-06-14 13:38:53,850 [INFO] ThirdParty:1030 - CMSIS Pack Vendor :STMicroelectronics X-CUBE-NFC6 3.0.0
2025-06-14 13:38:53,850 [INFO] ThirdParty:1030 - CMSIS Pack Vendor :STMicroelectronics X-CUBE-EEPRMA1 4.1.0
2025-06-14 13:38:53,850 [INFO] ThirdParty:1030 - CMSIS Pack Vendor :STMicroelectronics X-CUBE-BLEMGR 3.1.0
2025-06-14 13:38:53,850 [INFO] ThirdParty:1030 - CMSIS Pack Vendor :STMicroelectronics FP-SNS-SMARTAG2 1.2.0
2025-06-14 13:38:53,850 [INFO] ThirdParty:1030 - CMSIS Pack Vendor :STMicroelectronics X-CUBE-AZRTOS-WL 2.0.0
2025-06-14 13:38:53,850 [INFO] ThirdParty:1030 - CMSIS Pack Vendor :STMicroelectronics FP-SNS-MOTENV1 5.0.0
2025-06-14 13:38:53,850 [INFO] ThirdParty:1030 - CMSIS Pack Vendor :STMicroelectronics USB_DEVICE 1.0.0
2025-06-14 13:38:53,850 [INFO] ThirdParty:1030 - CMSIS Pack Vendor :STMicroelectronics X-CUBE-AI 8.1.0
2025-06-14 13:38:53,850 [INFO] ThirdParty:1030 - CMSIS Pack Vendor :wolfSSL I-CUBE-wolfMQTT 1.19.0
2025-06-14 13:38:53,850 [INFO] ThirdParty:1030 - CMSIS Pack Vendor :STMicroelectronics X-CUBE-AZRTOS-L4 2.0.0
2025-06-14 13:38:53,850 [INFO] ThirdParty:1030 - CMSIS Pack Vendor :STMicroelectronics ThreadX 0.0.2
2025-06-14 13:38:53,850 [INFO] ThirdParty:1030 - CMSIS Pack Vendor :WES I-CUBE-Cesium 1.3.0
2025-06-14 13:38:53,851 [INFO] ThirdParty:1030 - CMSIS Pack Vendor :STMicroelectronics lwIP 2.1.2
2025-06-14 13:38:53,851 [INFO] ThirdParty:1030 - CMSIS Pack Vendor :STMicroelectronics X-CUBE-SFXS2LP1 4.0.0
2025-06-14 13:38:53,851 [INFO] ThirdParty:1030 - CMSIS Pack Vendor :STMicroelectronics X-CUBE-BLE2 3.3.0
2025-06-14 13:38:53,851 [INFO] ThirdParty:1030 - CMSIS Pack Vendor :STMicroelectronics PDM2PCM 3.2.0
2025-06-14 13:38:53,851 [INFO] ThirdParty:1030 - CMSIS Pack Vendor :STMicroelectronics X-CUBE-ISPU 1.1.0
2025-06-14 13:38:53,851 [INFO] ThirdParty:1030 - CMSIS Pack Vendor :STMicroelectronics X-CUBE-AZRTOS-H7 3.3.0
2025-06-14 13:38:53,851 [INFO] ThirdParty:1030 - CMSIS Pack Vendor :STMicroelectronics X-CUBE-BLE1 7.1.0
2025-06-14 13:38:53,851 [INFO] ThirdParty:1030 - CMSIS Pack Vendor :STMicroelectronics USB_DEVICE 3.0.0
2025-06-14 13:38:53,851 [INFO] ThirdParty:1030 - CMSIS Pack Vendor :STMicroelectronics X-CUBE-TCPP 4.1.0
2025-06-14 13:38:53,851 [INFO] ThirdParty:1030 - CMSIS Pack Vendor :STMicroelectronics X-CUBE-AZRTOS-WB 2.0.0
2025-06-14 13:38:53,851 [INFO] ThirdParty:1030 - CMSIS Pack Vendor :STMicroelectronics X-CUBE-FREERTOS 1.0.1
2025-06-14 13:38:53,851 [INFO] ThirdParty:1030 - CMSIS Pack Vendor :STMicroelectronics X-CUBE-GNSS1 7.0.0
2025-06-14 13:38:53,851 [INFO] ThirdParty:1030 - CMSIS Pack Vendor :STMicroelectronics X-CUBE-GNSS1 7.0.1
2025-06-14 13:38:53,851 [INFO] ThirdParty:1030 - CMSIS Pack Vendor :STMicroelectronics X-CUBE-TOUCHGFX 4.21.4
2025-06-14 13:38:53,851 [INFO] ThirdParty:1030 - CMSIS Pack Vendor :STMicroelectronics X-CUBE-TOUCHGFX 4.25.0
2025-06-14 13:38:53,851 [INFO] ThirdParty:1030 - CMSIS Pack Vendor :STMicroelectronics X-CUBE-AI 10.1.0
2025-06-14 13:38:53,851 [INFO] ThirdParty:1030 - CMSIS Pack Vendor :STMicroelectronics X-CUBE-ALGOBUILD 1.3.0
2025-06-14 13:38:53,851 [INFO] ThirdParty:1030 - CMSIS Pack Vendor :STMicroelectronics X-CUBE-AZRTOS-L5 1.1.0
2025-06-14 13:38:53,851 [INFO] ThirdParty:1030 - CMSIS Pack Vendor :STMicroelectronics X-CUBE-MEMS1 11.2.0
2025-06-14 13:38:53,851 [INFO] ThirdParty:1030 - CMSIS Pack Vendor :STMicroelectronics X-CUBE-AZRTOS-G0 1.1.0
2025-06-14 13:38:53,851 [INFO] ThirdParty:1030 - CMSIS Pack Vendor :STMicroelectronics X-CUBE-AI 8.0.1
2025-06-14 13:38:53,851 [INFO] ThirdParty:1030 - CMSIS Pack Vendor :STMicroelectronics X-CUBE-SAFEA1 1.2.2
2025-06-14 13:38:53,851 [INFO] ThirdParty:1030 - CMSIS Pack Vendor :STMicroelectronics X-CUBE-NFC4 3.0.0
2025-06-14 13:38:53,851 [INFO] ThirdParty:1030 - CMSIS Pack Vendor :STMicroelectronics X-CUBE-SUBG2 5.0.0
2025-06-14 13:38:53,851 [INFO] ThirdParty:1030 - CMSIS Pack Vendor :STMicroelectronics X-CUBE-AZRTOS-H7RS 1.1.0
2025-06-14 13:38:53,851 [INFO] ThirdParty:1030 - CMSIS Pack Vendor :STMicroelectronics STM32_WPAN 1.0.0
2025-06-14 13:38:53,851 [INFO] ThirdParty:1030 - CMSIS Pack Vendor :STMicroelectronics lwIP 2.0.3
2025-06-14 13:38:53,851 [INFO] ThirdParty:1030 - CMSIS Pack Vendor :Cesanta I-CUBE-Mongoose 7.13.0
2025-06-14 13:38:53,851 [INFO] ThirdParty:1030 - CMSIS Pack Vendor :STMicroelectronics USB_HOST 1.0.0
2025-06-14 13:38:53,851 [INFO] ThirdParty:1030 - CMSIS Pack Vendor :STMicroelectronics X-CUBE-AZRTOS-G4 2.0.0
2025-06-14 13:38:53,851 [INFO] ThirdParty:1030 - CMSIS Pack Vendor :STMicroelectronics X-CUBE-WB05N 2.0.0
2025-06-14 13:38:53,851 [INFO] ThirdParty:1030 - CMSIS Pack Vendor :STMicroelectronics PDM2PCM 3.1.0
2025-06-14 13:38:53,852 [INFO] ThirdParty:1030 - CMSIS Pack Vendor :STMicroelectronics X-CUBE-TOF1 3.3.0
2025-06-14 13:38:53,852 [INFO] ThirdParty:1030 - CMSIS Pack Vendor :Infineon AIROC-Wi-Fi-Bluetooth-STM32 1.5.1
2025-06-14 13:38:53,852 [INFO] ThirdParty:1030 - CMSIS Pack Vendor :STMicroelectronics X-CUBE-BLEMGR 3.0.0
2025-06-14 13:38:53,852 [INFO] ThirdParty:1030 - CMSIS Pack Vendor :wolfSSL I-CUBE-wolfTPM 3.8.0
2025-06-14 13:38:53,852 [INFO] ThirdParty:1030 - CMSIS Pack Vendor :wolfSSL I-CUBE-wolfSSH 1.4.20
2025-06-14 13:38:53,852 [INFO] ThirdParty:1030 - CMSIS Pack Vendor :STMicroelectronics X-CUBE-NFC7 2.0.0
2025-06-14 13:38:53,852 [INFO] ThirdParty:1030 - CMSIS Pack Vendor :STMicroelectronics FP-SNS-MOTENVWB1 1.3.1
2025-06-14 13:38:53,852 [INFO] ThirdParty:1030 - CMSIS Pack Vendor :STMicroelectronics FP-ATR-SIGFOX1 3.2.0
2025-06-14 13:38:53,852 [INFO] ThirdParty:1030 - CMSIS Pack Vendor :STMicroelectronics X-CUBE-ISPU 2.0.0
2025-06-14 13:38:53,852 [INFO] ThirdParty:1030 - CMSIS Pack Vendor :STMicroelectronics X-CUBE-EEPRMA1 5.1.0
2025-06-14 13:38:53,852 [INFO] ThirdParty:1030 - CMSIS Pack Vendor :STMicroelectronics MBEDTLS 2.16.2
2025-06-14 13:38:53,852 [INFO] ThirdParty:1030 - CMSIS Pack Vendor :STMicroelectronics X-CUBE-ALS 1.0.2
2025-06-14 13:38:53,852 [INFO] ThirdParty:1030 - CMSIS Pack Vendor :STMicroelectronics X-CUBE-MEMS1 10.0.0
2025-06-14 13:38:53,852 [INFO] ThirdParty:1030 - CMSIS Pack Vendor :STMicroelectronics X-CUBE-FREERTOS 1.1.0
2025-06-14 13:38:53,852 [INFO] ThirdParty:1030 - CMSIS Pack Vendor :STMicroelectronics X-CUBE-TOUCHGFX 4.24.0
2025-06-14 13:38:53,852 [INFO] ThirdParty:1030 - CMSIS Pack Vendor :STMicroelectronics X-CUBE-TOUCHGFX 4.24.1
2025-06-14 13:38:53,852 [INFO] ThirdParty:1030 - CMSIS Pack Vendor :portGmbH I-Cube-SoM-uGOAL 1.1.0
2025-06-14 13:38:53,852 [INFO] ThirdParty:1030 - CMSIS Pack Vendor :STMicroelectronics X-CUBE-ALS 1.0.1
2025-06-14 13:38:53,852 [INFO] ThirdParty:1030 - CMSIS Pack Vendor :STMicroelectronics ThreadX 1.0.0
2025-06-14 13:38:53,852 [INFO] ThirdParty:1030 - CMSIS Pack Vendor :STMicroelectronics X-CUBE-AZRTOS-WB 1.1.0
2025-06-14 13:38:53,852 [INFO] ThirdParty:1030 - CMSIS Pack Vendor :SEGGER I-CUBE-embOS 1.3.1
2025-06-14 13:38:53,852 [INFO] ThirdParty:1030 - CMSIS Pack Vendor :STMicroelectronics X-CUBE-ALGOBUILD 1.4.0
2025-06-14 13:38:53,852 [INFO] ThirdParty:1030 - CMSIS Pack Vendor :STMicroelectronics X-CUBE-MEMS1 11.3.0
2025-06-14 13:38:53,852 [INFO] ThirdParty:1030 - CMSIS Pack Vendor :STMicroelectronics X-CUBE-AZRTOS-H7RS 1.0.0
2025-06-14 13:38:53,853 [INFO] ThirdParty:1030 - CMSIS Pack Vendor :STMicroelectronics FP-ATR-ASTRA1 2.0.0
2025-06-14 13:38:53,853 [INFO] ThirdParty:1030 - CMSIS Pack Vendor :STMicroelectronics X-CUBE-AI 9.1.0
2025-06-14 13:38:53,853 [INFO] ThirdParty:1030 - CMSIS Pack Vendor :STMicroelectronics X-CUBE-TOF1 3.4.0
2025-06-14 13:38:53,853 [INFO] ThirdParty:1030 - CMSIS Pack Vendor :STMicroelectronics X-CUBE-TOF1 3.4.1
2025-06-14 13:38:53,853 [INFO] ThirdParty:1030 - CMSIS Pack Vendor :STMicroelectronics X-CUBE-AZRTOS-H7 3.2.0
2025-06-14 13:38:53,853 [INFO] ThirdParty:841 - exiting critical section [change project]
2025-06-14 13:38:54,158 [INFO] PinOutPanel:1499 - setPackage(No Configuration,No Configuration)
2025-06-14 13:38:54,159 [INFO] PinOutPanel:1499 - setPackage(STM32F411CEUx,UFQFPN48)
2025-06-14 13:38:54,652 [INFO] UtilMem:75 - Before build in PCC Used Memory: 694744640 Bytes (742391808)
2025-06-14 13:38:55,462 [INFO] UtilMem:75 - After build in PCC Used Memory: 673079256 Bytes (742391808)
2025-06-14 13:38:55,560 [INFO] ApiDbMcu:507 - Load IP Config File for USB_DEVICE
2025-06-14 13:38:55,620 [INFO] IPUIPlugin:80 - create IPUIPlugin
2025-06-14 13:38:55,621 [INFO] IPUIPlugin:80 - create IPUIPlugin
2025-06-14 13:38:55,621 [INFO] IPUIPlugin:80 - create IPUIPlugin
2025-06-14 13:38:55,621 [INFO] IPUIPlugin:80 - create IPUIPlugin
2025-06-14 13:38:55,621 [INFO] IPUIPlugin:80 - create IPUIPlugin
2025-06-14 13:38:55,621 [INFO] IPUIPlugin:80 - create IPUIPlugin
2025-06-14 13:38:55,622 [INFO] IPUIPlugin:80 - create IPUIPlugin
2025-06-14 13:38:55,622 [INFO] IPUIPlugin:80 - create IPUIPlugin
2025-06-14 13:38:55,622 [INFO] IPUIPlugin:80 - create IPUIPlugin
2025-06-14 13:38:55,622 [INFO] IPUIPlugin:80 - create IPUIPlugin
2025-06-14 13:38:55,622 [INFO] IPUIPlugin:80 - create IPUIPlugin
2025-06-14 13:38:55,622 [INFO] IPUIPlugin:80 - create IPUIPlugin
2025-06-14 13:38:55,623 [INFO] IPUIPlugin:80 - create IPUIPlugin
2025-06-14 13:38:55,623 [INFO] IPUIPlugin:80 - create IPUIPlugin
2025-06-14 13:38:55,623 [INFO] IPUIPlugin:80 - create IPUIPlugin
2025-06-14 13:38:55,623 [INFO] IPUIPlugin:80 - create IPUIPlugin
2025-06-14 13:38:55,623 [INFO] IPUIPlugin:80 - create IPUIPlugin
2025-06-14 13:38:55,624 [INFO] IPUIPlugin:80 - create IPUIPlugin
2025-06-14 13:38:55,624 [INFO] IPUIPlugin:80 - create IPUIPlugin
2025-06-14 13:38:55,624 [INFO] IPUIPlugin:80 - create IPUIPlugin
2025-06-14 13:38:55,624 [INFO] IPUIPlugin:80 - create IPUIPlugin
2025-06-14 13:38:55,625 [INFO] IPUIPlugin:80 - create IPUIPlugin
2025-06-14 13:38:55,625 [INFO] IPUIPlugin:80 - create IPUIPlugin
2025-06-14 13:38:55,625 [INFO] IPUIPlugin:80 - create IPUIPlugin
2025-06-14 13:38:55,626 [INFO] IPUIPlugin:80 - create IPUIPlugin
2025-06-14 13:38:55,626 [INFO] IPUIPlugin:80 - create IPUIPlugin
2025-06-14 13:38:55,626 [INFO] IPUIPlugin:80 - create IPUIPlugin
2025-06-14 13:38:55,626 [INFO] IPUIPlugin:80 - create IPUIPlugin
2025-06-14 13:38:55,627 [INFO] IPUIPlugin:80 - create IPUIPlugin
2025-06-14 13:38:55,627 [INFO] IPUIPlugin:80 - create IPUIPlugin
2025-06-14 13:38:55,627 [INFO] IPUIPlugin:80 - create IPUIPlugin
2025-06-14 13:38:55,628 [INFO] IPUIPlugin:80 - create IPUIPlugin
2025-06-14 13:38:55,628 [INFO] IPUIPlugin:80 - create IPUIPlugin
2025-06-14 13:38:55,628 [INFO] IPUIPlugin:80 - create IPUIPlugin
2025-06-14 13:38:55,628 [INFO] IPUIPlugin:80 - create IPUIPlugin
2025-06-14 13:38:55,628 [INFO] IPUIPlugin:80 - create IPUIPlugin
2025-06-14 13:38:55,629 [INFO] IPUIPlugin:80 - create IPUIPlugin
2025-06-14 13:38:55,629 [INFO] IPUIPlugin:80 - create IPUIPlugin
2025-06-14 13:38:55,629 [INFO] IPUIPlugin:80 - create IPUIPlugin
2025-06-14 13:38:55,629 [INFO] IPUIPlugin:80 - create IPUIPlugin
2025-06-14 13:38:55,629 [INFO] IPUIPlugin:80 - create IPUIPlugin
2025-06-14 13:38:55,630 [INFO] IPUIPlugin:80 - create IPUIPlugin
2025-06-14 13:38:55,630 [INFO] IPUIPlugin:80 - create IPUIPlugin
2025-06-14 13:38:55,655 [INFO] ApiDbMcu:507 - Load IP Config File for PDM2PCM
2025-06-14 13:38:55,670 [WARN] IP:2113 - I2C_Coeff_DF not found: check if there is a RefParameter without a condition.
2025-06-14 13:38:55,670 [WARN] IP:2113 - Analog_Filter not found: check if there is a RefParameter without a condition.
2025-06-14 13:38:55,869 [INFO] CADModel:165 - CPN selected for project levelSTM32F411CEU6
2025-06-14 13:38:55,869 [INFO] CADModel:114 - Register for checkConnection events
2025-06-14 13:38:55,928 [INFO] OpenFileManager:328 - Restore cursor
2025-06-14 13:38:56,044 [WARN] IP:2113 - DEVICE_SERIAL0_CDC_FS not found: check if there is a RefParameter without a condition.
2025-06-14 13:38:56,044 [WARN] IP:2113 - DEVICE_SERIAL1_CDC_FS not found: check if there is a RefParameter without a condition.
2025-06-14 13:38:56,044 [WARN] IP:2113 - DEVICE_SERIAL2_CDC_FS not found: check if there is a RefParameter without a condition.
2025-06-14 13:38:56,045 [WARN] IP:2113 - DEVICE_SERIAL0_CDC_FS not found: check if there is a RefParameter without a condition.
2025-06-14 13:38:56,045 [WARN] IP:2113 - DEVICE_SERIAL1_CDC_FS not found: check if there is a RefParameter without a condition.
2025-06-14 13:38:56,045 [WARN] IP:2113 - DEVICE_SERIAL2_CDC_FS not found: check if there is a RefParameter without a condition.
2025-06-14 13:38:56,072 [WARN] IP:2113 - I2C_Coeff_DF not found: check if there is a RefParameter without a condition.
2025-06-14 13:38:56,072 [WARN] IP:2113 - Analog_Filter not found: check if there is a RefParameter without a condition.
2025-06-14 13:38:56,073 [WARN] IP:2113 - I2C_Coeff_DF not found: check if there is a RefParameter without a condition.
2025-06-14 13:38:56,073 [WARN] IP:2113 - Analog_Filter not found: check if there is a RefParameter without a condition.
2025-06-14 13:39:17,411 [INFO] UtilMem:75 - End SaveConfig() Used Memory: 679009136 Bytes (742391808)
2025-06-14 13:39:18,630 [INFO] UtilMem:75 - End SaveConfig() Used Memory: 688665104 Bytes (742391808)
2025-06-14 13:39:21,474 [INFO] UtilMem:75 - End SaveConfig() Used Memory: 693299168 Bytes (742391808)
2025-06-14 13:39:22,031 [INFO] BlockDiagram:2759 - set Specific Code input for plugin: USB_OTG_FS
2025-06-14 13:39:22,031 [INFO] BlockDiagram:2759 - set Specific Code input for plugin: NVIC
2025-06-14 13:39:22,031 [INFO] BlockDiagram:2759 - set Specific Code input for plugin: USART
2025-06-14 13:39:22,031 [INFO] BlockDiagram:2759 - set Specific Code input for plugin: USB_DEVICE
2025-06-14 13:39:22,031 [INFO] BlockDiagram:2759 - set Specific Code input for plugin: SYS
2025-06-14 13:39:22,032 [INFO] BlockDiagram:2759 - set Specific Code input for plugin: GPIO
2025-06-14 13:39:22,032 [INFO] BlockDiagram:2759 - set Specific Code input for plugin: RCC
2025-06-14 13:39:22,032 [INFO] BlockDiagram:2759 - set Specific Code input for plugin: I2C
2025-06-14 13:39:22,034 [INFO] CodeGenerator:793 - code generatio: config db path: C:\ST\STM32CubeIDE_1.12.1\STM32CubeIDE\plugins\com.st.stm32cube.common.mx_6.8.1.202304191431\\db\
2025-06-14 13:39:22,042 [WARN] IP:2113 - I2C_Coeff_DF not found: check if there is a RefParameter without a condition.
2025-06-14 13:39:22,042 [WARN] IP:2113 - Analog_Filter not found: check if there is a RefParameter without a condition.
2025-06-14 13:39:22,053 [WARN] IP:2113 - DEVICE_SERIAL0_CDC_FS not found: check if there is a RefParameter without a condition.
2025-06-14 13:39:22,054 [WARN] IP:2113 - DEVICE_SERIAL1_CDC_FS not found: check if there is a RefParameter without a condition.
2025-06-14 13:39:22,054 [WARN] IP:2113 - DEVICE_SERIAL2_CDC_FS not found: check if there is a RefParameter without a condition.
2025-06-14 13:39:22,361 [INFO] CodeEngine:255 - oldGeneratedFile, C:\Users\LEGION\Documents\College\Skripsi\EKF-SOC-Hardware\Firmware\EKF_SOC_Firmware\MXTmpFiles\license.tmp_save
2025-06-14 13:39:22,674 [INFO] CodeEngine:279 - Generated code: C:\Users\LEGION\Documents\College\Skripsi\EKF-SOC-Hardware\Firmware\EKF_SOC_Firmware\MXTmpFiles\license.tmp
2025-06-14 13:39:22,785 [INFO] CodeEngine:255 - oldGeneratedFile, C:\Users\LEGION\Documents\College\Skripsi\EKF-SOC-Hardware\Firmware\EKF_SOC_Firmware\Core\Src\gpio.c_save
2025-06-14 13:39:22,963 [INFO] CodeEngine:279 - Generated code: C:\Users\LEGION\Documents\College\Skripsi\EKF-SOC-Hardware\Firmware\EKF_SOC_Firmware\Core\Src\gpio.c
2025-06-14 13:39:22,996 [INFO] CodeEngine:255 - oldGeneratedFile, C:\Users\LEGION\Documents\College\Skripsi\EKF-SOC-Hardware\Firmware\EKF_SOC_Firmware\Core\Inc\gpio.h_save
2025-06-14 13:39:23,107 [INFO] CodeEngine:279 - Generated code: C:\Users\LEGION\Documents\College\Skripsi\EKF-SOC-Hardware\Firmware\EKF_SOC_Firmware\Core\Inc\gpio.h
2025-06-14 13:39:23,206 [WARN] IPConfigManager:2937 - Warning: the RefConfig PWREx_EnableUSBVoltageDetector is not available in your config.xml file
2025-06-14 13:39:23,227 [INFO] CodeEngine:255 - oldGeneratedFile, C:\Users\LEGION\Documents\College\Skripsi\EKF-SOC-Hardware\Firmware\EKF_SOC_Firmware\MXTmpFiles\usb_otg_fs_vars.tmp_save
2025-06-14 13:39:23,311 [INFO] CodeEngine:279 - Generated code: C:\Users\LEGION\Documents\College\Skripsi\EKF-SOC-Hardware\Firmware\EKF_SOC_Firmware\MXTmpFiles\usb_otg_fs_vars.tmp
2025-06-14 13:39:23,331 [INFO] CodeEngine:255 - oldGeneratedFile, C:\Users\LEGION\Documents\College\Skripsi\EKF-SOC-Hardware\Firmware\EKF_SOC_Firmware\MXTmpFiles\usb_otg_fs_inc.tmp_save
2025-06-14 13:39:23,396 [INFO] CodeEngine:279 - Generated code: C:\Users\LEGION\Documents\College\Skripsi\EKF-SOC-Hardware\Firmware\EKF_SOC_Firmware\MXTmpFiles\usb_otg_fs_inc.tmp
2025-06-14 13:39:23,415 [INFO] CodeEngine:255 - oldGeneratedFile, C:\Users\LEGION\Documents\College\Skripsi\EKF-SOC-Hardware\Firmware\EKF_SOC_Firmware\MXTmpFiles\usb_otg_fs_HalInit.tmp_save
2025-06-14 13:39:23,525 [INFO] CodeEngine:279 - Generated code: C:\Users\LEGION\Documents\College\Skripsi\EKF-SOC-Hardware\Firmware\EKF_SOC_Firmware\MXTmpFiles\usb_otg_fs_HalInit.tmp
2025-06-14 13:39:23,542 [INFO] CodeEngine:255 - oldGeneratedFile, C:\Users\LEGION\Documents\College\Skripsi\EKF-SOC-Hardware\Firmware\EKF_SOC_Firmware\MXTmpFiles\usb_otg_fs_Msp.tmp_save
2025-06-14 13:39:23,641 [INFO] CodeEngine:279 - Generated code: C:\Users\LEGION\Documents\College\Skripsi\EKF-SOC-Hardware\Firmware\EKF_SOC_Firmware\MXTmpFiles\usb_otg_fs_Msp.tmp
2025-06-14 13:39:23,861 [INFO] Middleware:1439 - No code input for Bsp Dependency
2025-06-14 13:39:23,891 [INFO] CodeEngine:255 - oldGeneratedFile, C:\Users\LEGION\Documents\College\Skripsi\EKF-SOC-Hardware\Firmware\EKF_SOC_Firmware\Core\Src\i2c.c_save
2025-06-14 13:39:24,011 [INFO] CodeEngine:279 - Generated code: C:\Users\LEGION\Documents\College\Skripsi\EKF-SOC-Hardware\Firmware\EKF_SOC_Firmware\Core\Src\i2c.c
2025-06-14 13:39:24,034 [INFO] CodeEngine:255 - oldGeneratedFile, C:\Users\LEGION\Documents\College\Skripsi\EKF-SOC-Hardware\Firmware\EKF_SOC_Firmware\Core\Inc\i2c.h_save
2025-06-14 13:39:24,115 [INFO] CodeEngine:279 - Generated code: C:\Users\LEGION\Documents\College\Skripsi\EKF-SOC-Hardware\Firmware\EKF_SOC_Firmware\Core\Inc\i2c.h
2025-06-14 13:39:24,134 [INFO] CodeEngine:255 - oldGeneratedFile, C:\Users\LEGION\Documents\College\Skripsi\EKF-SOC-Hardware\Firmware\EKF_SOC_Firmware\Core\Src\usart.c_save
2025-06-14 13:39:24,222 [INFO] CodeEngine:279 - Generated code: C:\Users\LEGION\Documents\College\Skripsi\EKF-SOC-Hardware\Firmware\EKF_SOC_Firmware\Core\Src\usart.c
2025-06-14 13:39:24,227 [INFO] CodeEngine:255 - oldGeneratedFile, C:\Users\LEGION\Documents\College\Skripsi\EKF-SOC-Hardware\Firmware\EKF_SOC_Firmware\Core\Inc\usart.h_save
2025-06-14 13:39:24,298 [INFO] CodeEngine:279 - Generated code: C:\Users\LEGION\Documents\College\Skripsi\EKF-SOC-Hardware\Firmware\EKF_SOC_Firmware\Core\Inc\usart.h
2025-06-14 13:39:24,314 [INFO] Middleware:1439 - No code input for Bsp Dependency
2025-06-14 13:39:24,338 [INFO] CodeEngine:255 - oldGeneratedFile, C:\Users\LEGION\Documents\College\Skripsi\EKF-SOC-Hardware\Firmware\EKF_SOC_Firmware\USB_DEVICE\App\usb_device.c_save
2025-06-14 13:39:24,417 [INFO] CodeEngine:279 - Generated code: C:\Users\LEGION\Documents\College\Skripsi\EKF-SOC-Hardware\Firmware\EKF_SOC_Firmware\USB_DEVICE\App\usb_device.c
2025-06-14 13:39:24,444 [INFO] CodeEngine:255 - oldGeneratedFile, C:\Users\LEGION\Documents\College\Skripsi\EKF-SOC-Hardware\Firmware\EKF_SOC_Firmware\USB_DEVICE\App\usb_device.h_save
2025-06-14 13:39:24,512 [INFO] CodeEngine:279 - Generated code: C:\Users\LEGION\Documents\College\Skripsi\EKF-SOC-Hardware\Firmware\EKF_SOC_Firmware\USB_DEVICE\App\usb_device.h
2025-06-14 13:39:24,535 [INFO] CodeEngine:255 - oldGeneratedFile, C:\Users\LEGION\Documents\College\Skripsi\EKF-SOC-Hardware\Firmware\EKF_SOC_Firmware\USB_DEVICE\Target\usbd_conf.h_save
2025-06-14 13:39:24,608 [INFO] CodeEngine:279 - Generated code: C:\Users\LEGION\Documents\College\Skripsi\EKF-SOC-Hardware\Firmware\EKF_SOC_Firmware\USB_DEVICE\Target\usbd_conf.h
2025-06-14 13:39:24,628 [INFO] CodeEngine:255 - oldGeneratedFile, C:\Users\LEGION\Documents\College\Skripsi\EKF-SOC-Hardware\Firmware\EKF_SOC_Firmware\USB_DEVICE\Target\usbd_conf.c_save
2025-06-14 13:39:24,721 [INFO] CodeEngine:279 - Generated code: C:\Users\LEGION\Documents\College\Skripsi\EKF-SOC-Hardware\Firmware\EKF_SOC_Firmware\USB_DEVICE\Target\usbd_conf.c
2025-06-14 13:39:24,742 [INFO] CodeEngine:255 - oldGeneratedFile, C:\Users\LEGION\Documents\College\Skripsi\EKF-SOC-Hardware\Firmware\EKF_SOC_Firmware\USB_DEVICE\App\usbd_desc.h_save
2025-06-14 13:39:24,806 [INFO] CodeEngine:279 - Generated code: C:\Users\LEGION\Documents\College\Skripsi\EKF-SOC-Hardware\Firmware\EKF_SOC_Firmware\USB_DEVICE\App\usbd_desc.h
2025-06-14 13:39:24,827 [INFO] CodeEngine:255 - oldGeneratedFile, C:\Users\LEGION\Documents\College\Skripsi\EKF-SOC-Hardware\Firmware\EKF_SOC_Firmware\USB_DEVICE\App\usbd_desc.c_save
2025-06-14 13:39:24,904 [INFO] CodeEngine:279 - Generated code: C:\Users\LEGION\Documents\College\Skripsi\EKF-SOC-Hardware\Firmware\EKF_SOC_Firmware\USB_DEVICE\App\usbd_desc.c
2025-06-14 13:39:24,925 [INFO] CodeEngine:255 - oldGeneratedFile, C:\Users\LEGION\Documents\College\Skripsi\EKF-SOC-Hardware\Firmware\EKF_SOC_Firmware\USB_DEVICE\App\usbd_cdc_if.h_save
2025-06-14 13:39:24,989 [INFO] CodeEngine:279 - Generated code: C:\Users\LEGION\Documents\College\Skripsi\EKF-SOC-Hardware\Firmware\EKF_SOC_Firmware\USB_DEVICE\App\usbd_cdc_if.h
2025-06-14 13:39:25,010 [INFO] CodeEngine:255 - oldGeneratedFile, C:\Users\LEGION\Documents\College\Skripsi\EKF-SOC-Hardware\Firmware\EKF_SOC_Firmware\USB_DEVICE\App\usbd_cdc_if.c_save
2025-06-14 13:39:25,096 [INFO] CodeEngine:279 - Generated code: C:\Users\LEGION\Documents\College\Skripsi\EKF-SOC-Hardware\Firmware\EKF_SOC_Firmware\USB_DEVICE\App\usbd_cdc_if.c
2025-06-14 13:39:25,124 [INFO] CodeEngine:255 - oldGeneratedFile, C:\Users\LEGION\Documents\College\Skripsi\EKF-SOC-Hardware\Firmware\EKF_SOC_Firmware\Core\Src\stm32f4xx_it.c_save
2025-06-14 13:39:25,212 [INFO] CodeEngine:279 - Generated code: C:\Users\LEGION\Documents\College\Skripsi\EKF-SOC-Hardware\Firmware\EKF_SOC_Firmware\Core\Src\stm32f4xx_it.c
2025-06-14 13:39:25,233 [INFO] CodeEngine:255 - oldGeneratedFile, C:\Users\LEGION\Documents\College\Skripsi\EKF-SOC-Hardware\Firmware\EKF_SOC_Firmware\Core\Inc\stm32f4xx_it.h_save
2025-06-14 13:39:25,323 [INFO] CodeEngine:279 - Generated code: C:\Users\LEGION\Documents\College\Skripsi\EKF-SOC-Hardware\Firmware\EKF_SOC_Firmware\Core\Inc\stm32f4xx_it.h
2025-06-14 13:39:25,352 [INFO] CodeEngine:255 - oldGeneratedFile, C:\Users\LEGION\Documents\College\Skripsi\EKF-SOC-Hardware\Firmware\EKF_SOC_Firmware\Core\Src\stm32f4xx_hal_msp.c_save
2025-06-14 13:39:25,449 [INFO] CodeEngine:279 - Generated code: C:\Users\LEGION\Documents\College\Skripsi\EKF-SOC-Hardware\Firmware\EKF_SOC_Firmware\Core\Src\stm32f4xx_hal_msp.c
2025-06-14 13:39:25,462 [INFO] CodeEngine:255 - oldGeneratedFile, C:\Users\LEGION\Documents\College\Skripsi\EKF-SOC-Hardware\Firmware\EKF_SOC_Firmware\MXTmpFiles\system.tmp_save
2025-06-14 13:39:25,526 [INFO] CodeEngine:279 - Generated code: C:\Users\LEGION\Documents\College\Skripsi\EKF-SOC-Hardware\Firmware\EKF_SOC_Firmware\MXTmpFiles\system.tmp
2025-06-14 13:39:25,549 [INFO] CodeEngine:311 - oldGeneratedFile, C:\Users\LEGION\Documents\College\Skripsi\EKF-SOC-Hardware\Firmware\EKF_SOC_Firmware\Core\Inc\stm32f4xx_hal_conf.h_save
2025-06-14 13:39:25,629 [INFO] CodeEngine:335 - Generated code: C:\Users\LEGION\Documents\College\Skripsi\EKF-SOC-Hardware\Firmware\EKF_SOC_Firmware\Core\Inc\stm32f4xx_hal_conf.h
2025-06-14 13:39:25,682 [INFO] CodeEngine:255 - oldGeneratedFile, C:\Users\LEGION\Documents\College\Skripsi\EKF-SOC-Hardware\Firmware\EKF_SOC_Firmware\Core\Inc\main.h_save
2025-06-14 13:39:25,780 [INFO] CodeEngine:279 - Generated code: C:\Users\LEGION\Documents\College\Skripsi\EKF-SOC-Hardware\Firmware\EKF_SOC_Firmware\Core\Inc\main.h
2025-06-14 13:39:25,807 [INFO] CodeEngine:255 - oldGeneratedFile, C:\Users\LEGION\Documents\College\Skripsi\EKF-SOC-Hardware\Firmware\EKF_SOC_Firmware\Core\Src\main.c_save
2025-06-14 13:39:25,925 [INFO] CodeEngine:279 - Generated code: C:\Users\LEGION\Documents\College\Skripsi\EKF-SOC-Hardware\Firmware\EKF_SOC_Firmware\Core\Src\main.c
2025-06-14 13:39:26,616 [INFO] ProjectBuilder:2996 - Time for Copy HAL[1] : 248mS.
2025-06-14 13:39:26,630 [INFO] ProjectBuilder:4304 - Project Generator version: 3.19.2
2025-06-14 13:39:26,872 [INFO] ConfigFileManager:1483 - The Die is : DIE431
2025-06-14 13:39:26,886 [INFO] ApiDbMcu:507 - Load IP Config File for FATFS
2025-06-14 13:39:26,899 [INFO] ApiDbMcu:507 - Load IP Config File for FREERTOS
2025-06-14 13:39:26,910 [INFO] ApiDbMcu:507 - Load IP Config File for LIBJPEG
2025-06-14 13:39:26,923 [INFO] ApiDbMcu:507 - Load IP Config File for MBEDTLS
2025-06-14 13:39:26,936 [INFO] ApiDbMcu:507 - Load IP Config File for USB_HOST
2025-06-14 13:39:27,984 [INFO] LogOutputStream:77 - [STDOUT_REDIRECT] 
2025-06-14 13:39:29,530 [INFO] ProjectBuilder:4505 - Time for Generating toolchain IDE Files: 2900mS.
2025-06-14 13:39:29,531 [INFO] ProjectBuilder:2867 - Time for Copy CMSIS : 1mS.
2025-06-14 13:39:29,536 [INFO] ProjectBuilder:2867 - Time for Copy CMSIS : 0mS.
2025-06-14 14:01:25,840 [ERROR] ConfigurationRetriever:142 - IOException on connection: Read timed out
